# Deterministic measurements quoted in ../README.md, as the scripts printed them (2026-09-28).
# bytes_per_iter.jl <variant> <model> 20: KB and allocations per iteration, setup MB and allocations
# Q is the prototype set before Q5 (the mutable MessageMapping); Q5 after it.
variant	model	KB_per_iter	allocs_per_iter	setup_MB	setup_allocs
v6	iid	722.2	21040	20.29	419420
FULLT	iid	945.3	21022	25.16	540250
Q	iid	945.1	21016	22.53	469136
Q5	iid	785.1	21016	21.26	469136
v6	gmm	1905.4	48605	32.92	601885
FULLT	gmm	1951.3	40563	44.78	917386
Q	gmm	1926.7	39048	35.94	703834
Q5	gmm	1510.7	39048	33.47	703834
v6	hmm	2707.8	58334	17.57	345591
FULLT	hmm	3364.0	69408	20.99	455006
Q	hmm	3344.5	68499	18.98	403758
Q5	hmm	3224.5	68499	18.07	403758
# sizes.jl: sizeof of the types a VMP NormalMeanPrecision node emits with, in bytes
variant	FactorNode	MessageMapping	closure	DeferredMessage
v6	64	64	64	72
FULLT	64	88	88	96
Q	72	96	96	104
Q5	72	96	8	16
# live_heap.jl: minimum full-GC time, empty and with the model's result kept alive, and the live bytes it adds
variant	model	fullgc_ms_empty	fullgc_ms_model	live_MB_model
v6	iid@10000	56.41	114.17	100.95
FULLT	iid@10000	61.41	114.05	106.27
Q	iid@10000	60.30	109.58	107.07
v6	ssm1@10000	63.82	178.00	198.20
FULLT	ssm1@10000	66.85	173.40	201.88
Q	ssm1@10000	67.20	169.58	204.92
# jit_heap.jl: minimum full-GC time after loading, and after the first inference
variant	model	fullgc_ms_loaded	fullgc_ms_after_first_inference	live_MB_loaded	live_MB_after
v6	iid	31.45	54.50	31.8	57.5
FULLT	iid	29.93	56.99	30.0	60.6
# bench_setup_micro.jl (indicative time; allocations exact): ns per node, min over 15 samples of 1000 nodes
variant	case	min_ns	allocs	bytes
FULLT	create/NMV (out, μ, v) BP	3431.8	75.0	3345.8
Q	create/NMV (out, μ, v) BP	714.2	30.0	1537.8
FULLT	create/NormalMixture MF	10314.1	260.0	11634.9
Q	create/NormalMixture MF	1475.1	79.0	4003.3
FULLT	activate/NMV (out, μ, v) BP	5491.7	164.0	6976.0
Q	activate/NMV (out, μ, v) BP	4938.0	136.0	6288.0
FULLT	activate/NormalMixture MF	18362.7	358.0	24560.0
Q	activate/NormalMixture MF	12026.5	173.0	16640.0
Q+barrier (rejected)	activate/NMV (out, μ, v) BP	5708.0	122.0	5856.0
