RP9args	run1	ssm1	-1	0	1.7161071300506592	0	0	0	0	0	0	0
RP9args	run1	ssm1	0	0	10.629784958	10.626396875	0.287448376	2892119456	10	1	0.006555084	2.9658203125
RP9args	run1	ssm1	1	1	0.044188708	0.0422065	0.0	53636992	0	0	0.006292833	2.75146484375
RP9args	run1	ssm1	1	2	0.044480833	0.042519375	0.0	53636992	0	0	0.006232417	2.75146484375
RP9args	run1	ssm1	1	3	0.044041833	0.042133875	0.0	53636992	0	0	0.006222583	2.75146484375
RP9args	run1	ssm1	1	4	0.044713916	0.042735625	0.0	53636992	0	0	0.006207792	2.75146484375
RP9args	run1	ssm1	1	5	0.04487275	0.042919166	0.0	53636992	0	0	0.006212833	2.75146484375
RP9args	run1	ssm1	1	6	0.044981792	0.042993	0.0	53636992	0	0	0.006167333	2.75146484375
RP9args	run1	ssm1	1	7	0.048036	0.046017667	0.0	53636992	0	0	0.006425459	2.75146484375
R	run1	ssm1	-1	0	1.4780151844024658	0	0	0	0	0	0	0
R	run1	ssm1	0	0	10.60680375	10.603597792	0.29197496	2891304736	10	1	0.006192333	2.69091796875
R	run1	ssm1	1	1	0.047386	0.04543175	0.0	54517360	0	0	0.006109375	2.8115234375
R	run1	ssm1	1	2	0.046323458	0.044317708	0.0	54517360	0	0	0.006117209	2.8115234375
R	run1	ssm1	1	3	0.045058083	0.043098458	0.0	54517360	0	0	0.006266042	2.8115234375
R	run1	ssm1	1	4	0.046550417	0.044609584	0.0	54517360	0	0	0.006499208	2.8115234375
R	run1	ssm1	1	5	0.0478645	0.045897791	0.0	54517360	0	0	0.006193958	2.8115234375
R	run1	ssm1	1	6	0.04685825	0.04487025	0.0	54517360	0	0	0.006414333	2.8115234375
R	run1	ssm1	1	7	0.046414625	0.044424417	0.0	54517360	0	0	0.006337333	2.8115234375
RnoP9	run1	ssm1	-1	0	1.5419220924377441	0	0	0	0	0	0	0
RnoP9	run1	ssm1	0	0	10.16054425	10.158702792	0.270698542	2790537840	9	1	0.006297083	2.68603515625
RnoP9	run1	ssm1	1	1	0.042433709	0.041925292	0.0	53614192	0	0	0.006264958	2.580078125
RnoP9	run1	ssm1	1	2	0.042266833	0.041741125	0.0	53614192	0	0	0.006151083	2.580078125
RnoP9	run1	ssm1	1	3	0.042949833	0.042406	0.0	53614192	0	0	0.006220917	2.580078125
RnoP9	run1	ssm1	1	4	0.045305792	0.044762791	0.0	53614192	0	0	0.006125	2.580078125
RnoP9	run1	ssm1	1	5	0.042371375	0.041814417	0.0	53614192	0	0	0.006259875	2.580078125
RnoP9	run1	ssm1	1	6	0.043147084	0.042562792	0.0	53614192	0	0	0.006196708	2.580078125
RnoP9	run1	ssm1	1	7	0.043262583	0.042674916	0.0	53614192	0	0	0.006453208	2.580078125
R	run2	ssm1	-1	0	1.479053020477295	0	0	0	0	0	0	0
R	run2	ssm1	0	0	10.509901208	10.506682084	0.288133457	2891240128	10	1	0.006130208	2.650390625
R	run2	ssm1	1	1	0.049634958	0.047667125	0.0	54517360	0	0	0.006200542	2.77099609375
R	run2	ssm1	1	2	0.049555167	0.047595917	0.0	54517360	0	0	0.006424084	2.77099609375
R	run2	ssm1	1	3	0.050978834	0.049017458	0.0	54517360	0	0	0.006430125	2.77099609375
R	run2	ssm1	1	4	0.04513825	0.0432175	0.0	54517360	0	0	0.006066083	2.77099609375
R	run2	ssm1	1	5	0.046835208	0.0448635	0.0	54517360	0	0	0.006229083	2.77099609375
R	run2	ssm1	1	6	0.045979625	0.043997708	0.0	54517360	0	0	0.006193833	2.77099609375
R	run2	ssm1	1	7	0.046595667	0.04464075	0.0	54517360	0	0	0.00613125	2.77099609375
RnoP9	run2	ssm1	-1	0	1.4722900390625	0	0	0	0	0	0	0
RnoP9	run2	ssm1	0	0	10.181788583	10.179862541	0.271857748	2790501632	9	1	0.006326084	2.7890625
RnoP9	run2	ssm1	1	1	0.042496459	0.041955917	0.0	53614192	0	0	0.00618625	2.74072265625
RnoP9	run2	ssm1	1	2	0.045143792	0.044612875	0.0	53614192	0	0	0.006364916	2.74072265625
RnoP9	run2	ssm1	1	3	0.04397325	0.04344725	0.0	53614192	0	0	0.006199541	2.74072265625
RnoP9	run2	ssm1	1	4	0.045041916	0.044494125	0.0	53614192	0	0	0.006283792	2.74072265625
RnoP9	run2	ssm1	1	5	0.043474584	0.042928334	0.0	53614192	0	0	0.006128	2.74072265625
RnoP9	run2	ssm1	1	6	0.043685375	0.043155042	0.0	53614192	0	0	0.006230042	2.74072265625
RnoP9	run2	ssm1	1	7	0.041929542	0.041389	0.0	53614192	0	0	0.006255625	2.74072265625
RP9args	run2	ssm1	-1	0	1.5354609489440918	0	0	0	0	0	0	0
RP9args	run2	ssm1	0	0	10.565879625	10.562640958	0.294334833	2892128944	10	1	0.0065515	2.94677734375
RP9args	run2	ssm1	1	1	0.046062125	0.044110875	0.0	53636992	0	0	0.006441166	2.880859375
RP9args	run2	ssm1	1	2	0.04457375	0.04261275	0.0	53636992	0	0	0.006582584	2.880859375
RP9args	run2	ssm1	1	3	0.046074333	0.044084958	0.0	53636992	0	0	0.006340584	2.880859375
RP9args	run2	ssm1	1	4	0.045514958	0.0435265	0.0	53636992	0	0	0.006169167	2.880859375
RP9args	run2	ssm1	1	5	0.04888075	0.046903084	0.0	53636992	0	0	0.006508834	2.880859375
RP9args	run2	ssm1	1	6	0.044588417	0.042628792	0.0	53636992	0	0	0.006075375	2.880859375
RP9args	run2	ssm1	1	7	0.046202375	0.044229666	0.0	53636992	0	0	0.006272	2.880859375
RnoP9	run3	ssm1	-1	0	1.5334551334381104	0	0	0	0	0	0	0
RnoP9	run3	ssm1	0	0	10.17999125	10.178086542	0.289634043	2790520944	9	1	0.006277625	3.05908203125
RnoP9	run3	ssm1	1	1	0.041714709	0.041184	0.0	53614192	0	0	0.006227917	3.05615234375
RnoP9	run3	ssm1	1	2	0.041765416	0.041229458	0.0	53614192	0	0	0.00634275	3.05615234375
RnoP9	run3	ssm1	1	3	0.041777333	0.041180833	0.0	53614192	0	0	0.006082667	3.05615234375
RnoP9	run3	ssm1	1	4	0.040805167	0.040285834	0.0	53614192	0	0	0.006333791	3.05615234375
RnoP9	run3	ssm1	1	5	0.042829959	0.042284417	0.0	53614192	0	0	0.006083666	3.05615234375
RnoP9	run3	ssm1	1	6	0.043899291	0.043361	0.0	53614192	0	0	0.006536042	3.05615234375
RnoP9	run3	ssm1	1	7	0.041773209	0.041245083	0.0	53614192	0	0	0.0063185	3.05615234375
RP9args	run3	ssm1	-1	0	1.4722728729248047	0	0	0	0	0	0	0
RP9args	run3	ssm1	0	0	10.518189667	10.511433	0.283827876	2892168944	10	1	0.0060985	2.97119140625
RP9args	run3	ssm1	1	1	0.047203208	0.045173291	0.0	53636992	0	0	0.006402	2.8212890625
RP9args	run3	ssm1	1	2	0.046193542	0.044229417	0.0	53636992	0	0	0.006376208	2.8212890625
RP9args	run3	ssm1	1	3	0.045927666	0.043943167	0.0	53636992	0	0	0.006104875	2.8212890625
RP9args	run3	ssm1	1	4	0.0481215	0.046093084	0.0	53636992	0	0	0.0064505	2.8212890625
RP9args	run3	ssm1	1	5	0.045827667	0.04389	0.0	53636992	0	0	0.006242583	2.8212890625
RP9args	run3	ssm1	1	6	0.045024167	0.043064834	0.0	53636992	0	0	0.006169708	2.8212890625
RP9args	run3	ssm1	1	7	0.0495245	0.047508583	0.0	53636992	0	0	0.006135834	2.83544921875
R	run3	ssm1	-1	0	1.461195945739746	0	0	0	0	0	0	0
R	run3	ssm1	0	0	10.580786541	10.577509042	0.278629293	2891290960	10	1	0.006437542	3.24853515625
R	run3	ssm1	1	1	0.045645209	0.043633791	0.0	54517360	0	0	0.0061915	3.1298828125
R	run3	ssm1	1	2	0.044852291	0.042901125	0.0	54517360	0	0	0.00622925	3.1298828125
R	run3	ssm1	1	3	0.044210083	0.042237834	0.0	54517360	0	0	0.0062285	3.1298828125
R	run3	ssm1	1	4	0.046135667	0.044159125	0.0	54517360	0	0	0.006536292	3.1298828125
R	run3	ssm1	1	5	0.045870291	0.04392025	0.0	54517360	0	0	0.006211291	3.1298828125
R	run3	ssm1	1	6	0.048975375	0.047042167	0.0	54517360	0	0	0.006158042	3.1298828125
R	run3	ssm1	1	7	0.047647834	0.045660875	0.0	54517360	0	0	0.0061745	3.1298828125
RP9args	run1	betabern	-1	0	1.4797329902648926	0	0	0	0	0	0	0
RP9args	run1	betabern	0	0	6.079059084	6.078149083	0.201740709	1862508496	6	1	0.006217584	3.03564453125
RP9args	run1	betabern	1	1	0.062587084	0.062577792	0.0	69410960	0	0	0.006451833	2.95263671875
RP9args	run1	betabern	1	2	0.045372375	0.045370459	0.0	67818240	0	0	0.006275792	2.95263671875
RP9args	run1	betabern	1	3	0.045554917	0.045551208	0.0	67818240	0	0	0.006627	2.95263671875
RP9args	run1	betabern	1	4	0.045203417	0.04520825	0.0	67818240	0	0	0.006211834	2.95263671875
RP9args	run1	betabern	1	5	0.045905917	0.045902375	0.0	67818240	0	0	0.006144625	2.95263671875
RP9args	run1	betabern	1	6	0.046318375	0.046314083	0.0	67818240	0	0	0.006192292	2.95263671875
RP9args	run1	betabern	1	7	0.046557208	0.046549042	0.0	67818240	0	0	0.006219375	2.95263671875
R	run1	betabern	-1	0	1.422980785369873	0	0	0	0	0	0	0
R	run1	betabern	0	0	6.081901708	6.080788416	0.219549584	1862164448	7	1	0.006182291	2.87939453125
R	run1	betabern	1	1	0.063183	0.063166667	0.0	70051328	0	0	0.006226875	2.888671875
R	run1	betabern	1	2	0.046895084	0.046896792	0.0	68458608	0	0	0.00653525	2.888671875
R	run1	betabern	1	3	0.045383333	0.045381208	0.0	68458608	0	0	0.006175583	2.888671875
R	run1	betabern	1	4	0.044343833	0.044344791	0.0	68458608	0	0	0.006155125	2.888671875
R	run1	betabern	1	5	0.044840375	0.044842	0.0	68458608	0	0	0.006212958	2.888671875
R	run1	betabern	1	6	0.044827042	0.044831084	0.0	68458608	0	0	0.00636325	2.888671875
R	run1	betabern	1	7	0.0454375	0.045441666	0.0	68458608	0	0	0.006316708	2.888671875
RnoP9	run1	betabern	-1	0	1.5277190208435059	0	0	0	0	0	0	0
RnoP9	run1	betabern	0	0	5.926014792	5.925189166	0.223502957	1809582944	6	1	0.006257625	2.75146484375
RnoP9	run1	betabern	1	1	0.065322875	0.065317917	0.0	69410960	0	0	0.006180791	2.93115234375
RnoP9	run1	betabern	1	2	0.045855041	0.045858333	0.0	67818240	0	0	0.006277709	2.93115234375
RnoP9	run1	betabern	1	3	0.04711675	0.047112	0.0	67818240	0	0	0.006524833	2.93115234375
RnoP9	run1	betabern	1	4	0.046146458	0.046151125	0.0	67818240	0	0	0.006344084	2.93115234375
RnoP9	run1	betabern	1	5	0.04605025	0.046043125	0.0	67818240	0	0	0.006359542	2.93115234375
RnoP9	run1	betabern	1	6	0.048721375	0.04871325	0.0	67818240	0	0	0.006145291	2.93115234375
RnoP9	run1	betabern	1	7	0.045595875	0.0455975	0.0	67818240	0	0	0.006535292	2.93115234375
R	run2	betabern	-1	0	1.4822170734405518	0	0	0	0	0	0	0
R	run2	betabern	0	0	6.122021917	6.121121	0.194512875	1862149792	6	1	0.006171459	2.94140625
R	run2	betabern	1	1	0.060821625	0.060823291	0.0	70051328	0	0	0.006060125	2.86572265625
R	run2	betabern	1	2	0.043685208	0.04368675	0.0	68458608	0	0	0.006200541	2.86572265625
R	run2	betabern	1	3	0.044364417	0.044365542	0.0	68458608	0	0	0.006253959	2.86572265625
R	run2	betabern	1	4	0.043250875	0.043242792	0.0	68458608	0	0	0.006176458	2.86572265625
R	run2	betabern	1	5	0.043603708	0.043604708	0.0	68458608	0	0	0.00612475	2.86572265625
R	run2	betabern	1	6	0.043829209	0.043830875	0.0	68458608	0	0	0.006161584	2.86572265625
R	run2	betabern	1	7	0.043254042	0.043246417	0.0	68458608	0	0	0.006258583	2.86572265625
RnoP9	run2	betabern	-1	0	1.422879934310913	0	0	0	0	0	0	0
RnoP9	run2	betabern	0	0	5.670050167	5.669379042	0.186047499	1809575888	6	1	0.006172958	2.65869140625
RnoP9	run2	betabern	1	1	0.060461083	0.060453041	0.0	69410960	0	0	0.006179334	2.60546875
RnoP9	run2	betabern	1	2	0.04216325	0.042155	0.0	67818240	0	0	0.006118875	2.60546875
RnoP9	run2	betabern	1	3	0.042885	0.0428865	0.0	67818240	0	0	0.006110458	2.60546875
RnoP9	run2	betabern	1	4	0.042782083	0.0427835	0.0	67818240	0	0	0.00613325	2.60546875
RnoP9	run2	betabern	1	5	0.042810042	0.04281425	0.0	67818240	0	0	0.006133666	2.60546875
RnoP9	run2	betabern	1	6	0.042573791	0.042574708	0.0	67818240	0	0	0.006220209	2.60546875
RnoP9	run2	betabern	1	7	0.041876375	0.04187725	0.0	67818240	0	0	0.006116959	2.60546875
RP9args	run2	betabern	-1	0	1.4733829498291016	0	0	0	0	0	0	0
RP9args	run2	betabern	0	0	5.818495875	5.818003708	0.204949124	1862530096	6	1	0.0062105	2.431640625
RP9args	run2	betabern	1	1	0.061290875	0.061292791	0.0	69410960	0	0	0.006145958	2.31689453125
RP9args	run2	betabern	1	2	0.042983583	0.042974375	0.0	67818240	0	0	0.006162833	2.31689453125
RP9args	run2	betabern	1	3	0.043055208	0.043056292	0.0	67818240	0	0	0.006049459	2.31689453125
RP9args	run2	betabern	1	4	0.043177042	0.043171958	0.0	67818240	0	0	0.006233333	2.31689453125
RP9args	run2	betabern	1	5	0.043310917	0.043311708	0.0	67818240	0	0	0.006181417	2.31689453125
RP9args	run2	betabern	1	6	0.042439	0.042440459	0.0	67818240	0	0	0.006106042	2.31689453125
RP9args	run2	betabern	1	7	0.042607208	0.042594584	0.0	67818240	0	0	0.006051375	2.31689453125
RnoP9	run3	betabern	-1	0	1.4145989418029785	0	0	0	0	0	0	0
RnoP9	run3	betabern	0	0	5.656277875	5.6557305	0.189063708	1809575184	6	1	0.006215708	2.26171875
RnoP9	run3	betabern	1	1	0.059728875	0.059720167	0.0	69410960	0	0	0.006221292	2.24072265625
RnoP9	run3	betabern	1	2	0.041964041	0.041964958	0.0	67818240	0	0	0.006238708	2.24072265625
RnoP9	run3	betabern	1	3	0.042569375	0.042571209	0.0	67818240	0	0	0.006102166	2.24072265625
RnoP9	run3	betabern	1	4	0.041834417	0.04183575	0.0	67818240	0	0	0.005941625	2.24072265625
RnoP9	run3	betabern	1	5	0.041925042	0.041916917	0.0	67818240	0	0	0.006082541	2.24072265625
RnoP9	run3	betabern	1	6	0.041902625	0.041903375	0.0	67818240	0	0	0.0060565	2.24072265625
RnoP9	run3	betabern	1	7	0.042677625	0.042679625	0.0	67818240	0	0	0.006194916	2.24072265625
RP9args	run3	betabern	-1	0	1.4160451889038086	0	0	0	0	0	0	0
RP9args	run3	betabern	0	0	5.79080675	5.790211667	0.183223084	1862508416	6	1	0.006153125	2.22119140625
RP9args	run3	betabern	1	1	0.060215708	0.060217959	0.0	69410960	0	0	0.006055416	2.2666015625
RP9args	run3	betabern	1	2	0.043095458	0.043096625	0.0	67818240	0	0	0.005969875	2.2666015625
RP9args	run3	betabern	1	3	0.042667625	0.042661208	0.0	67818240	0	0	0.006133792	2.2666015625
RP9args	run3	betabern	1	4	0.042945584	0.042946333	0.0	67818240	0	0	0.006131416	2.2666015625
RP9args	run3	betabern	1	5	0.042595541	0.042597167	0.0	67818240	0	0	0.006128959	2.2666015625
RP9args	run3	betabern	1	6	0.042505416	0.04249675	0.0	67818240	0	0	0.006182542	2.2666015625
RP9args	run3	betabern	1	7	0.042762875	0.042763792	0.0	67818240	0	0	0.006209041	2.2666015625
R	run3	betabern	-1	0	1.4684629440307617	0	0	0	0	0	0	0
R	run3	betabern	0	0	5.829088958	5.828585916	0.207248666	1862164592	6	1	0.006172791	2.1650390625
R	run3	betabern	1	1	0.061887625	0.061889583	0.0	70051328	0	0	0.006075875	1.9853515625
R	run3	betabern	1	2	0.046196583	0.046200875	0.0	68458608	0	0	0.006363208	1.9853515625
R	run3	betabern	1	3	0.044460167	0.044449792	0.0	68458608	0	0	0.006156542	1.9853515625
R	run3	betabern	1	4	0.044772583	0.044773792	0.0	68458608	0	0	0.006143875	1.9853515625
R	run3	betabern	1	5	0.044224916	0.044225916	0.0	68458608	0	0	0.006065083	1.9853515625
R	run3	betabern	1	6	0.04334625	0.04334725	0.0	68458608	0	0	0.006032167	1.9853515625
R	run3	betabern	1	7	0.04278125	0.042773083	0.0	68458608	0	0	0.006047375	1.9853515625
RP9args	run1	gmm	-1	0	1.4131059646606445	0	0	0	0	0	0	0
RP9args	run1	gmm	0	0	10.194196084	10.193290042	0.240073705	3142191280	10	1	0.005895583	1.90625
RP9args	run1	gmm	20	1	0.057806708	0.057810958	0.0	62008800	0	0	0.006223833	2.06787109375
RP9args	run1	gmm	40	1	0.091096042	0.09041875	0.0	91980640	0	0	0.006110875	2.06787109375
RP9args	run1	gmm	20	2	0.059643458	0.059585709	0.0	61765824	0	0	0.006450334	2.06787109375
RP9args	run1	gmm	40	2	0.085736917	0.08572975	0.0	91980640	0	0	0.006043167	2.06787109375
RP9args	run1	gmm	20	3	0.051420542	0.051414042	0.0	61765824	0	0	0.006109583	2.06787109375
RP9args	run1	gmm	40	3	0.085904208	0.085906042	0.0	91980640	0	0	0.006142625	2.06787109375
RP9args	run1	gmm	20	4	0.051117916	0.051110291	0.0	61765824	0	0	0.006150542	2.06787109375
RP9args	run1	gmm	40	4	0.085143125	0.085136667	0.0	91980640	0	0	0.0061245	2.06787109375
RP9args	run1	gmm	20	5	0.050827625	0.050817666	0.0	61765824	0	0	0.006037625	2.06787109375
RP9args	run1	gmm	40	5	0.091616833	0.091506291	0.0	91980640	0	0	0.006069458	2.06787109375
RP9args	run1	gmm	20	6	0.052400667	0.05240325	0.0	61765824	0	0	0.006059041	2.06787109375
RP9args	run1	gmm	40	6	0.087281375	0.08727225	0.0	91980640	0	0	0.00614975	2.06787109375
RP9args	run1	gmm	20	7	0.051614083	0.051615584	0.0	61765824	0	0	0.006015583	2.06787109375
RP9args	run1	gmm	40	7	0.086139333	0.086141625	0.0	91980640	0	0	0.005976709	2.06787109375
R	run1	gmm	-1	0	1.4150640964508057	0	0	0	0	0	0	0
R	run1	gmm	0	0	10.166412625	10.1655815	0.236340666	3140921472	10	1	0.006067	2.056640625
R	run1	gmm	20	1	0.062510916	0.062513292	0.0	62586720	0	0	0.006633666	2.1337890625
R	run1	gmm	40	1	0.094079083	0.0940665	0.0	92558560	0	0	0.006526792	2.1337890625
R	run1	gmm	20	2	0.056736583	0.056720958	0.0	62343744	0	0	0.006297875	2.123046875
R	run1	gmm	40	2	0.092485125	0.092478542	0.0	92558560	0	0	0.006271333	2.123046875
R	run1	gmm	20	3	0.05712775	0.057129792	0.0	62343744	0	0	0.0061035	2.123046875
R	run1	gmm	40	3	0.087194292	0.087185583	0.0	92558560	0	0	0.00613025	2.123046875
R	run1	gmm	20	4	0.052945208	0.052947292	0.0	62343744	0	0	0.00625625	2.123046875
R	run1	gmm	40	4	0.087044417	0.087033042	0.0	92558560	0	0	0.00602675	2.123046875
R	run1	gmm	20	5	0.052561875	0.052554584	0.0	62343744	0	0	0.006131833	2.123046875
R	run1	gmm	40	5	0.088110167	0.08810175	0.0	92558560	0	0	0.006184	2.123046875
R	run1	gmm	20	6	0.052238583	0.052240917	0.0	62343744	0	0	0.006133875	2.123046875
R	run1	gmm	40	6	0.086910833	0.086904334	0.0	92558560	0	0	0.00611825	2.123046875
R	run1	gmm	20	7	0.052823833	0.052815917	0.0	62343744	0	0	0.006089625	2.123046875
R	run1	gmm	40	7	0.088965583	0.088958333	0.0	92558560	0	0	0.006158416	2.123046875
RnoP9	run1	gmm	-1	0	1.458359956741333	0	0	0	0	0	0	0
RnoP9	run1	gmm	0	0	9.932813792	9.932063083	0.243549626	3039489200	9	1	0.006098708	2.03271484375
RnoP9	run1	gmm	20	1	0.057937125	0.057939042	0.0	62008800	0	0	0.006091166	2.572265625
RnoP9	run1	gmm	40	1	0.085840541	0.085842792	0.0	91980640	0	0	0.006083459	2.572265625
RnoP9	run1	gmm	20	2	0.051010834	0.0510015	0.0	61765824	0	0	0.006151708	2.572265625
RnoP9	run1	gmm	40	2	0.084953	0.084946458	0.0	91980640	0	0	0.006114459	2.572265625
RnoP9	run1	gmm	20	3	0.051830667	0.051832917	0.0	61765824	0	0	0.005981541	2.572265625
RnoP9	run1	gmm	40	3	0.085414333	0.085416291	0.0	91980640	0	0	0.006122083	2.572265625
RnoP9	run1	gmm	20	4	0.051089625	0.051082375	0.0	61765824	0	0	0.006216791	2.572265625
RnoP9	run1	gmm	40	4	0.08696	0.086954291	0.0	91980640	0	0	0.006123375	2.572265625
RnoP9	run1	gmm	20	5	0.05108025	0.051074208	0.0	61765824	0	0	0.00612925	2.572265625
RnoP9	run1	gmm	40	5	0.084730209	0.084722916	0.0	91980640	0	0	0.006450583	2.572265625
RnoP9	run1	gmm	20	6	0.051857958	0.051859792	0.0	61765824	0	0	0.006124708	2.572265625
RnoP9	run1	gmm	40	6	0.085706	0.085698625	0.0	91980640	0	0	0.006090041	2.572265625
RnoP9	run1	gmm	20	7	0.051517167	0.05151025	0.0	61765824	0	0	0.006153125	2.572265625
RnoP9	run1	gmm	40	7	0.08499975	0.084992792	0.0	91980640	0	0	0.006275667	2.572265625
R	run2	gmm	-1	0	1.4174940586090088	0	0	0	0	0	0	0
R	run2	gmm	0	0	10.1141205	10.113284209	0.240937623	3140870128	9	1	0.006233416	2.5576171875
R	run2	gmm	20	1	0.059293625	0.059296	0.0	62586720	0	0	0.006293042	2.47802734375
R	run2	gmm	40	1	0.085743584	0.085746583	0.0	92558560	0	0	0.006705834	2.51953125
R	run2	gmm	20	2	0.051297834	0.051300333	0.0	62343744	0	0	0.00604825	2.51953125
R	run2	gmm	40	2	0.086110583	0.086104084	0.0	92558560	0	0	0.006067916	2.51953125
R	run2	gmm	20	3	0.051808417	0.051810917	0.0	62343744	0	0	0.006132875	2.51953125
R	run2	gmm	40	3	0.085375459	0.085372041	0.0	92558560	0	0	0.006184541	2.51953125
R	run2	gmm	20	4	0.051907209	0.051909167	0.0	62343744	0	0	0.006063334	2.51953125
R	run2	gmm	40	4	0.085662959	0.085665166	0.0	92558560	0	0	0.006037083	2.51953125
R	run2	gmm	20	5	0.051565042	0.051567458	0.0	62343744	0	0	0.006122167	2.51953125
R	run2	gmm	40	5	0.086240709	0.086233542	0.0	92558560	0	0	0.006142208	2.51953125
R	run2	gmm	20	6	0.051678209	0.051680416	0.0	62343744	0	0	0.005979083	2.51953125
R	run2	gmm	40	6	0.086274125	0.08627725	0.0	92558560	0	0	0.006063291	2.51953125
R	run2	gmm	20	7	0.052052916	0.052054916	0.0	62343744	0	0	0.006052333	2.51953125
R	run2	gmm	40	7	0.084497958	0.084489083	0.0	92558560	0	0	0.006049208	2.51953125
RnoP9	run2	gmm	-1	0	1.4228858947753906	0	0	0	0	0	0	0
RnoP9	run2	gmm	0	0	9.703496459	9.702678334	0.240420291	3039459984	10	1	0.006146083	2.5576171875
RnoP9	run2	gmm	20	1	0.056636417	0.0566275	0.0	62008800	0	0	0.006092166	2.6484375
RnoP9	run2	gmm	40	1	0.085266375	0.085268916	0.0	91980640	0	0	0.006025875	2.6484375
RnoP9	run2	gmm	20	2	0.050870208	0.050872708	0.0	61765824	0	0	0.0060395	2.6484375
RnoP9	run2	gmm	40	2	0.084463875	0.084457333	0.0	91980640	0	0	0.006073875	2.6484375
RnoP9	run2	gmm	20	3	0.050514541	0.050506	0.0	61765824	0	0	0.006079708	2.6484375
RnoP9	run2	gmm	40	3	0.085725292	0.085717958	0.0	91980640	0	0	0.006059625	2.6484375
RnoP9	run2	gmm	20	4	0.051317583	0.051319791	0.0	61765824	0	0	0.006060791	2.6484375
RnoP9	run2	gmm	40	4	0.085475667	0.085478625	0.0	91980640	0	0	0.00607625	2.6484375
RnoP9	run2	gmm	20	5	0.050438083	0.050428209	0.0	61765824	0	0	0.00607625	2.6484375
RnoP9	run2	gmm	40	5	0.084538208	0.084530375	0.0	91980640	0	0	0.006166417	2.6484375
RnoP9	run2	gmm	20	6	0.0511105	0.051112542	0.0	61765824	0	0	0.006134917	2.6484375
RnoP9	run2	gmm	40	6	0.085450208	0.085452208	0.0	91980640	0	0	0.006029042	2.6484375
RnoP9	run2	gmm	20	7	0.051808625	0.0518015	0.0	61765824	0	0	0.006151167	2.6484375
RnoP9	run2	gmm	40	7	0.084975916	0.084969125	0.0	91980640	0	0	0.00601875	2.6484375
RP9args	run2	gmm	-1	0	1.4670500755310059	0	0	0	0	0	0	0
RP9args	run2	gmm	0	0	9.980068083	9.979279125	0.239189999	3142246144	10	1	0.006067125	2.70849609375
RP9args	run2	gmm	20	1	0.056642042	0.056633583	0.0	62008800	0	0	0.006113541	2.59912109375
RP9args	run2	gmm	40	1	0.084994	0.084984125	0.0	91980640	0	0	0.006227792	2.59912109375
RP9args	run2	gmm	20	2	0.051201625	0.051203834	0.0	61765824	0	0	0.0060545	2.59912109375
RP9args	run2	gmm	40	2	0.084600291	0.084602667	0.0	91980640	0	0	0.006111125	2.59912109375
RP9args	run2	gmm	20	3	0.050667875	0.050658667	0.0	61765824	0	0	0.006108417	2.59912109375
RP9args	run2	gmm	40	3	0.08561325	0.085605083	0.0	91980640	0	0	0.006153875	2.59912109375
RP9args	run2	gmm	20	4	0.050532083	0.050522875	0.0	61765824	0	0	0.006116625	2.59912109375
RP9args	run2	gmm	40	4	0.084644625	0.08463725	0.0	91980640	0	0	0.006050417	2.55078125
RP9args	run2	gmm	20	5	0.051280375	0.0512825	0.0	61765824	0	0	0.0062215	2.55078125
RP9args	run2	gmm	40	5	0.084565791	0.0845675	0.0	91980640	0	0	0.005969708	2.55078125
RP9args	run2	gmm	20	6	0.051039959	0.051042	0.0	61765824	0	0	0.005949	2.55078125
RP9args	run2	gmm	40	6	0.085768125	0.085759416	0.0	91980640	0	0	0.006074084	2.55078125
RP9args	run2	gmm	20	7	0.051770167	0.051763042	0.0	61765824	0	0	0.006293625	2.55078125
RP9args	run2	gmm	40	7	0.085032417	0.085034708	0.0	91980640	0	0	0.006164125	2.55078125
RnoP9	run3	gmm	-1	0	1.4144330024719238	0	0	0	0	0	0	0
RnoP9	run3	gmm	0	0	9.683624333	9.682867375	0.250494834	3039444272	10	1	0.006096916	2.58642578125
RnoP9	run3	gmm	20	1	0.056219208	0.056208334	0.0	62008800	0	0	0.006132375	2.6591796875
RnoP9	run3	gmm	40	1	0.084755833	0.084748209	0.0	91980640	0	0	0.006117208	2.6591796875
RnoP9	run3	gmm	20	2	0.050233	0.050234708	0.0	61765824	0	0	0.00591725	2.6591796875
RnoP9	run3	gmm	40	2	0.084052542	0.084054916	0.0	91980640	0	0	0.00593825	2.6591796875
RnoP9	run3	gmm	20	3	0.050092625	0.05009475	0.0	61765824	0	0	0.006037333	2.6591796875
RnoP9	run3	gmm	40	3	0.084687875	0.084681125	0.0	91980640	0	0	0.006073208	2.6591796875
RnoP9	run3	gmm	20	4	0.050853583	0.050847084	0.0	61765824	0	0	0.006109709	2.6591796875
RnoP9	run3	gmm	40	4	0.084116834	0.084110334	0.0	91980640	0	0	0.006077625	2.6591796875
RnoP9	run3	gmm	20	5	0.050857792	0.050859833	0.0	61765824	0	0	0.006073709	2.6591796875
RnoP9	run3	gmm	40	5	0.0832745	0.083267209	0.0	91980640	0	0	0.006000917	2.6591796875
RnoP9	run3	gmm	20	6	0.050571625	0.050564125	0.0	61765824	0	0	0.006127125	2.6591796875
RnoP9	run3	gmm	40	6	0.084722666	0.084713708	0.0	91980640	0	0	0.006147042	2.6591796875
RnoP9	run3	gmm	20	7	0.051270042	0.051272	0.0	61765824	0	0	0.006095625	2.6591796875
RnoP9	run3	gmm	40	7	0.084530792	0.084532625	0.0	91980640	0	0	0.006024167	2.6591796875
RP9args	run3	gmm	-1	0	1.4234809875488281	0	0	0	0	0	0	0
RP9args	run3	gmm	0	0	10.004862042	10.004064375	0.256598291	3142202544	10	1	0.006136208	3.19775390625
RP9args	run3	gmm	20	1	0.056735833	0.056724583	0.0	62008800	0	0	0.006049583	3.16064453125
RP9args	run3	gmm	40	1	0.086119167	0.086106375	0.0	91980640	0	0	0.006083792	3.16064453125
RP9args	run3	gmm	20	2	0.050951333	0.050942958	0.0	61765824	0	0	0.006029667	3.16064453125
RP9args	run3	gmm	40	2	0.084847375	0.084840625	0.0	91980640	0	0	0.00610125	3.16064453125
RP9args	run3	gmm	20	3	0.050580083	0.050571125	0.0	61765824	0	0	0.006233875	3.16064453125
RP9args	run3	gmm	40	3	0.083676125	0.083666083	0.0	91980640	0	0	0.00614625	3.16064453125
RP9args	run3	gmm	20	4	0.050096625	0.050090958	0.0	61765824	0	0	0.006143459	3.16064453125
RP9args	run3	gmm	40	4	0.083752708	0.083742125	0.0	91980640	0	0	0.00600425	3.16064453125
RP9args	run3	gmm	20	5	0.050518792	0.050509041	0.0	61765824	0	0	0.00609075	3.16064453125
RP9args	run3	gmm	40	5	0.083998291	0.083991167	0.0	91980640	0	0	0.006070375	3.16064453125
RP9args	run3	gmm	20	6	0.050465125	0.05045875	0.0	61765824	0	0	0.006187584	3.16064453125
RP9args	run3	gmm	40	6	0.084063959	0.084057667	0.0	91980640	0	0	0.006163958	3.16064453125
RP9args	run3	gmm	20	7	0.05027075	0.050265292	0.0	61765824	0	0	0.006084917	3.1474609375
RP9args	run3	gmm	40	7	0.084429167	0.084423	0.0	91980640	0	0	0.006097583	3.1474609375
R	run3	gmm	-1	0	1.476902961730957	0	0	0	0	0	0	0
R	run3	gmm	0	0	9.984857958	9.984023833	0.254417458	3140946128	11	1	0.006016917	3.05517578125
R	run3	gmm	20	1	0.056770958	0.056763166	0.0	62586720	0	0	0.006047583	2.97412109375
R	run3	gmm	40	1	0.0844425	0.084433125	0.0	92558560	0	0	0.006118041	2.97412109375
R	run3	gmm	20	2	0.051590875	0.051592792	0.0	62343744	0	0	0.006125708	2.97412109375
R	run3	gmm	40	2	0.084913125	0.084903958	0.0	92558560	0	0	0.006104917	2.97412109375
R	run3	gmm	20	3	0.051134417	0.051125167	0.0	62343744	0	0	0.00607725	2.97412109375
R	run3	gmm	40	3	0.083796583	0.083789666	0.0	92558560	0	0	0.006111	2.97412109375
R	run3	gmm	20	4	0.05114875	0.051151042	0.0	62343744	0	0	0.006092625	2.97412109375
R	run3	gmm	40	4	0.085487708	0.085478208	0.0	92558560	0	0	0.005949542	2.97412109375
R	run3	gmm	20	5	0.051154333	0.051146167	0.0	62343744	0	0	0.006172291	2.97412109375
R	run3	gmm	40	5	0.084193792	0.084186209	0.0	92558560	0	0	0.006090375	2.97412109375
R	run3	gmm	20	6	0.051011625	0.051013291	0.0	62343744	0	0	0.006094833	2.97412109375
R	run3	gmm	40	6	0.083214917	0.083216958	0.0	92558560	0	0	0.005962625	2.97412109375
R	run3	gmm	20	7	0.050388625	0.050390458	0.0	62343744	0	0	0.006001875	2.97412109375
R	run3	gmm	40	7	0.085037375	0.085026208	0.0	92558560	0	0	0.006110916	2.97412109375
