RnoP9	engine chain: longest n (stack 8 MiB)	2400	3495.0
RnoP9	RxInfer ssm1, no limit_stack_depth: longest n	2304	3641.0
RnoP9	engine chain n=200 activate+1 pass (s)	0.003597709	0.003608667
RnoP9	RxInfer ssm1 n=200 infer (s)	0.005528583	0.005662167
RnoP9	RxInfer ssm1 n=200 infer limit_stack_depth=100 (s)	0.006507917	0.006641458
RnoP9	engine chain n=1000 activate+1 pass (s)	0.01823825	0.018268375
RnoP9	RxInfer ssm1 n=1000 infer (s)	0.02746025	0.027596833
RnoP9	RxInfer ssm1 n=1000 infer limit_stack_depth=100 (s)	0.032700708	0.033296291
RP9args	engine chain: longest n (stack 8 MiB)	3968	2114.0
RP9args	RxInfer ssm1, no limit_stack_depth: longest n	3776	2222.0
RP9args	engine chain n=200 activate+1 pass (s)	0.004059958	0.004096708
RP9args	RxInfer ssm1 n=200 infer (s)	0.006005166	0.006092
RP9args	RxInfer ssm1 n=200 infer limit_stack_depth=100 (s)	0.007016875	0.007116583
RP9args	engine chain n=1000 activate+1 pass (s)	0.020545	0.020660292
RP9args	RxInfer ssm1 n=1000 infer (s)	0.029775459	0.03002025
RP9args	RxInfer ssm1 n=1000 infer limit_stack_depth=100 (s)	0.034845584	0.03532525
R	engine chain: longest n (stack 8 MiB)	3968	2114.0
R	RxInfer ssm1, no limit_stack_depth: longest n	3776	2222.0
R	engine chain n=200 activate+1 pass (s)	0.004161625	0.0042265
R	RxInfer ssm1 n=200 infer (s)	0.006121875	0.006195833
R	RxInfer ssm1 n=200 infer limit_stack_depth=100 (s)	0.007157334	0.00722225
R	engine chain n=1000 activate+1 pass (s)	0.021025917	0.021375833
R	RxInfer ssm1 n=1000 infer (s)	0.030535958	0.030808541
R	RxInfer ssm1 n=1000 infer limit_stack_depth=100 (s)	0.035839792	0.036132291
v6	RxInfer ssm1, no limit_stack_depth: longest n	1344
