P12	round1	ssm1	1000	first_full	14.828786959	14.828786959	0
P12	round1	ssm1	1000	graph0	0.008816209	0.0169428125	8004416
P12	round1	ssm1	1000	graph	0.010026167	0.0229387915	11791136
P12	round1	ssm1	1000	full	0.141939417	0.204237958	57297760
P12	round1	ssm1	10000	graph0	0.116657292	0.140198979	91133584
P12	round1	ssm1	10000	graph	0.181682167	0.199325937	128904304
P12	round1	ssm1	10000	full	2.210848833	2.462935604	583802928
Ga	round1	ssm1	1000	first_full	11.920423667	11.920423667	0
Ga	round1	ssm1	1000	graph0	0.009024042	0.0136291875	8004416
Ga	round1	ssm1	1000	graph	0.011783	0.019531479	11791136
Ga	round1	ssm1	1000	full	0.153005708	0.1830441455	57297760
Ga	round1	ssm1	10000	graph0	0.070394625	0.086214771	91133584
Ga	round1	ssm1	10000	graph	0.12347325	0.1817779585	128904304
Ga	round1	ssm1	10000	full	1.794043125	3.233762604	583802928
Gb	round1	ssm1	1000	first_full	9.566120334	9.566120334	0
Gb	round1	ssm1	1000	graph0	0.005159459	0.0088601665	8004416
Gb	round1	ssm1	1000	graph	0.006460042	0.0143224375	11599040
Gb	round1	ssm1	1000	full	0.115362125	0.1328326255	57105664
Gb	round1	ssm1	10000	graph0	0.065349875	0.08516731250000001	91133584
Gb	round1	ssm1	10000	graph	0.097507375	0.12742543750000002	126984208
Gb	round1	ssm1	10000	full	2.247405375	2.90664325	581882832
Gc	round1	ssm1	1000	first_full	9.296200917	9.296200917	0
Gc	round1	ssm1	1000	graph0	0.004880416	0.005873979	4834304
Gc	round1	ssm1	1000	graph	0.007346042	0.008632999999999998	8765056
Gc	round1	ssm1	1000	full	0.103444917	0.115738854	55088224
Gc	round1	ssm1	10000	graph0	0.050236791	0.062758104	59451472
Gc	round1	ssm1	10000	graph	0.07717275	0.082827333	98662224
Gc	round1	ssm1	10000	full	1.16695	1.185844104	561721392
G1	round1	ssm1	1000	first_full	5.903444792	5.903444792	0
G1	round1	ssm1	1000	graph0	0.004378791	0.004810562500000001	4850304
G1	round1	ssm1	1000	graph	0.0065895	0.007002896	8781056
G1	round1	ssm1	1000	full	0.101740875	0.1176622915	55104224
G1	round1	ssm1	10000	graph0	0.057785375	0.06929468750000001	59611472
G1	round1	ssm1	10000	graph	0.080767083	0.0828315415	98822224
G1	round1	ssm1	10000	full	1.141009375	1.2615116665	561881392
P12	round1	iid	1000	first_full	5.653426625	5.653426625	0
P12	round1	iid	1000	graph0	0.001015	0.0011613539999999999	3082896
P12	round1	iid	1000	graph	0.002044917	0.0021754375000000003	5111744
P12	round1	iid	1000	full	0.041052875	0.046766645999999995	27581664
P12	round1	iid	10000	graph0	0.0115975	0.0132077085	28300688
P12	round1	iid	10000	graph	0.023623125	0.026342729000000002	48473536
P12	round1	iid	10000	full	0.421559375	0.4594051045	272977952
Ga	round1	iid	1000	first_full	5.073938958	5.073938958	0
Ga	round1	iid	1000	graph0	0.001044083	0.0011252710000000002	3082896
Ga	round1	iid	1000	graph	0.00198775	0.0020885625	5111744
Ga	round1	iid	1000	full	0.0403995	0.0409528545	27581664
Ga	round1	iid	10000	graph0	0.010601584	0.011954813	28300688
Ga	round1	iid	10000	graph	0.022264334	0.024942687499999998	48473536
Ga	round1	iid	10000	full	0.415899042	0.4269740415	272977952
Gb	round1	iid	1000	first_full	4.871499	4.871499	0
Gb	round1	iid	1000	graph0	0.001046	0.0011162289999999998	3082896
Gb	round1	iid	1000	graph	0.001941541	0.0020132705	5015552
Gb	round1	iid	1000	full	0.040617625	0.0417029165	27485472
Gb	round1	iid	10000	graph0	0.01188675	0.012068354	28300688
Gb	round1	iid	10000	graph	0.024528583	0.024821375	47513344
Gb	round1	iid	10000	full	0.424299708	0.43241870800000004	272017760
Gc	round1	iid	1000	first_full	4.849123542	4.849123542	0
Gc	round1	iid	1000	graph0	0.0009315	0.000969604	2022672
Gc	round1	iid	1000	graph	0.001750416	0.0019031455	4163680
Gc	round1	iid	1000	full	0.040181	0.0408990835	26890608
Gc	round1	iid	10000	graph0	0.010838083	0.011115167	17736464
Gc	round1	iid	10000	graph	0.020952667	0.022081542000000003	39029472
Gc	round1	iid	10000	full	0.414537542	0.4582927705	266094896
G1	round1	iid	1000	first_full	4.784451959	4.784451959	0
G1	round1	iid	1000	graph0	0.000951041	0.0010262915	2022672
G1	round1	iid	1000	graph	0.001892166	0.0019354164999999999	4164000
G1	round1	iid	1000	full	0.040218167	0.040987978999999994	26890928
G1	round1	iid	10000	graph0	0.010679584	0.010808729	17736464
G1	round1	iid	10000	graph	0.019306417	0.022197292	39029792
G1	round1	iid	10000	full	0.408719458	0.4147860835	266095216
P12	round1	hmm	1000	first_full	7.42017625	7.42017625	0
P12	round1	hmm	1000	graph0	0.002219291	0.0024900625	6388800
P12	round1	hmm	1000	graph	0.007002208	0.007415728999999999	12234368
P12	round1	hmm	1000	full	0.111409875	0.11578627050000001	66425632
P12	round1	hmm	10000	graph0	0.029665083	0.031649687	62518016
P12	round1	hmm	10000	graph	0.086229917	0.0940818125	120779584
P12	round1	hmm	10000	full	1.168003125	1.171080625	662413344
Ga	round1	hmm	1000	first_full	7.417270375	7.417270375	0
Ga	round1	hmm	1000	graph0	0.002169042	0.0024290625	6388800
Ga	round1	hmm	1000	graph	0.006352458	0.0068767294999999996	12234368
Ga	round1	hmm	1000	full	0.1113105	0.1138461255	66425632
Ga	round1	hmm	10000	graph0	0.028061584	0.0333394585	62518016
Ga	round1	hmm	10000	graph	0.078093042	0.0849076875	120779584
Ga	round1	hmm	10000	full	1.126045042	1.1332343955000002	662413344
Gb	round1	hmm	1000	first_full	7.638726417	7.638726417	0
Gb	round1	hmm	1000	graph0	0.002569875	0.002859	6388800
Gb	round1	hmm	1000	graph	0.005588667	0.0061092920000000005	12042128
Gb	round1	hmm	1000	full	0.104138375	0.109845542	66233392
Gb	round1	hmm	10000	graph0	0.030099041	0.032181917000000004	62518016
Gb	round1	hmm	10000	graph	0.070952875	0.0813483545	118859344
Gb	round1	hmm	10000	full	1.072915417	1.1064566665	660493104
Gc	round1	hmm	1000	first_full	7.499597791	7.499597791	0
Gc	round1	hmm	1000	graph0	0.00229075	0.0024363335000000003	4272048
Gc	round1	hmm	1000	graph	0.005775333	0.0060094165	10341952
Gc	round1	hmm	1000	full	0.10398525	0.11001037550000001	65078400
Gc	round1	hmm	10000	graph0	0.02697475	0.0294454375	41393264
Gc	round1	hmm	10000	graph	0.08018875	0.0934889795	101895168
Gc	round1	hmm	10000	full	1.088877125	1.1214715205	648970112
G1	round1	hmm	1000	first_full	7.322239667	7.322239667	0
G1	round1	hmm	1000	graph0	0.002209	0.0024155835	4287584
G1	round1	hmm	1000	graph	0.005885208	0.0062913125	10357808
G1	round1	hmm	1000	full	0.109130583	0.113430354	65094256
G1	round1	hmm	10000	graph0	0.028820958	0.029751646	41554400
G1	round1	hmm	10000	graph	0.072810583	0.0836948545	102056624
G1	round1	hmm	10000	full	1.092453666	1.150963542	649131568
P12	round1	nl	300	first_full	7.414272125	7.414272125	0
P12	round1	nl	300	graph0	0.001887375	0.0020074795	3098016
P12	round1	nl	300	graph	0.024811625	0.025468895999999998	4798768
P12	round1	nl	300	full	0.073173333	0.0741261255	26806624
P12	round1	nl	1000	graph0	0.00625125	0.0065093124999999995	10375376
P12	round1	nl	1000	graph	0.269886583	0.2725969165	16018528
P12	round1	nl	1000	full	0.418730125	0.431794875	89333584
P12	round1	nl	3000	graph0	0.018129083	0.021649208500000003	32598272
P12	round1	nl	3000	graph	2.444790459	2.574650333	49505424
P12	round1	nl	3000	full	2.997625875	3.094106125	269412480
Ga	round1	nl	300	first_full	6.87274775	6.87274775	0
Ga	round1	nl	300	graph0	0.002038833	0.0020886044999999997	3098016
Ga	round1	nl	300	graph	0.003071542	0.00314125	4789024
Ga	round1	nl	300	full	0.047621375	0.050049042	26796816
Ga	round1	nl	1000	graph0	0.006120958	0.006520188	10375376
Ga	round1	nl	1000	graph	0.010360375	0.011532229000000001	15984944
Ga	round1	nl	1000	full	0.160573791	0.170468479	89299936
Ga	round1	nl	3000	graph0	0.018904916	0.021020167	32598272
Ga	round1	nl	3000	graph	0.033411542	0.0376896045	49408448
Ga	round1	nl	3000	full	0.483203375	0.5050720205	269315440
Gb	round1	nl	300	first_full	6.772716	6.772716	0
Gb	round1	nl	300	graph0	0.001695083	0.001795354	3098016
Gb	round1	nl	300	graph	0.002469583	0.0026165414999999997	4361728
Gb	round1	nl	300	full	0.044304083	0.045927833	26369520
Gb	round1	nl	1000	graph0	0.00540125	0.005861667	10375376
Gb	round1	nl	1000	graph	0.008145084	0.009107021	14560848
Gb	round1	nl	1000	full	0.150044792	0.15394647900000002	87875840
Gb	round1	nl	3000	graph0	0.016656334	0.018130604	32598272
Gb	round1	nl	3000	graph	0.027035125	0.035042875	45136352
Gb	round1	nl	3000	full	0.46180525	0.476223979	265043344
Gc	round1	nl	300	first_full	6.986730417	6.986730417	0
Gc	round1	nl	300	graph0	0.001651917	0.0018165835	1828704
Gc	round1	nl	300	graph	0.002639083	0.0027158755	3241344
Gc	round1	nl	300	full	0.044890375	0.047956917	25571280
Gc	round1	nl	1000	graph0	0.005548208	0.0059116875	6149264
Gc	round1	nl	1000	graph	0.008064	0.0098779585	10830864
Gc	round1	nl	1000	full	0.153612917	0.16397820800000001	85218400
Gc	round1	nl	3000	graph0	0.015602166	0.0180325625	19924160
Gc	round1	nl	3000	graph	0.025492792	0.029293292	33950368
Gc	round1	nl	3000	full	0.457475541	0.47360270849999997	257073904
G1	round1	nl	300	first_full	6.995650583	6.995650583	0
G1	round1	nl	300	graph0	0.001766458	0.001960854	1833504
G1	round1	nl	300	graph	0.00264125	0.0028290625	3246144
G1	round1	nl	300	full	0.047760208	0.0482693335	25576080
G1	round1	nl	1000	graph0	0.005709083	0.0059210415	6165264
G1	round1	nl	1000	graph	0.008276083	0.0090790205	10846864
G1	round1	nl	1000	full	0.157511208	0.16434404149999998	85234400
G1	round1	nl	3000	graph0	0.017394041	0.0185018125	19972160
G1	round1	nl	3000	graph	0.02713875	0.0288341875	33998368
G1	round1	nl	3000	full	0.466559666	0.4892128335	257121904
P12	round1	ssmsub	1000	first_full	5.546247667	5.546247667	0
P12	round1	ssmsub	1000	graph0	0.005349166	0.006078875500000001	12236048
P12	round1	ssmsub	1000	graph	0.009251958	0.01080475	16390784
P12	round1	ssmsub	1000	full	0.099661666	0.10497902049999999	61865392
P12	round1	ssmsub	10000	graph0	0.061060916	0.070036	131299536
P12	round1	ssmsub	10000	graph	0.109224291	0.12170887550000001	172750272
P12	round1	ssmsub	10000	full	1.048687333	1.0751096665	627328880
Ga	round1	ssmsub	1000	first_full	5.375720333	5.375720333	0
Ga	round1	ssmsub	1000	graph0	0.005218166	0.0061062914999999995	12236048
Ga	round1	ssmsub	1000	graph	0.009508333	0.009816979	16390784
Ga	round1	ssmsub	1000	full	0.098091	0.104034021	61865392
Ga	round1	ssmsub	10000	graph0	0.05748775	0.0640574585	131299536
Ga	round1	ssmsub	10000	graph	0.103011667	0.115713125	172750272
Ga	round1	ssmsub	10000	full	1.010145667	1.0360520625	627328880
Gb	round1	ssmsub	1000	first_full	5.369048958	5.369048958	0
Gb	round1	ssmsub	1000	graph0	0.005154125	0.0059199375	12236048
Gb	round1	ssmsub	1000	graph	0.008633625	0.009807416999999999	16198688
Gb	round1	ssmsub	1000	full	0.098643417	0.102314917	61673296
Gb	round1	ssmsub	10000	graph0	0.054591084	0.061127562499999996	131299536
Gb	round1	ssmsub	10000	graph	0.098235916	0.1076153545	170830176
Gb	round1	ssmsub	10000	full	1.02712425	1.0472692705000002	625408784
Gc	round1	ssmsub	1000	first_full	5.481984333	5.481984333	0
Gc	round1	ssmsub	1000	graph0	0.005135375	0.0056521875	9065936
Gc	round1	ssmsub	1000	graph	0.008196084	0.009298646	13364704
Gc	round1	ssmsub	1000	full	0.095970541	0.103663104	59655856
Gc	round1	ssmsub	10000	graph0	0.055305708	0.0578941245	99617424
Gc	round1	ssmsub	10000	graph	0.092649458	0.1013829585	142508192
Gc	round1	ssmsub	10000	full	0.9916395	1.007660667	605247344
G1	round1	ssmsub	1000	first_full	5.480668459	5.480668459	0
G1	round1	ssmsub	1000	graph0	0.005219708	0.0057334585	9097936
G1	round1	ssmsub	1000	graph	0.008705	0.0094619795	13428704
G1	round1	ssmsub	1000	full	0.097417833	0.10190147899999999	59719856
G1	round1	ssmsub	10000	graph0	0.062442166	0.065162687	99937424
G1	round1	ssmsub	10000	graph	0.105610417	0.1073969375	143148192
G1	round1	ssmsub	10000	full	0.985734625	1.0144418750000002	605887344
P12	round1	mat	1024	first_full	5.7766835	5.7766835	0
P12	round1	mat	1024	graph0	0.008309167	0.0089795415	9676800
P12	round1	mat	1024	graph	0.015075875	0.016717146000000002	16688816
P12	round1	mat	1024	full	0.086759167	0.09097095799999999	58362528
P12	round1	mat	10000	graph0	0.087313167	0.0933894165	105836560
P12	round1	mat	10000	graph	0.2880155	0.30964175	174605888
P12	round1	mat	10000	full	1.024299375	1.145124271	581420112
P12	round1	mat	40000	graph0	0.433760958	0.552242583	388129776
P12	round1	mat	40000	graph	3.175359959	3.356051625	663302048
P12	round1	mat	40000	full	7.08655525	7.9223612085	2290514928
Ga	round1	mat	1024	first_full	5.911530875	5.911530875	0
Ga	round1	mat	1024	graph0	0.008000209	0.0083770835	9676800
Ga	round1	mat	1024	graph	0.014604834	0.015565917	16688816
Ga	round1	mat	1024	full	0.08697625	0.0895752915	58362528
Ga	round1	mat	10000	graph0	0.082213042	0.08743000000000001	105836560
Ga	round1	mat	10000	graph	0.280259458	0.2845489165	174605888
Ga	round1	mat	10000	full	1.010228667	1.1332493540000002	581420112
Ga	round1	mat	40000	graph0	0.425438708	0.487098625	388129776
Ga	round1	mat	40000	graph	3.034023167	3.3092137499999996	663302048
Ga	round1	mat	40000	full	7.26468025	7.572312188	2290514928
Gb	round1	mat	1024	first_full	5.879631417	5.879631417	0
Gb	round1	mat	1024	graph0	0.008431625	0.008514438	9676800
Gb	round1	mat	1024	graph	0.01421325	0.0154564375	16492112
Gb	round1	mat	1024	full	0.08369625	0.0896728125	58165824
Gb	round1	mat	10000	graph0	0.083970583	0.0900746875	105836560
Gb	round1	mat	10000	graph	0.275776583	0.285918604	172685792
Gb	round1	mat	10000	full	1.009910667	1.1387350625	579500016
Gb	round1	mat	40000	graph0	0.405140667	0.4725662085	388129776
Gb	round1	mat	40000	graph	3.244724166	3.3149847704999997	655621952
Gb	round1	mat	40000	full	7.373230375	7.611717875	2282834832
Gc	round1	mat	1024	first_full	5.864435333	5.864435333	0
Gc	round1	mat	1024	graph0	0.007955541	0.0083788955	6430656
Gc	round1	mat	1024	graph	0.014070292	0.014452354	13590256
Gc	round1	mat	1024	full	0.085567708	0.088129625	56083632
Gc	round1	mat	10000	graph0	0.086195541	0.0889343335	74154448
Gc	round1	mat	10000	graph	0.269692958	0.27292056249999996	144363904
Gc	round1	mat	10000	full	1.002163	1.1186618955	559178592
Gc	round1	mat	40000	graph0	0.36274375	0.37859131300000004	261407664
Gc	round1	mat	40000	graph	3.0926505	3.1800193334999998	542340064
Gc	round1	mat	40000	full	7.127244625	7.295337042	2201553408
G1	round1	mat	1024	first_full	5.946639417	5.946639417	0
G1	round1	mat	1024	graph0	0.008176334	0.008620271	6496192
G1	round1	mat	1024	graph	0.012631209	0.0131810415	13756144
G1	round1	mat	1024	full	0.085707959	0.088923479	56249520
G1	round1	mat	10000	graph0	0.084280625	0.092394271	74794448
G1	round1	mat	10000	graph	0.136575125	0.14587272899999998	145968672
G1	round1	mat	10000	full	0.8999325	1.003096916	560783360
G1	round1	mat	40000	graph0	0.378219625	0.3965162295	263967664
G1	round1	mat	40000	graph	0.72731825	0.7639700625	548748864
G1	round1	mat	40000	full	4.190859709	4.447127375	2207962208
G1	round2	ssm1	1000	first_full	4.959727333	4.959727333	0
G1	round2	ssm1	1000	graph0	0.004293125	0.0046462295	4850304
G1	round2	ssm1	1000	graph	0.00580475	0.006203646	8781056
G1	round2	ssm1	1000	full	0.094027125	0.097548625	55104224
G1	round2	ssm1	10000	graph0	0.045917292	0.047852167	59611472
G1	round2	ssm1	10000	graph	0.068897541	0.0737053755	98822224
G1	round2	ssm1	10000	full	0.96850425	0.9769234995	561881392
Gc	round2	ssm1	1000	first_full	5.028555	5.028555	0
Gc	round2	ssm1	1000	graph0	0.004108292	0.004448812	4834304
Gc	round2	ssm1	1000	graph	0.006026625	0.0063787915	8765056
Gc	round2	ssm1	1000	full	0.092301042	0.0986779165	55088224
Gc	round2	ssm1	10000	graph0	0.045291083	0.047520667	59451472
Gc	round2	ssm1	10000	graph	0.066814708	0.0728039585	98662224
Gc	round2	ssm1	10000	full	1.019780833	1.114693646	561721392
Gb	round2	ssm1	1000	first_full	5.0199285	5.0199285	0
Gb	round2	ssm1	1000	graph0	0.004564166	0.0051162085	8004416
Gb	round2	ssm1	1000	graph	0.006220166	0.0065679169999999995	11599040
Gb	round2	ssm1	1000	full	0.090325375	0.097498187	57105664
Gb	round2	ssm1	10000	graph0	0.047757333	0.056446521	91133584
Gb	round2	ssm1	10000	graph	0.075199625	0.082146833	126984208
Gb	round2	ssm1	10000	full	1.020178334	1.1524545000000002	581882832
Ga	round2	ssm1	1000	first_full	5.111586917	5.111586917	0
Ga	round2	ssm1	1000	graph0	0.004446459	0.0047213125	8004416
Ga	round2	ssm1	1000	graph	0.006376834	0.0070245835	11791136
Ga	round2	ssm1	1000	full	0.093459709	0.096263521	57297760
Ga	round2	ssm1	10000	graph0	0.048152583	0.054360583500000004	91133584
Ga	round2	ssm1	10000	graph	0.074677417	0.0833875205	128904304
Ga	round2	ssm1	10000	full	0.969998208	0.9861441664999999	583802928
P12	round2	ssm1	1000	first_full	5.176127292	5.176127292	0
P12	round2	ssm1	1000	graph0	0.0042365	0.0051503545	8004416
P12	round2	ssm1	1000	graph	0.006482875	0.007473437	11791136
P12	round2	ssm1	1000	full	0.093506333	0.095393375	57297760
P12	round2	ssm1	10000	graph0	0.055607083	0.0562126665	91133584
P12	round2	ssm1	10000	graph	0.073630708	0.084836229	128904304
P12	round2	ssm1	10000	full	0.975037042	0.9821995619999999	583802928
G1	round2	iid	1000	first_full	4.664535167	4.664535167	0
G1	round2	iid	1000	graph0	0.000959917	0.000979729	2022672
G1	round2	iid	1000	graph	0.0018125	0.0018454374999999999	4164000
G1	round2	iid	1000	full	0.040151542	0.0405857295	26890928
G1	round2	iid	10000	graph0	0.010276917	0.0105189165	17736464
G1	round2	iid	10000	graph	0.019559125	0.021545416499999998	39029792
G1	round2	iid	10000	full	0.396066917	0.40632375	266095216
Gc	round2	iid	1000	first_full	4.7897075	4.7897075	0
Gc	round2	iid	1000	graph0	0.0008795	0.000943667	2022672
Gc	round2	iid	1000	graph	0.00166575	0.0017171455	4163680
Gc	round2	iid	1000	full	0.038205834	0.038949417	26890608
Gc	round2	iid	10000	graph0	0.009478834	0.0098036455	17736464
Gc	round2	iid	10000	graph	0.017721541	0.0194617495	39029472
Gc	round2	iid	10000	full	0.390252	0.39578633350000003	266094896
Gb	round2	iid	1000	first_full	4.65019575	4.65019575	0
Gb	round2	iid	1000	graph0	0.000958208	0.0010785	3082896
Gb	round2	iid	1000	graph	0.001862875	0.00191625	5015552
Gb	round2	iid	1000	full	0.039484291	0.040266292	27485472
Gb	round2	iid	10000	graph0	0.010029083	0.011127020500000001	28300688
Gb	round2	iid	10000	graph	0.021290417	0.021698771	47513344
Gb	round2	iid	10000	full	0.403383375	0.419881104	272017760
Ga	round2	iid	1000	first_full	4.581072459	4.581072459	0
Ga	round2	iid	1000	graph0	0.000998791	0.0010661665	3082896
Ga	round2	iid	1000	graph	0.001899166	0.0020397920000000003	5111744
Ga	round2	iid	1000	full	0.038997667	0.039637834	27581664
Ga	round2	iid	10000	graph0	0.010119125	0.011324437	28300688
Ga	round2	iid	10000	graph	0.020829041	0.022773979	48473536
Ga	round2	iid	10000	full	0.394817041	0.4058244795	272977952
P12	round2	iid	1000	first_full	4.68970125	4.68970125	0
P12	round2	iid	1000	graph0	0.000980041	0.001063104	3082896
P12	round2	iid	1000	graph	0.001858708	0.0019986045	5111744
P12	round2	iid	1000	full	0.039426166	0.0406830005	27581664
P12	round2	iid	10000	graph0	0.010275875	0.0119575	28300688
P12	round2	iid	10000	graph	0.020988625	0.0237578335	48473536
P12	round2	iid	10000	full	0.418743792	0.42608627050000003	272977952
G1	round2	hmm	1000	first_full	7.876208625	7.876208625	0
G1	round2	hmm	1000	graph0	0.002027375	0.0022387084999999996	4287584
G1	round2	hmm	1000	graph	0.005830584	0.0062248745	10357808
G1	round2	hmm	1000	full	0.106528917	0.109153521	65094256
G1	round2	hmm	10000	graph0	0.026480417	0.028325167	41554400
G1	round2	hmm	10000	graph	0.071871291	0.07572799999999999	102056624
G1	round2	hmm	10000	full	1.095240166	1.103696354	649131568
Gc	round2	hmm	1000	first_full	7.420019459	7.420019459	0
Gc	round2	hmm	1000	graph0	0.002134875	0.002173875	4272048
Gc	round2	hmm	1000	graph	0.005293417	0.0057046875	10341952
Gc	round2	hmm	1000	full	0.105781083	0.1102310835	65078400
Gc	round2	hmm	10000	graph0	0.027260542	0.027974375500000002	41393264
Gc	round2	hmm	10000	graph	0.0657235	0.074355167	101895168
Gc	round2	hmm	10000	full	1.109900875	1.136911542	648970112
Gb	round2	hmm	1000	first_full	7.324201917	7.324201917	0
Gb	round2	hmm	1000	graph0	0.00233875	0.0024754165	6388800
Gb	round2	hmm	1000	graph	0.005974	0.00638425	12042128
Gb	round2	hmm	1000	full	0.104297	0.10784625	66233392
Gb	round2	hmm	10000	graph0	0.027584959	0.0292201035	62518016
Gb	round2	hmm	10000	graph	0.075711292	0.080482375	118859344
Gb	round2	hmm	10000	full	1.078361375	1.0893719165000002	660493104
Ga	round2	hmm	1000	first_full	7.249832417	7.249832417	0
Ga	round2	hmm	1000	graph0	0.002277125	0.0024902915	6388800
Ga	round2	hmm	1000	graph	0.0065375	0.007021625	12234368
Ga	round2	hmm	1000	full	0.107473625	0.1114277915	66425632
Ga	round2	hmm	10000	graph0	0.026968916	0.029191917	62518016
Ga	round2	hmm	10000	graph	0.082142083	0.0910833955	120779584
Ga	round2	hmm	10000	full	1.099159	1.12566225	662413344
P12	round2	hmm	1000	first_full	7.312408958	7.312408958	0
P12	round2	hmm	1000	graph0	0.002349625	0.002478021	6388800
P12	round2	hmm	1000	graph	0.00606175	0.0070416035	12234368
P12	round2	hmm	1000	full	0.110575084	0.11170477100000001	66425632
P12	round2	hmm	10000	graph0	0.028490666	0.0290846045	62518016
P12	round2	hmm	10000	graph	0.079266833	0.084188396	120779584
P12	round2	hmm	10000	full	1.121071291	1.1352185625	662413344
G1	round2	nl	300	first_full	6.991725958	6.991725958	0
G1	round2	nl	300	graph0	0.001793541	0.0019003125	1833504
G1	round2	nl	300	graph	0.002433291	0.0026738545	3246144
G1	round2	nl	300	full	0.046273458	0.047616896000000006	25576080
G1	round2	nl	1000	graph0	0.005619	0.0060974585	6165264
G1	round2	nl	1000	graph	0.008176833	0.008585312500000001	10846864
G1	round2	nl	1000	full	0.155032708	0.16013520850000001	85234400
G1	round2	nl	3000	graph0	0.01667375	0.0174716045	19972160
G1	round2	nl	3000	graph	0.026679791	0.0276681665	33998368
G1	round2	nl	3000	full	0.467318584	0.48007570850000003	257121904
Gc	round2	nl	300	first_full	6.943782708	6.943782708	0
Gc	round2	nl	300	graph0	0.001721167	0.0018491665	1828704
Gc	round2	nl	300	graph	0.002568792	0.002591771	3241344
Gc	round2	nl	300	full	0.046199292	0.0472763335	25571280
Gc	round2	nl	1000	graph0	0.005345	0.005676583000000001	6149264
Gc	round2	nl	1000	graph	0.008450709	0.009009771	10830864
Gc	round2	nl	1000	full	0.157252417	0.1612483955	85218400
Gc	round2	nl	3000	graph0	0.015130875	0.017027208500000002	19924160
Gc	round2	nl	3000	graph	0.02596125	0.026654333000000002	33950368
Gc	round2	nl	3000	full	0.468730334	0.530871125	257073904
Gb	round2	nl	300	first_full	8.344550292	8.344550292	0
Gb	round2	nl	300	graph0	0.001811625	0.0019708959999999998	3098016
Gb	round2	nl	300	graph	0.002635417	0.00304925	4361728
Gb	round2	nl	300	full	0.047055875	0.049429562499999996	26369520
Gb	round2	nl	1000	graph0	0.005663375	0.00623875	10375376
Gb	round2	nl	1000	graph	0.009340458	0.010349146	14560848
Gb	round2	nl	1000	full	0.170836417	0.18069662549999999	87875840
Gb	round2	nl	3000	graph0	0.018929792	0.020424000499999997	32598272
Gb	round2	nl	3000	graph	0.031638333	0.0353769165	45136352
Gb	round2	nl	3000	full	0.489458583	0.5532348125	265043344
Ga	round2	nl	300	first_full	7.180230625	7.180230625	0
Ga	round2	nl	300	graph0	0.002012416	0.0021083545	3098016
Ga	round2	nl	300	graph	0.00298225	0.003378021	4789024
Ga	round2	nl	300	full	0.047420417	0.049569667	26796816
Ga	round2	nl	1000	graph0	0.006107458	0.0064406665	10375376
Ga	round2	nl	1000	graph	0.010165209	0.0106385	15984944
Ga	round2	nl	1000	full	0.153507375	0.1624729375	89299936
Ga	round2	nl	3000	graph0	0.018059125	0.021011354500000003	32598272
Ga	round2	nl	3000	graph	0.030168333	0.035397208	49408448
Ga	round2	nl	3000	full	0.466526583	0.490031875	269315440
P12	round2	nl	300	first_full	9.948802959	9.948802959	0
P12	round2	nl	300	graph0	0.002031334	0.0021769585000000003	3098016
P12	round2	nl	300	graph	0.071147875	0.08722218749999999	4798768
P12	round2	nl	300	full	0.158357667	0.21332341700000002	26806624
P12	round2	nl	1000	graph0	0.006548959	0.0098477295	10375376
P12	round2	nl	1000	graph	0.642838875	0.8278498955	16018528
P12	round2	nl	1000	full	0.789841709	0.882169687	89333584
P12	round2	nl	3000	graph0	0.018342167	0.020747020999999997	32598272
P12	round2	nl	3000	graph	5.54132775	5.643320396	49505424
P12	round2	nl	3000	full	6.0313795	6.069781438	269412480
G1	round2	ssmsub	1000	first_full	5.4125425	5.4125425	0
G1	round2	ssmsub	1000	graph0	0.005166875	0.005610396	9097936
G1	round2	ssmsub	1000	graph	0.007987209	0.0087158125	13428704
G1	round2	ssmsub	1000	full	0.098783125	0.1004071875	59719856
G1	round2	ssmsub	10000	graph0	0.057216625	0.060995208499999995	99937424
G1	round2	ssmsub	10000	graph	0.099168458	0.10707770850000001	143148192
G1	round2	ssmsub	10000	full	1.03167375	1.036076375	605887344
Gc	round2	ssmsub	1000	first_full	5.402607208	5.402607208	0
Gc	round2	ssmsub	1000	graph0	0.005259209	0.005591917	9065936
Gc	round2	ssmsub	1000	graph	0.008820292	0.009660624999999999	13364704
Gc	round2	ssmsub	1000	full	0.100051666	0.1092239375	59655856
Gc	round2	ssmsub	10000	graph0	0.058221208	0.06312891600000001	99617424
Gc	round2	ssmsub	10000	graph	0.161567333	0.1857124585	142508192
Gc	round2	ssmsub	10000	full	1.114673375	1.3361372500000002	605247344
Gb	round2	ssmsub	1000	first_full	6.360631084	6.360631084	0
Gb	round2	ssmsub	1000	graph0	0.005711625	0.005923917000000001	12236048
Gb	round2	ssmsub	1000	graph	0.009839625	0.011467604	16198688
Gb	round2	ssmsub	1000	full	0.102043667	0.1058021045	61673296
Gb	round2	ssmsub	10000	graph0	0.067132542	0.070121313	131299536
Gb	round2	ssmsub	10000	graph	0.126776	0.1340067295	170830176
Gb	round2	ssmsub	10000	full	1.064094667	1.158466875	625408784
Ga	round2	ssmsub	1000	first_full	5.982747375	5.982747375	0
Ga	round2	ssmsub	1000	graph0	0.005429667	0.005945729	12236048
Ga	round2	ssmsub	1000	graph	0.009195542	0.0095145	16390784
Ga	round2	ssmsub	1000	full	0.096250583	0.1016382295	61865392
Ga	round2	ssmsub	10000	graph0	0.059781459	0.065074167	131299536
Ga	round2	ssmsub	10000	graph	0.101701042	0.117065875	172750272
Ga	round2	ssmsub	10000	full	1.046624875	1.051588083	627328880
P12	round2	ssmsub	1000	first_full	5.846912458	5.846912458	0
P12	round2	ssmsub	1000	graph0	0.005183375	0.0066542915	12236048
P12	round2	ssmsub	1000	graph	0.009877666	0.0127813125	16390784
P12	round2	ssmsub	1000	full	0.154489334	0.2656670625	61865392
P12	round2	ssmsub	10000	graph0	0.07445325	0.0840400205	131299536
P12	round2	ssmsub	10000	graph	0.117599458	0.1320460835	172750272
P12	round2	ssmsub	10000	full	1.379274291	1.6340841455000001	627328880
G1	round2	mat	1024	first_full	6.657615334	6.657615334	0
G1	round2	mat	1024	graph0	0.008175	0.008551646	6496192
G1	round2	mat	1024	graph	0.012600208	0.013447042	13756144
G1	round2	mat	1024	full	0.089752417	0.09521985399999999	56249520
G1	round2	mat	10000	graph0	0.084413959	0.095217208	74794448
G1	round2	mat	10000	graph	0.154431167	0.1586229165	145968672
G1	round2	mat	10000	full	1.083867417	1.1754884375	560783360
G1	round2	mat	40000	graph0	0.454157041	0.501847792	263967664
G1	round2	mat	40000	graph	0.888647541	0.9703621665	548748864
G1	round2	mat	40000	full	5.373885292	8.699919270999999	2207962208
Gc	round2	mat	1024	first_full	7.084793625	7.084793625	0
Gc	round2	mat	1024	graph0	0.008210208	0.0085673745	6430656
Gc	round2	mat	1024	graph	0.015008208	0.015577124999999999	13590256
Gc	round2	mat	1024	full	0.091028542	0.09985058299999999	56083632
Gc	round2	mat	10000	graph0	0.0871835	0.087897354	74154448
Gc	round2	mat	10000	graph	0.27268525	0.283748	144363904
Gc	round2	mat	10000	full	1.010378042	1.155110375	559178592
Gc	round2	mat	40000	graph0	0.387776333	0.402103646	261407664
Gc	round2	mat	40000	graph	3.15516	3.1853413335000003	542340064
Gc	round2	mat	40000	full	7.226916208	7.7441146045	2201553408
Gb	round2	mat	1024	first_full	6.120113042	6.120113042	0
Gb	round2	mat	1024	graph0	0.008177208	0.0084660415	9676800
Gb	round2	mat	1024	graph	0.014983167	0.0156321875	16492112
Gb	round2	mat	1024	full	0.087173625	0.0916975	58165824
Gb	round2	mat	10000	graph0	0.09117375	0.097506521	105836560
Gb	round2	mat	10000	graph	0.281014417	0.2969583955	172685792
Gb	round2	mat	10000	full	1.033167292	1.175194542	579500016
Gb	round2	mat	40000	graph0	0.410929709	0.48286639600000003	388129776
Gb	round2	mat	40000	graph	3.325114	3.405582646	655621952
Gb	round2	mat	40000	full	8.082877583	9.2505816875	2282834832
Ga	round2	mat	1024	first_full	6.065532833	6.065532833	0
Ga	round2	mat	1024	graph0	0.008837208	0.009501229	9676800
Ga	round2	mat	1024	graph	0.014929834	0.016314625	16688816
Ga	round2	mat	1024	full	0.088242292	0.093634146	58362528
Ga	round2	mat	10000	graph0	0.107745458	0.125965146	105836560
Ga	round2	mat	10000	graph	0.294981916	0.36825645799999995	174605888
Ga	round2	mat	10000	full	1.190756875	1.3011738959999999	581420112
Ga	round2	mat	40000	graph0	0.534514125	0.588363646	388129776
Ga	round2	mat	40000	graph	3.321051417	3.537682458	663302048
Ga	round2	mat	40000	full	7.457510959	7.6865911245	2290514928
P12	round2	mat	1024	first_full	5.809313875	5.809313875	0
P12	round2	mat	1024	graph0	0.007641542	0.0081251875	9676800
P12	round2	mat	1024	graph	0.013999458	0.015859729500000003	16688816
P12	round2	mat	1024	full	0.085171375	0.089870333	58362528
P12	round2	mat	10000	graph0	0.083741875	0.0875328335	105836560
P12	round2	mat	10000	graph	0.259207084	0.27603500000000003	174605888
P12	round2	mat	10000	full	0.993213208	1.092753333	581420112
P12	round2	mat	40000	graph0	0.3722325	0.433664771	388129776
P12	round2	mat	40000	graph	2.966160209	3.208073958	663302048
P12	round2	mat	40000	full	6.682529584	7.0732606454999996	2290514928
