P12	round1	40	4.815027952194214	0.085245334	4.19960175	0.022974208	2025	2029
Gc	round1	40	24.95647096633911	0.137027	4.657780417	0.012256959	2032	2040
G1	round1	40	36.35475277900696	0.057473458	3.26252475	0.018034708	643	651
P12	round1	120	17.00242805480957	0.146657916	3.730553208	0.040451	4905	4909
Gc	round1	120	4.066123008728027	0.046675792	1.827752042	0.006716834	4912	4920
G1	round1	120	2.224532127380371	0.027829209	1.648843708	0.006146834	643	651
P12	round2	40	2.5447020530700684	0.011528	1.8484495	0.0052355	2025	2029
Gc	round2	40	2.69999098777771	0.030360208	1.617311292	0.002238959	2032	2040
G1	round2	40	2.4364328384399414	0.027290833	1.872104	0.002295458	643	651
P12	round2	120	2.458259105682373	0.013626458	1.714472	0.006468916	4905	4909
Gc	round2	120	2.276386022567749	0.028071542	1.636555625	0.006035167	4912	4920
G1	round2	120	2.1297829151153564	0.027112917	1.675603458	0.006091667	643	651
P12	round3	40	2.261082172393799	0.012136917	1.577168209	0.002215916	2025	2029
Gc	round3	40	2.24241304397583	0.031562375	1.649915792	0.002290916	2032	2040
G1	round3	40	2.036249876022339	0.027593583	1.666153209	0.002330208	643	651
P12	round3	120	2.0956649780273438	0.0112865	1.529485791	0.007199458	4905	4909
Gc	round3	120	2.1115219593048096	0.030535917	1.7010625	0.006164959	4912	4920
G1	round3	120	2.0509250164031982	0.026658875	1.64102075	0.005968541	643	651
P12	round4	40	1.9173591136932373	0.011521625	1.530461417	0.002188833	2044	2048
Ga	round4	40	1.948796033859253	0.011124041	1.5264265	0.0021575	2044	2048
Gb	round4	40	2.049398183822632	0.011214083	1.4985195	0.002288459	2046	2050
Gc	round4	40	2.02013897895813	0.038411	3.269976125	0.009505208	2051	2059
G1	round4	40	2.007556915283203	0.030964167	1.626984959	0.002208	624	632
P12	round5	40	2.1393752098083496	0.011631375	1.618160167	0.002267917	2044	2048
Ga	round5	40	2.142204999923706	0.011778625	1.530230666	0.002165209	2044	2048
Gb	round5	40	2.1194159984588623	0.011200542	1.54987475	0.002228917	2046	2050
Gc	round5	40	1.9848251342773438	0.02717025	1.616278375	0.002238667	2051	2059
G1	round5	40	2.0425639152526855	0.027627458	1.562822709	0.00227875	624	632
