P12	base	ssm1	100	first_full	5.127014417	5.127014417	0
P12	base	ssm1	100	graph0	0.000568458	0.0006144785000000001	786432
P12	base	ssm1	100	graph	0.000722375	0.000770312	1174752
P12	base	ssm1	100	full	0.00940225	0.009801	5742176
P12	base	ssm1	1000	graph0	0.00464725	0.004863271000000001	8004416
P12	base	ssm1	1000	graph	0.006522709	0.0070757295	11791136
P12	base	ssm1	1000	full	0.091912541	0.095353354	57297760
P12	base	ssm1	10000	graph0	0.046586834	0.052560625	91133584
P12	base	ssm1	10000	graph	0.081991333	0.08300762549999999	128904304
P12	base	ssm1	10000	full	0.965555125	0.991736437	583802928
P12	base	ssm1	100000	graph0	1.054740667	1.4611847295	783778544
P12	base	ssm1	100000	graph	0.905766042	1.1578713545000001	1161389264
P12	base	ssm1	100000	full	15.273790042	15.636400354500001	5710207888
P12	base	iid	100	first_full	6.201056417	6.201056417	0
P12	base	iid	100	graph0	0.000160792	0.00017166650000000001	328912
P12	base	iid	100	graph	0.00027625	0.00028931249999999996	543360
P12	base	iid	100	full	0.004363333	0.0045355215	2822208
P12	base	iid	1000	graph0	0.001091417	0.0012882705	3082896
P12	base	iid	1000	graph	0.001935875	0.0022346455	5111744
P12	base	iid	1000	full	0.039766958	0.042640187499999996	27581664
P12	base	iid	10000	graph0	0.012516	0.013107582999999999	28300688
P12	base	iid	10000	graph	0.023503083	0.024517187500000003	48473536
P12	base	iid	10000	full	0.461673458	0.4911023125	272977952
P12	base	iid	100000	graph0	0.374807625	0.38783054149999996	286064448
P12	base	iid	100000	graph	0.391835917	0.4734032505	487677296
P12	base	iid	100000	full	6.053629458	6.179784729	2730543760
P12	base	hmm	100	first_full	7.082074875	7.082074875	0
P12	base	hmm	100	graph0	0.000282792	0.000307271	708944
P12	base	hmm	100	graph	0.00070775	0.000742604	1312880
P12	base	hmm	100	full	0.0108265	0.011487645500000001	6772272
P12	base	hmm	1000	graph0	0.002310875	0.0023594584999999998	6388800
P12	base	hmm	1000	graph	0.005800375	0.0063804795	12234368
P12	base	hmm	1000	full	0.104030459	0.10713147949999999	66425632
P12	base	hmm	10000	graph0	0.024126542	0.026866520999999997	62518016
P12	base	hmm	10000	graph	0.070532167	0.07972225	120779584
P12	base	hmm	10000	full	1.089487	1.13415	662413344
P12	base	hmm	100000	graph0	0.759115583	0.817387312	616753472
P12	base	hmm	100000	graph	2.115784167	2.5092806665	1199175040
P12	base	hmm	100000	full	24.082343958	27.807882229	6613250848
P12	base	ssmsub	100	first_full	5.701082125	5.701082125	0
P12	base	ssmsub	100	graph0	0.000653708	0.0006917085	1174784
P12	base	ssmsub	100	graph	0.000972417	0.0010390414999999998	1599920
P12	base	ssmsub	100	full	0.01016525	0.0105072085	6164128
P12	base	ssmsub	1000	graph0	0.005220291	0.005748896	12236048
P12	base	ssmsub	1000	graph	0.008736625	0.009630583500000001	16390784
P12	base	ssmsub	1000	full	0.099264667	0.1025632705	61865392
P12	base	ssmsub	10000	graph0	0.058633458	0.0636553545	131299536
P12	base	ssmsub	10000	graph	0.1019695	0.109174021	172750272
P12	base	ssmsub	10000	full	1.114136333	1.1365561665000001	627328880
P12	base	ssmsub	100000	graph0	1.381632834	1.7323148339999999	1209761856
P12	base	ssmsub	100000	graph	1.522335459	2.0163300005	1624172592
P12	base	ssmsub	100000	full	31.4486825	82.8126331875	6169791200
P12	base	mat	100	first_full	5.984037292	5.984037292	0
P12	base	mat	100	graph0	0.000886958	0.000959875	945360
P12	base	mat	100	graph	0.001390125	0.0014600415	1639008
P12	base	mat	100	full	0.008699375	0.009449833500000001	5726048
P12	base	mat	1000	graph0	0.008449083	0.009033791499999999	9676800
P12	base	mat	1000	graph	0.015945583	0.01738375	16688816
P12	base	mat	1000	full	0.089367209	0.09379775	58362528
P12	base	mat	10000	graph0	0.087567666	0.10404602099999999	105836560
P12	base	mat	10000	graph	0.296737917	0.3330320835	174605888
P12	base	mat	10000	full	1.14001975	1.1972922289999999	581420112
P12	base	mat	100000	graph0	1.067691667	1.2786154795	930782704
P12	base	mat	100000	graph	20.08210775	22.1047490205	1617768096
P12	base	mat	100000	full	40.269745209	40.938115667000005	5678955792
P12	base	nl	100	first_full	8.429458	8.429458	0
P12	base	nl	100	graph0	0.000698209	0.0008062085	1286592
P12	base	nl	100	graph	0.003383333	0.00349875	1860944
P12	base	nl	100	full	0.018332084	0.019110104500000002	9209600
P12	base	nl	300	graph0	0.001921583	0.0020295625	3098016
P12	base	nl	300	graph	0.024531042	0.0248322295	4798768
P12	base	nl	300	full	0.07053425	0.08224795800000001	26806624
P12	base	nl	1000	graph0	0.006173792	0.006470416499999999	10375376
P12	base	nl	1000	graph	0.277703709	0.31601529149999996	16018528
P12	base	nl	1000	full	0.433084417	0.454420396	89333584
P12	base	nl	3000	graph0	0.018278292	0.0206312915	32598272
P12	base	nl	3000	graph	2.482758417	2.581845979	49505424
P12	base	nl	3000	full	2.95404975	3.1742988125	269412480
