P12	round1	ssm1	1000	first_full	4.964583833	4.964583833	0
P12	round1	ssm1	1000	graph0	0.004429666	0.004947937499999999	8004416
P12	round1	ssm1	1000	graph	0.0063175	0.0069576665	11791136
P12	round1	ssm1	1000	full	0.092585667	0.0969077915	57297760
P12	round1	ssm1	10000	graph0	0.04671875	0.052446354	91133584
P12	round1	ssm1	10000	graph	0.070536542	0.0837485	128904304
P12	round1	ssm1	10000	full	0.97222325	0.983875938	583802928
G1	round1	ssm1	1000	first_full	4.799297375	4.799297375	0
G1	round1	ssm1	1000	graph0	0.004180083	0.004424125	4850304
G1	round1	ssm1	1000	graph	0.005777792	0.0060438545	8781056
G1	round1	ssm1	1000	full	0.089038417	0.091650229	55104224
G1	round1	ssm1	10000	graph0	0.042299583	0.0448642295	59611472
G1	round1	ssm1	10000	graph	0.06872175	0.073483313	98822224
G1	round1	ssm1	10000	full	0.930590042	0.9430505	561881392
G1	round2	ssm1	1000	first_full	4.895918208	4.895918208	0
G1	round2	ssm1	1000	graph0	0.004149041	0.0044325835	4850304
G1	round2	ssm1	1000	graph	0.005758917	0.006186396	8781056
G1	round2	ssm1	1000	full	0.088518084	0.093435083	55104224
G1	round2	ssm1	10000	graph0	0.047673375	0.0508533335	59611472
G1	round2	ssm1	10000	graph	0.067458416	0.071960667	98822224
G1	round2	ssm1	10000	full	0.945088042	0.9479348955	561881392
P12	round2	ssm1	1000	first_full	4.835911375	4.835911375	0
P12	round2	ssm1	1000	graph0	0.004109333	0.004748812	8004416
P12	round2	ssm1	1000	graph	0.006165208	0.0069596875	11791136
P12	round2	ssm1	1000	full	0.0902605	0.0946286875	57297760
P12	round2	ssm1	10000	graph0	0.045628708	0.050267125	91133584
P12	round2	ssm1	10000	graph	0.068265	0.077891938	128904304
P12	round2	ssm1	10000	full	0.958818166	0.9653829165	583802928
P12	round3	ssm1	1000	first_full	4.986610833	4.986610833	0
P12	round3	ssm1	1000	graph0	0.0047285	0.0050154585	8004416
P12	round3	ssm1	1000	graph	0.006467416	0.0074179580000000005	11791136
P12	round3	ssm1	1000	full	0.092206791	0.0953597295	57297760
P12	round3	ssm1	10000	graph0	0.047259375	0.0527599795	91133584
P12	round3	ssm1	10000	graph	0.06946575	0.081951417	128904304
P12	round3	ssm1	10000	full	0.9839125	0.9908531875	583802928
G1	round3	ssm1	1000	first_full	4.896451292	4.896451292	0
G1	round3	ssm1	1000	graph0	0.004172375	0.0044826455	4850304
G1	round3	ssm1	1000	graph	0.0058165	0.006197917000000001	8781056
G1	round3	ssm1	1000	full	0.089942208	0.09270683299999999	55104224
G1	round3	ssm1	10000	graph0	0.044795875	0.0477027295	59611472
G1	round3	ssm1	10000	graph	0.063569125	0.069714354	98822224
G1	round3	ssm1	10000	full	0.952447625	1.0709373335	561881392
G1	round4	ssm1	1000	first_full	4.861268458	4.861268458	0
G1	round4	ssm1	1000	graph0	0.004307292	0.0044540835	4850304
G1	round4	ssm1	1000	graph	0.00578225	0.0060226665	8781056
G1	round4	ssm1	1000	full	0.089916375	0.092464396	55104224
G1	round4	ssm1	10000	graph0	0.045002334	0.048620354000000005	59611472
G1	round4	ssm1	10000	graph	0.066136792	0.0704185625	98822224
G1	round4	ssm1	10000	full	0.916052291	0.9413054375000001	561881392
P12	round4	ssm1	1000	first_full	4.8837375	4.8837375	0
P12	round4	ssm1	1000	graph0	0.00415375	0.004616104	8004416
P12	round4	ssm1	1000	graph	0.005852125	0.00640125	11791136
P12	round4	ssm1	1000	full	0.09020325	0.0934396045	57297760
P12	round4	ssm1	10000	graph0	0.0457085	0.0499670205	91133584
P12	round4	ssm1	10000	graph	0.073111708	0.08490220849999999	128904304
P12	round4	ssm1	10000	full	0.955428875	0.9725550620000001	583802928
