R1	run1	iid	load	14.610985040664673	14.610985040664673	0	0.0
R1	run1	iid	ttfx	9.81781275	9.81781275	0	0.0
R1	run1	iid	infer(I=10)	0.054965958	0.05630825	49321536	0.0
R1	run1	iid	infer(I=20)	0.066536958	0.068496208	69014848	0.0
R1	run1	iid	per-iteration	0.001157099999999999	0.0012187958000000007	1.9693312e6	0.0
R1	run1	iid	setup (T(I) - I*per-iteration)	0.04339495800000001	NaN	29628224	0.0
R10	run1	iid	load	2.7295799255371094	2.7295799255371094	0	0.0
R10	run1	iid	ttfx	10.112129792	10.112129792	0	0.0
R10	run1	iid	infer(I=10)	0.056932292	0.060669083	49642304	0.0
R10	run1	iid	infer(I=20)	0.068950333	0.072791291	69335616	0.0
R10	run1	iid	per-iteration	0.0012018041	0.0012122207999999996	1.9693312e6	0.0
R10	run1	iid	setup (T(I) - I*per-iteration)	0.044914251	NaN	29948992	0.0
R1	run1	hmm	load	2.4896280765533447	2.4896280765533447	0	0.0
R1	run1	hmm	ttfx	21.74256525	21.74256525	0	0.0
R1	run1	hmm	infer(I=10)	0.092162958	0.123742084	66527200	0.0
R1	run1	hmm	infer(I=20)	0.178402333	0.238843042	108807200	0.0
R1	run1	hmm	per-iteration	0.0086239375	0.0115100958	4.228e6	0.0
R1	run1	hmm	setup (T(I) - I*per-iteration)	0.00592358300000001	NaN	24247200	0.0
R10	run1	hmm	load	4.07854700088501	4.07854700088501	0	0.0
R10	run1	hmm	ttfx	20.059370417	20.059370417	0	0.0
R10	run1	hmm	infer(I=10)	0.07890825	0.082714125	66953712	0.0
R10	run1	hmm	infer(I=20)	0.119518083	0.14075475	109261552	0.0
R10	run1	hmm	per-iteration	0.0040609832999999994	0.005804062500000001	4.230784e6	0.0
R10	run1	hmm	setup (T(I) - I*per-iteration)	0.038298417	NaN	24645872	0.0
R1	run1	ssm1	load	2.2550570964813232	2.2550570964813232	0	0.0
R1	run1	ssm1	ttfx	18.26864375	18.26864375	0	0.0
R1	run1	ssm1	infer(I=1)	0.130102875	0.135545625	76583392	0.0
R10	run1	ssm1	load	2.224234104156494	2.224234104156494	0	0.0
R10	run1	ssm1	ttfx	15.265001833	15.265001833	0	0.0
R10	run1	ssm1	infer(I=1)	0.132911708	0.143095709	77498416	0.0
R1	run2	iid	load	2.088275909423828	2.088275909423828	0	0.0
R1	run2	iid	ttfx	9.462705666	9.462705666	0	0.0
R1	run2	iid	infer(I=10)	0.05565775	0.057233666	49321536	0.0
R1	run2	iid	infer(I=20)	0.066791167	0.070668291	69014848	0.0
R1	run2	iid	per-iteration	0.0011133417	0.0013434624999999992	1.9693312e6	0.0
R1	run2	iid	setup (T(I) - I*per-iteration)	0.044524333	NaN	29628224	0.0
R10	run2	iid	load	2.393415927886963	2.393415927886963	0	0.0
R10	run2	iid	ttfx	9.718975458	9.718975458	0	0.0
R10	run2	iid	infer(I=10)	0.054384084	0.054895125	49642304	0.0
R10	run2	iid	infer(I=20)	0.065629417	0.066183958	69335616	0.0
R10	run2	iid	per-iteration	0.0011245332999999997	0.0011288833	1.9693312e6	0.0
R10	run2	iid	setup (T(I) - I*per-iteration)	0.043138751	NaN	29948992	0.0
R1	run2	hmm	load	2.0857388973236084	2.0857388973236084	0	0.0
R1	run2	hmm	ttfx	17.716388	17.716388	0	0.0
R1	run2	hmm	infer(I=10)	0.071462083	0.0726755	66527200	0.0
R1	run2	hmm	infer(I=20)	0.106827333	0.118065959	108807200	0.0
R1	run2	hmm	per-iteration	0.003536525	0.004539045899999999	4.228e6	0.0
R1	run2	hmm	setup (T(I) - I*per-iteration)	0.036096832999999995	NaN	24247200	0.0
R10	run2	hmm	load	2.0528969764709473	2.0528969764709473	0	0.0
R10	run2	hmm	ttfx	18.3698515	18.3698515	0	0.0
R10	run2	hmm	infer(I=10)	0.073716209	0.07565175	66953712	0.0
R10	run2	hmm	infer(I=20)	0.1120765	0.113998334	109261552	0.0
R10	run2	hmm	per-iteration	0.003836029099999999	0.0038346584000000005	4.230784e6	0.0
R10	run2	hmm	setup (T(I) - I*per-iteration)	0.035355918000000014	NaN	24645872	0.0
R1	run2	ssm1	load	1.9543509483337402	1.9543509483337402	0	0.0
R1	run2	ssm1	ttfx	14.131749458	14.131749458	0	0.0
R1	run2	ssm1	infer(I=1)	0.122541083	0.123529333	76583392	0.0
R10	run2	ssm1	load	2.3578779697418213	2.3578779697418213	0	0.0
R10	run2	ssm1	ttfx	14.431939167	14.431939167	0	0.0
R10	run2	ssm1	infer(I=1)	0.121500458	0.131608292	77498416	0.0
