P12	run1	rocket/subject fan-out k=1	12.8	13.2	0	0
P12	run1	rocket/subject fan-out k=10	99.6	102.8	0	0
P12	run1	rocket/subject fan-out k=100	959.8	967.0	0	0
P12	run1	rocket/combineLatest PushNew k=2 round	35.9	36.5	0	0
P12	run1	rocket/combineLatest PushNew k=5 round	85.1	88.8	0	0
P12	run1	rocket/combineLatest PushNew k=10 round	216.2	225.8	0	0
P12	run1	rocket/combineLatest PushNew k=20 round	425.3	428.4	0	0
P12	run1	rocket/collectLatest N=100 round	2208.0	2250.0	100	1600
P12	run1	rocket/collectLatest N=1000 round	60625.0	61083.5	1000	16000
P12	run1	rocket/collectLatest N=10000 round	506833.0	508708.0	10000	160000
P12	run1	graph/iid n=100 per-iteration	63308.4	64404.2	-1	110780
P12	run1	graph/iid n=100 build+activate	2.668625e6	2.696e6	-1	1937616
P12	run1	graph/iid n=1000 per-iteration	621637.5	659450.0	-1	1104380
P12	run1	graph/iid n=1000 build+activate	2.5521875e7	2.5639041e7	-1	19144912
P12	run1	graph/iid n=10000 per-iteration	1.23577583e7	1.65977458e7	-1	11040380
P12	run1	graph/iid n=10000 build+activate	2.5931875e8	2.61694458e8	-1	191624592
P12	run1	graph/iid n=1000 no-FE per-iteration	478108.4	481191.6	-1	944220
P12	run1	graph/iid n=1000 no-FE build+activate	2.0925125e7	2.1099625e7	-1	16093936
P12	run1	graph/chain n=300 per-iteration	1.4496208e6	1.4994792e6	-1	1513100
P12	run1	graph/chain n=300 build+activate	2.251425e7	2.3133125e7	-1	16184288
P12	run1	graph/chain n=1000 per-iteration	6.2976459e6	8.7183791e6	-1	5052300
P12	run1	graph/chain n=1000 build+activate	7.9273292e7	8.278475e7	-1	53951696
P12	run1	graph/chain n=1000 no-FE per-iteration	4.9363708e6	5.787375e6	-1	3485548
P12	run1	graph/chain n=1000 no-FE build+activate	6.4843709e7	6.6695583e7	-1	44031312
R1	run1	rocket/subject fan-out k=1	16.4	17.3	0	0
R1	run1	rocket/subject fan-out k=10	110.8	112.4	0	0
R1	run1	rocket/subject fan-out k=100	967.1	978.1	0	0
R1	run1	rocket/combineLatest PushNew k=2 round	40.4	41.3	0	0
R1	run1	rocket/combineLatest PushNew k=5 round	89.4	94.1	0	0
R1	run1	rocket/combineLatest PushNew k=10 round	205.3	213.2	0	0
R1	run1	rocket/combineLatest PushNew k=20 round	410.2	426.9	0	0
R1	run1	rocket/collectLatest N=100 round	1959.0	2042.0	100	1600
R1	run1	rocket/collectLatest N=1000 round	20458.0	20729.5	1000	16000
R1	run1	rocket/collectLatest N=10000 round	209125.0	210521.0	10000	160000
R1	run1	graph/iid n=100 per-iteration	58362.5	60233.4	-1	102700
R1	run1	graph/iid n=100 build+activate	2.683209e6	2.699708e6	-1	1770608
R1	run1	graph/iid n=1000 per-iteration	573000.0	584112.5	-1	1024300
R1	run1	graph/iid n=1000 build+activate	2.5930083e7	2.6326667e7	-1	17494704
R1	run1	graph/iid n=10000 per-iteration	1.28697584e7	1.41814708e7	-1	10240300
R1	run1	graph/iid n=10000 build+activate	2.65498167e8	2.89379708e8	-1	175142384
R1	run1	graph/iid n=1000 no-FE per-iteration	497941.6	505833.3	-1	944220
R1	run1	graph/iid n=1000 no-FE build+activate	2.2381458e7	2.2456e7	-1	15372896
R1	run1	graph/chain n=300 per-iteration	1.4425167e6	1.4583833e6	-1	1465100
R1	run1	graph/chain n=300 build+activate	2.321175e7	2.3502084e7	-1	14319376
R1	run1	graph/chain n=1000 per-iteration	5.9707e6	6.2771417e6	-1	4892300
R1	run1	graph/chain n=1000 build+activate	7.8987958e7	8.072625e7	-1	47729984
R1	run1	graph/chain n=1000 no-FE per-iteration	4.6736125e6	5.1480417e6	-1	3485548
R1	run1	graph/chain n=1000 no-FE build+activate	6.6003083e7	6.6354917e7	-1	41488176
R9	run1	rocket/subject fan-out k=1	20.2	20.6	0	0
R9	run1	rocket/subject fan-out k=10	111.6	115.2	0	0
R9	run1	rocket/subject fan-out k=100	1000.0	1016.7	0	0
R9	run1	rocket/combineLatest PushNew k=2 round	47.6	48.9	0	0
R9	run1	rocket/combineLatest PushNew k=5 round	126.1	129.9	0	0
R9	run1	rocket/combineLatest PushNew k=10 round	252.0	265.1	0	0
R9	run1	rocket/combineLatest PushNew k=20 round	512.1	519.6	0	0
R9	run1	rocket/collectLatest N=100 round	2583.0	2625.0	100	1600
R9	run1	rocket/collectLatest N=1000 round	26084.0	26333.0	1000	16000
R9	run1	rocket/collectLatest N=10000 round	263917.0	266812.5	10000	160000
R9	run1	graph/iid n=100 per-iteration	62279.1	63829.1	-1	102700
R9	run1	graph/iid n=100 build+activate	2.687625e6	2.758959e6	-1	1790064
R9	run1	graph/iid n=1000 per-iteration	609758.4	624566.6	-1	1024300
R9	run1	graph/iid n=1000 build+activate	2.5968625e7	2.6338166e7	-1	17686960
R9	run1	graph/iid n=10000 per-iteration	1.36499916e7	1.49703542e7	-1	10240300
R9	run1	graph/iid n=10000 build+activate	2.62544791e8	2.65524959e8	-1	177062640
R9	run1	graph/iid n=1000 no-FE per-iteration	502370.9	508675.0	-1	944220
R9	run1	graph/iid n=1000 no-FE build+activate	2.1877375e7	2.2060667e7	-1	15469008
R9	run1	graph/chain n=300 per-iteration	1.8809291e6	2.16275e6	-1	1467532
R9	run1	graph/chain n=300 build+activate	2.4194208e7	2.5783167e7	-1	14586096
R9	run1	graph/chain n=1000 per-iteration	8.2087875e6	1.04050791e7	-1	4901692
R9	run1	graph/chain n=1000 build+activate	8.2700333e7	8.6061375e7	-1	48621904
R9	run1	graph/chain n=1000 no-FE per-iteration	6.709275e6	7.4782084e6	-1	3493532
R9	run1	graph/chain n=1000 no-FE build+activate	6.8304334e7	6.9097334e7	-1	42076160
P12	run2	rocket/subject fan-out k=1	16.1	16.6	0	0
P12	run2	rocket/subject fan-out k=10	109.3	110.6	0	0
P12	run2	rocket/subject fan-out k=100	964.3	974.2	0	0
P12	run2	rocket/combineLatest PushNew k=2 round	39.8	40.4	0	0
P12	run2	rocket/combineLatest PushNew k=5 round	93.3	95.4	0	0
P12	run2	rocket/combineLatest PushNew k=10 round	223.2	230.3	0	0
P12	run2	rocket/combineLatest PushNew k=20 round	447.0	452.0	0	0
P12	run2	rocket/collectLatest N=100 round	2333.0	2375.0	100	1600
P12	run2	rocket/collectLatest N=1000 round	24791.0	25021.0	1000	16000
P12	run2	rocket/collectLatest N=10000 round	526666.0	536958.5	10000	160000
P12	run2	graph/iid n=100 per-iteration	61900.0	63666.7	-1	110780
P12	run2	graph/iid n=100 build+activate	2.68975e6	2.780709e6	-1	1937616
P12	run2	graph/iid n=1000 per-iteration	632604.2	642629.1	-1	1104380
P12	run2	graph/iid n=1000 build+activate	2.6297584e7	2.6684042e7	-1	19144912
P12	run2	graph/iid n=10000 per-iteration	1.445535e7	1.59778666e7	-1	11040380
P12	run2	graph/iid n=10000 build+activate	2.60053542e8	2.6466175e8	-1	191624592
P12	run2	graph/iid n=1000 no-FE per-iteration	471954.2	479629.1	-1	944220
P12	run2	graph/iid n=1000 no-FE build+activate	2.1366334e7	2.1592625e7	-1	16093936
P12	run2	graph/chain n=300 per-iteration	1.4742791e6	1.5371417e6	-1	1513100
P12	run2	graph/chain n=300 build+activate	2.2908833e7	2.4219125e7	-1	16184288
P12	run2	graph/chain n=1000 per-iteration	6.2019833e6	6.6877667e6	-1	5052300
P12	run2	graph/chain n=1000 build+activate	7.7087375e7	8.136675e7	-1	53951696
P12	run2	graph/chain n=1000 no-FE per-iteration	4.62655e6	4.808925e6	-1	3485548
P12	run2	graph/chain n=1000 no-FE build+activate	6.43425e7	6.5131125e7	-1	44031312
R1	run2	rocket/subject fan-out k=1	15.9	16.8	0	0
R1	run2	rocket/subject fan-out k=10	107.5	111.5	0	0
R1	run2	rocket/subject fan-out k=100	963.0	972.2	0	0
R1	run2	rocket/combineLatest PushNew k=2 round	39.7	41.4	0	0
R1	run2	rocket/combineLatest PushNew k=5 round	90.6	93.8	0	0
R1	run2	rocket/combineLatest PushNew k=10 round	206.7	214.8	0	0
R1	run2	rocket/combineLatest PushNew k=20 round	399.8	414.2	0	0
R1	run2	rocket/collectLatest N=100 round	2000.0	2042.0	100	1600
R1	run2	rocket/collectLatest N=1000 round	20375.0	20687.5	1000	16000
R1	run2	rocket/collectLatest N=10000 round	212875.0	213729.0	10000	160000
R1	run2	graph/iid n=100 per-iteration	59008.4	60358.3	-1	102700
R1	run2	graph/iid n=100 build+activate	2.732125e6	2.796875e6	-1	1770608
R1	run2	graph/iid n=1000 per-iteration	561441.6	576016.7	-1	1024300
R1	run2	graph/iid n=1000 build+activate	2.5526708e7	2.6164375e7	-1	17494704
R1	run2	graph/iid n=10000 per-iteration	1.2302575e7	1.40684667e7	-1	10240300
R1	run2	graph/iid n=10000 build+activate	2.59421917e8	2.62140459e8	-1	175142384
R1	run2	graph/iid n=1000 no-FE per-iteration	476283.3	494987.5	-1	944220
R1	run2	graph/iid n=1000 no-FE build+activate	2.1710542e7	2.1977916e7	-1	15372896
R1	run2	graph/chain n=300 per-iteration	1.3588459e6	1.3788875e6	-1	1465100
R1	run2	graph/chain n=300 build+activate	2.2661625e7	2.2954666e7	-1	14319376
R1	run2	graph/chain n=1000 per-iteration	5.60925e6	5.9421459e6	-1	4892300
R1	run2	graph/chain n=1000 build+activate	7.628175e7	7.8143958e7	-1	47729984
R1	run2	graph/chain n=1000 no-FE per-iteration	4.9770833e6	6.3669541e6	-1	3485548
R1	run2	graph/chain n=1000 no-FE build+activate	6.5889833e7	6.7164542e7	-1	41488176
R9	run2	rocket/subject fan-out k=1	29.4	30.7	0	0
R9	run2	rocket/subject fan-out k=10	122.8	127.5	0	0
R9	run2	rocket/subject fan-out k=100	950.4	986.1	0	0
R9	run2	rocket/combineLatest PushNew k=2 round	65.7	67.9	0	0
R9	run2	rocket/combineLatest PushNew k=5 round	160.4	170.3	0	0
R9	run2	rocket/combineLatest PushNew k=10 round	331.1	347.2	0	0
R9	run2	rocket/combineLatest PushNew k=20 round	621.8	646.3	0	0
R9	run2	rocket/collectLatest N=100 round	3375.0	3458.5	100	1600
R9	run2	rocket/collectLatest N=1000 round	34125.0	34791.5	1000	16000
R9	run2	rocket/collectLatest N=10000 round	344833.0	348896.0	10000	160000
R9	run2	graph/iid n=100 per-iteration	65237.5	67470.9	-1	102700
R9	run2	graph/iid n=100 build+activate	2.737333e6	2.7785e6	-1	1790064
R9	run2	graph/iid n=1000 per-iteration	630387.5	636433.4	-1	1024300
R9	run2	graph/iid n=1000 build+activate	2.5995209e7	2.6314583e7	-1	17686960
R9	run2	graph/iid n=10000 per-iteration	1.42008959e7	1.53106958e7	-1	10240300
R9	run2	graph/iid n=10000 build+activate	2.6744725e8	2.69595e8	-1	177062640
R9	run2	graph/iid n=1000 no-FE per-iteration	513095.8	535350.0	-1	944220
R9	run2	graph/iid n=1000 no-FE build+activate	2.1678125e7	2.2359667e7	-1	15469008
R9	run2	graph/chain n=300 per-iteration	1.761725e6	1.7977e6	-1	1467532
R9	run2	graph/chain n=300 build+activate	2.4082083e7	2.414025e7	-1	14586096
R9	run2	graph/chain n=1000 per-iteration	8.3098084e6	9.046e6	-1	4901692
R9	run2	graph/chain n=1000 build+activate	8.2139375e7	8.371225e7	-1	48621904
R9	run2	graph/chain n=1000 no-FE per-iteration	6.5627167e6	7.556525e6	-1	3493532
R9	run2	graph/chain n=1000 no-FE build+activate	6.9548584e7	6.9868709e7	-1	42076160
P12	run3	rocket/subject fan-out k=1	15.9	17.1	0	0
P12	run3	rocket/subject fan-out k=10	107.1	111.3	0	0
P12	run3	rocket/subject fan-out k=100	960.2	971.6	0	0
P12	run3	rocket/combineLatest PushNew k=2 round	39.9	40.4	0	0
P12	run3	rocket/combineLatest PushNew k=5 round	92.8	94.9	0	0
P12	run3	rocket/combineLatest PushNew k=10 round	221.7	227.1	0	0
P12	run3	rocket/combineLatest PushNew k=20 round	451.6	464.7	0	0
P12	run3	rocket/collectLatest N=100 round	2250.0	2333.0	100	1600
P12	run3	rocket/collectLatest N=1000 round	24666.0	25125.0	1000	16000
P12	run3	rocket/collectLatest N=10000 round	514291.0	518229.0	10000	160000
P12	run3	graph/iid n=100 per-iteration	60554.1	62758.3	-1	110780
P12	run3	graph/iid n=100 build+activate	2.610084e6	2.709083e6	-1	1937616
P12	run3	graph/iid n=1000 per-iteration	587670.9	608475.0	-1	1104380
P12	run3	graph/iid n=1000 build+activate	2.5163667e7	2.5419375e7	-1	19144912
P12	run3	graph/iid n=10000 per-iteration	1.18547125e7	1.53695209e7	-1	11040380
P12	run3	graph/iid n=10000 build+activate	2.58334209e8	2.64488334e8	-1	191624592
P12	run3	graph/iid n=1000 no-FE per-iteration	479983.4	493554.2	-1	944220
P12	run3	graph/iid n=1000 no-FE build+activate	2.2263542e7	2.2527833e7	-1	16093936
P12	run3	graph/chain n=300 per-iteration	1.4734833e6	1.5528625e6	-1	1513100
P12	run3	graph/chain n=300 build+activate	2.3668417e7	2.3776333e7	-1	16184288
P12	run3	graph/chain n=1000 per-iteration	6.4052625e6	8.1480833e6	-1	5052300
P12	run3	graph/chain n=1000 build+activate	8.00805e7	8.0253792e7	-1	53951696
P12	run3	graph/chain n=1000 no-FE per-iteration	4.8754208e6	5.619325e6	-1	3485548
P12	run3	graph/chain n=1000 no-FE build+activate	6.6015e7	6.6609417e7	-1	44031312
R1	run3	rocket/subject fan-out k=1	13.1	13.3	0	0
R1	run3	rocket/subject fan-out k=10	99.9	103.1	0	0
R1	run3	rocket/subject fan-out k=100	932.1	944.4	0	0
R1	run3	rocket/combineLatest PushNew k=2 round	34.2	35.9	0	0
R1	run3	rocket/combineLatest PushNew k=5 round	84.3	88.4	0	0
R1	run3	rocket/combineLatest PushNew k=10 round	194.7	202.6	0	0
R1	run3	rocket/combineLatest PushNew k=20 round	392.2	411.5	0	0
R1	run3	rocket/collectLatest N=100 round	1833.0	1875.0	100	1600
R1	run3	rocket/collectLatest N=1000 round	19292.0	20208.5	1000	16000
R1	run3	rocket/collectLatest N=10000 round	200417.0	201229.5	10000	160000
R1	run3	graph/iid n=100 per-iteration	59275.0	59762.5	-1	102700
R1	run3	graph/iid n=100 build+activate	2.491209e6	2.507542e6	-1	1770608
R1	run3	graph/iid n=1000 per-iteration	575462.5	583300.0	-1	1024300
R1	run3	graph/iid n=1000 build+activate	2.4035583e7	2.4419667e7	-1	17494704
R1	run3	graph/iid n=10000 per-iteration	1.27947666e7	1.40448209e7	-1	10240300
R1	run3	graph/iid n=10000 build+activate	2.51318666e8	2.56048375e8	-1	175142384
R1	run3	graph/iid n=1000 no-FE per-iteration	504220.9	513191.7	-1	944220
R1	run3	graph/iid n=1000 no-FE build+activate	2.1003875e7	2.1508291e7	-1	15372896
R1	run3	graph/chain n=300 per-iteration	1.3967208e6	1.412725e6	-1	1465100
R1	run3	graph/chain n=300 build+activate	2.2508291e7	2.2598833e7	-1	14319376
R1	run3	graph/chain n=1000 per-iteration	5.8917958e6	7.147925e6	-1	4892300
R1	run3	graph/chain n=1000 build+activate	7.6897583e7	7.8881042e7	-1	47729984
R1	run3	graph/chain n=1000 no-FE per-iteration	4.4279e6	5.4270916e6	-1	3485548
R1	run3	graph/chain n=1000 no-FE build+activate	6.4308166e7	6.5360334e7	-1	41488176
R9	run3	rocket/subject fan-out k=1	30.1	31.5	0	0
R9	run3	rocket/subject fan-out k=10	125.7	130.0	0	0
R9	run3	rocket/subject fan-out k=100	981.0	990.5	0	0
R9	run3	rocket/combineLatest PushNew k=2 round	66.0	70.3	0	0
R9	run3	rocket/combineLatest PushNew k=5 round	167.5	173.7	0	0
R9	run3	rocket/combineLatest PushNew k=10 round	343.7	357.7	0	0
R9	run3	rocket/combineLatest PushNew k=20 round	631.5	657.2	0	0
R9	run3	rocket/collectLatest N=100 round	3458.0	3500.0	100	1600
R9	run3	rocket/collectLatest N=1000 round	34958.0	35396.0	1000	16000
R9	run3	rocket/collectLatest N=10000 round	350334.0	355583.5	10000	160000
R9	run3	graph/iid n=100 per-iteration	72833.3	73858.3	-1	102700
R9	run3	graph/iid n=100 build+activate	2.778291e6	2.806917e6	-1	1790064
R9	run3	graph/iid n=1000 per-iteration	738295.9	753141.7	-1	1024300
R9	run3	graph/iid n=1000 build+activate	2.6840625e7	2.7185542e7	-1	17686960
R9	run3	graph/iid n=10000 per-iteration	1.38372167e7	1.58569209e7	-1	10240300
R9	run3	graph/iid n=10000 build+activate	2.731815e8	2.77394458e8	-1	177062640
R9	run3	graph/iid n=1000 no-FE per-iteration	562275.0	583091.7	-1	944220
R9	run3	graph/iid n=1000 no-FE build+activate	2.1794375e7	2.2351084e7	-1	15469008
R9	run3	graph/chain n=300 per-iteration	1.82285e6	1.9921792e6	-1	1467532
R9	run3	graph/chain n=300 build+activate	2.3871917e7	2.5005292e7	-1	14586096
R9	run3	graph/chain n=1000 per-iteration	8.2825875e6	8.8129583e6	-1	4901692
R9	run3	graph/chain n=1000 build+activate	8.3699167e7	8.5354083e7	-1	48621904
R9	run3	graph/chain n=1000 no-FE per-iteration	6.3713417e6	8.9537625e6	-1	3493532
R9	run3	graph/chain n=1000 no-FE build+activate	6.8849208e7	6.9829458e7	-1	42076160
