R1	run1	rocket/subject fan-out k=1	13.1	13.2	0	0
R1	run1	rocket/subject fan-out k=10	102.6	103.0	0	0
R1	run1	rocket/subject fan-out k=100	958.3	971.5	0	0
R1	run1	rocket/combineLatest PushNew k=2 round	36.4	37.6	0	0
R1	run1	rocket/combineLatest PushNew k=5 round	85.7	87.1	0	0
R1	run1	rocket/combineLatest PushNew k=10 round	201.5	204.9	0	0
R1	run1	rocket/combineLatest PushNew k=20 round	404.4	410.4	0	0
R1	run1	rocket/collectLatest N=100 round	1875.0	1917.0	100	1600
R1	run1	rocket/collectLatest N=1000 round	19791.0	20000.0	1000	16000
R1	run1	rocket/collectLatest N=10000 round	198250.0	201042.0	10000	160000
R1	run1	graph/iid n=100 per-iteration	63116.7	64612.5	-1	102700
R1	run1	graph/iid n=100 build+activate	2.711708e6	2.760333e6	-1	1770608
R1	run1	graph/iid n=1000 per-iteration	608545.9	646945.8	-1	1024300
R1	run1	graph/iid n=1000 build+activate	2.5969166e7	2.6724458e7	-1	17494704
R1	run1	graph/iid n=10000 per-iteration	1.57529667e7	1.86488167e7	-1	10240300
R1	run1	graph/iid n=10000 build+activate	2.79281e8	3.41481208e8	-1	175142384
R1	run1	graph/iid n=1000 no-FE per-iteration	486100.0	502412.5	-1	944220
R1	run1	graph/iid n=1000 no-FE build+activate	2.2414292e7	2.5530541e7	-1	15372896
R1	run1	graph/chain n=300 per-iteration	1.4949833e6	1.6159916e6	-1	1465100
R1	run1	graph/chain n=300 build+activate	2.3767875e7	2.8222875e7	-1	14319376
R1	run1	graph/chain n=1000 per-iteration	6.7309416e6	8.4049375e6	-1	4892300
R1	run1	graph/chain n=1000 build+activate	8.00825e7	9.17585e7	-1	47729984
R1	run1	graph/chain n=1000 no-FE per-iteration	4.851725e6	5.8585292e6	-1	3485548
R1	run1	graph/chain n=1000 no-FE build+activate	6.5897292e7	6.9081458e7	-1	41488176
R10	run1	rocket/subject fan-out k=1	13.8	14.2	0	0
R10	run1	rocket/subject fan-out k=10	103.2	107.1	0	0
R10	run1	rocket/subject fan-out k=100	941.3	988.6	0	0
R10	run1	rocket/combineLatest PushNew k=2 round	38.0	39.3	0	0
R10	run1	rocket/combineLatest PushNew k=5 round	96.6	104.8	0	0
R10	run1	rocket/combineLatest PushNew k=10 round	184.1	187.3	0	0
R10	run1	rocket/combineLatest PushNew k=20 round	428.0	447.6	0	0
R10	run1	rocket/collectLatest N=100 round	1958.0	2020.5	100	1600
R10	run1	rocket/collectLatest N=1000 round	50209.0	51229.5	1000	16000
R10	run1	rocket/collectLatest N=10000 round	204083.0	233542.0	10000	160000
R10	run1	graph/iid n=100 per-iteration	65458.3	69775.0	-1	102700
R10	run1	graph/iid n=100 build+activate	2.665334e6	2.799041e6	-1	1793232
R10	run1	graph/iid n=1000 per-iteration	685975.0	829795.8	-1	1024300
R10	run1	graph/iid n=1000 build+activate	2.621475e7	3.1713292e7	-1	17718928
R10	run1	graph/iid n=10000 per-iteration	1.54083084e7	2.11717792e7	-1	10240300
R10	run1	graph/iid n=10000 build+activate	2.9266675e8	3.34564292e8	-1	177382608
R10	run1	graph/iid n=1000 no-FE per-iteration	567037.5	587875.0	-1	944220
R10	run1	graph/iid n=1000 no-FE build+activate	2.2115875e7	2.6679375e7	-1	15500976
R10	run1	graph/chain n=300 per-iteration	2.5281208e6	5.4485584e6	-1	1467532
R10	run1	graph/chain n=300 build+activate	2.5343959e7	4.3348708e7	-1	14614800
R10	run1	graph/chain n=1000 per-iteration	3.31669625e7	4.27572875e7	-1	4901692
R10	run1	graph/chain n=1000 build+activate	1.15747583e8	1.38580042e8	-1	48717808
R10	run1	graph/chain n=1000 no-FE per-iteration	2.07227167e7	2.59012333e7	-1	3493532
R10	run1	graph/chain n=1000 no-FE build+activate	9.6632042e7	1.2791075e8	-1	42172064
R1	run2	rocket/subject fan-out k=1	16.5	17.2	0	0
R1	run2	rocket/subject fan-out k=10	110.5	113.5	0	0
R1	run2	rocket/subject fan-out k=100	965.6	1000.0	0	0
R1	run2	rocket/combineLatest PushNew k=2 round	40.9	42.3	0	0
R1	run2	rocket/combineLatest PushNew k=5 round	93.0	96.8	0	0
R1	run2	rocket/combineLatest PushNew k=10 round	214.4	218.9	0	0
R1	run2	rocket/combineLatest PushNew k=20 round	410.4	420.6	0	0
R1	run2	rocket/collectLatest N=100 round	2000.0	2042.0	100	1600
R1	run2	rocket/collectLatest N=1000 round	50875.0	51354.5	1000	16000
R1	run2	rocket/collectLatest N=10000 round	213709.0	217062.5	10000	160000
R1	run2	graph/iid n=100 per-iteration	59479.2	61775.0	-1	102700
R1	run2	graph/iid n=100 build+activate	2.823042e6	2.867083e6	-1	1770608
R1	run2	graph/iid n=1000 per-iteration	569766.7	576708.3	-1	1024300
R1	run2	graph/iid n=1000 build+activate	2.6346542e7	2.6866917e7	-1	17494704
R1	run2	graph/iid n=10000 per-iteration	1.32143875e7	1.54598583e7	-1	10240300
R1	run2	graph/iid n=10000 build+activate	2.74434834e8	3.15791666e8	-1	175142384
R1	run2	graph/iid n=1000 no-FE per-iteration	499779.2	511391.6	-1	944220
R1	run2	graph/iid n=1000 no-FE build+activate	2.2501791e7	2.2736042e7	-1	15372896
R1	run2	graph/chain n=300 per-iteration	1.4326083e6	1.4830542e6	-1	1465100
R1	run2	graph/chain n=300 build+activate	2.3986292e7	2.4282334e7	-1	14319376
R1	run2	graph/chain n=1000 per-iteration	5.9234583e6	7.5938166e6	-1	4892300
R1	run2	graph/chain n=1000 build+activate	8.0021875e7	8.7497708e7	-1	47729984
R1	run2	graph/chain n=1000 no-FE per-iteration	5.0247208e6	6.6767167e6	-1	3485548
R1	run2	graph/chain n=1000 no-FE build+activate	6.7052791e7	6.7597e7	-1	41488176
R10	run2	rocket/subject fan-out k=1	22.7	24.5	0	0
R10	run2	rocket/subject fan-out k=10	172.9	188.6	0	0
R10	run2	rocket/subject fan-out k=100	1533.3	1704.2	0	0
R10	run2	rocket/combineLatest PushNew k=2 round	58.8	61.1	0	0
R10	run2	rocket/combineLatest PushNew k=5 round	131.5	136.0	0	0
R10	run2	rocket/combineLatest PushNew k=10 round	260.3	269.4	0	0
R10	run2	rocket/combineLatest PushNew k=20 round	497.9	509.7	0	0
R10	run2	rocket/collectLatest N=100 round	2666.0	2875.0	100	1600
R10	run2	rocket/collectLatest N=1000 round	26458.0	27354.5	1000	16000
R10	run2	rocket/collectLatest N=10000 round	266750.0	270353.5	10000	160000
R10	run2	graph/iid n=100 per-iteration	66925.0	67887.5	-1	102700
R10	run2	graph/iid n=100 build+activate	2.842417e6	2.882459e6	-1	1793232
R10	run2	graph/iid n=1000 per-iteration	638041.7	649533.4	-1	1024300
R10	run2	graph/iid n=1000 build+activate	2.7379458e7	2.7659125e7	-1	17718928
R10	run2	graph/iid n=10000 per-iteration	1.22309917e7	1.42461e7	-1	10240300
R10	run2	graph/iid n=10000 build+activate	2.76579583e8	2.80005625e8	-1	177382608
R10	run2	graph/iid n=1000 no-FE per-iteration	512170.8	526375.0	-1	944220
R10	run2	graph/iid n=1000 no-FE build+activate	2.318275e7	2.342525e7	-1	15500976
R10	run2	graph/chain n=300 per-iteration	1.7590791e6	1.812575e6	-1	1467532
R10	run2	graph/chain n=300 build+activate	2.5553875e7	2.574575e7	-1	14614800
R10	run2	graph/chain n=1000 per-iteration	7.1540917e6	7.8772083e6	-1	4901692
R10	run2	graph/chain n=1000 build+activate	8.6525917e7	8.6939083e7	-1	48717808
R10	run2	graph/chain n=1000 no-FE per-iteration	5.5187583e6	6.16245e6	-1	3493532
R10	run2	graph/chain n=1000 no-FE build+activate	7.18575e7	7.2532584e7	-1	42172064
R1	run3	rocket/subject fan-out k=1	16.5	17.1	0	0
R1	run3	rocket/subject fan-out k=10	108.5	111.8	0	0
R1	run3	rocket/subject fan-out k=100	942.1	976.8	0	0
R1	run3	rocket/combineLatest PushNew k=2 round	39.9	41.5	0	0
R1	run3	rocket/combineLatest PushNew k=5 round	94.1	99.1	0	0
R1	run3	rocket/combineLatest PushNew k=10 round	223.3	233.3	0	0
R1	run3	rocket/combineLatest PushNew k=20 round	406.0	418.8	0	0
R1	run3	rocket/collectLatest N=100 round	2000.0	2042.0	100	1600
R1	run3	rocket/collectLatest N=1000 round	20834.0	21125.0	1000	16000
R1	run3	rocket/collectLatest N=10000 round	211292.0	212458.5	10000	160000
R1	run3	graph/iid n=100 per-iteration	58833.3	61212.5	-1	102700
R1	run3	graph/iid n=100 build+activate	2.701125e6	2.760375e6	-1	1770608
R1	run3	graph/iid n=1000 per-iteration	576645.8	594754.2	-1	1024300
R1	run3	graph/iid n=1000 build+activate	2.6581583e7	2.696025e7	-1	17494704
R1	run3	graph/iid n=10000 per-iteration	1.22617083e7	1.4909075e7	-1	10240300
R1	run3	graph/iid n=10000 build+activate	2.69578875e8	2.73210084e8	-1	175142384
R1	run3	graph/iid n=1000 no-FE per-iteration	506975.0	515562.5	-1	944220
R1	run3	graph/iid n=1000 no-FE build+activate	2.2422416e7	2.268625e7	-1	15372896
R1	run3	graph/chain n=300 per-iteration	1.416325e6	1.4425084e6	-1	1465100
R1	run3	graph/chain n=300 build+activate	2.3888709e7	2.4164542e7	-1	14319376
R1	run3	graph/chain n=1000 per-iteration	5.9086542e6	6.3326416e6	-1	4892300
R1	run3	graph/chain n=1000 build+activate	7.9931292e7	8.1856916e7	-1	47729984
R1	run3	graph/chain n=1000 no-FE per-iteration	4.5656834e6	4.7472542e6	-1	3485548
R1	run3	graph/chain n=1000 no-FE build+activate	6.6447792e7	6.7398333e7	-1	41488176
R10	run3	rocket/subject fan-out k=1	16.7	17.2	0	0
R10	run3	rocket/subject fan-out k=10	113.7	118.2	0	0
R10	run3	rocket/subject fan-out k=100	991.6	1004.2	0	0
R10	run3	rocket/combineLatest PushNew k=2 round	48.5	50.4	0	0
R10	run3	rocket/combineLatest PushNew k=5 round	113.6	119.2	0	0
R10	run3	rocket/combineLatest PushNew k=10 round	196.9	201.9	0	0
R10	run3	rocket/combineLatest PushNew k=20 round	428.0	449.5	0	0
R10	run3	rocket/collectLatest N=100 round	2041.0	2083.5	100	1600
R10	run3	rocket/collectLatest N=1000 round	21292.0	21563.0	1000	16000
R10	run3	rocket/collectLatest N=10000 round	214125.0	219604.0	10000	160000
R10	run3	graph/iid n=100 per-iteration	67879.1	70375.0	-1	102700
R10	run3	graph/iid n=100 build+activate	2.767833e6	2.976166e6	-1	1793232
R10	run3	graph/iid n=1000 per-iteration	657683.3	667645.8	-1	1024300
R10	run3	graph/iid n=1000 build+activate	2.6615292e7	2.6758e7	-1	17718928
R10	run3	graph/iid n=10000 per-iteration	1.46360333e7	1.50560583e7	-1	10240300
R10	run3	graph/iid n=10000 build+activate	2.71489458e8	2.76524792e8	-1	177382608
R10	run3	graph/iid n=1000 no-FE per-iteration	569837.5	584558.3	-1	944220
R10	run3	graph/iid n=1000 no-FE build+activate	2.2471417e7	2.2638625e7	-1	15500976
R10	run3	graph/chain n=300 per-iteration	1.788975e6	1.8405667e6	-1	1467532
R10	run3	graph/chain n=300 build+activate	2.5000583e7	2.5646208e7	-1	14614800
R10	run3	graph/chain n=1000 per-iteration	7.34435e6	7.9713542e6	-1	4901692
R10	run3	graph/chain n=1000 build+activate	8.48795e7	8.6619708e7	-1	48717808
R10	run3	graph/chain n=1000 no-FE per-iteration	5.6546917e6	6.084475e6	-1	3493532
R10	run3	graph/chain n=1000 no-FE build+activate	7.1254542e7	7.1808417e7	-1	42172064
