P12	run1	iid	load	2.1120030879974365	2.1120030879974365	0	0.0
P12	run1	iid	ttfx	10.343694167	10.343694167	0	0.0
P12	run1	iid	infer(I=10)	0.057081542	0.058531291	51917024	0.0
P12	run1	iid	infer(I=20)	0.069371125	0.070512208	71610336	0.0
P12	run1	iid	per-iteration	0.0012289583000000006	0.0011980917000000008	1.9693312e6	0.0
P12	run1	iid	setup (T(I) - I*per-iteration)	0.04479195899999999	NaN	32223712	0.0
R1	run1	iid	load	19.366652965545654	19.366652965545654	0	0.0
R1	run1	iid	ttfx	9.843065666	9.843065666	0	0.0
R1	run1	iid	infer(I=10)	0.052355834	0.055829125	49321536	0.0
R1	run1	iid	infer(I=20)	0.066242667	0.067075625	69014848	0.0
R1	run1	iid	per-iteration	0.001388683300000001	0.00112465	1.9693312e6	0.0
R1	run1	iid	setup (T(I) - I*per-iteration)	0.03846900099999999	NaN	29628224	0.0
R9	run1	iid	load	14.701155185699463	14.701155185699463	0	0.0
R9	run1	iid	ttfx	10.250325	10.250325	0	0.0
R9	run1	iid	infer(I=10)	0.05698775	0.058704958	49610304	0.0
R9	run1	iid	infer(I=20)	0.070692917	0.071209167	69303616	0.0
R9	run1	iid	per-iteration	0.0013705166999999998	0.0012504209000000002	1.9693312e6	0.0
R9	run1	iid	setup (T(I) - I*per-iteration)	0.043282583	NaN	29916992	0.0
P12	run1	ssm1	load	2.179563045501709	2.179563045501709	0	0.0
P12	run1	ssm1	ttfx	15.002487084	15.002487084	0	0.0
P12	run1	ssm1	infer(I=1)	0.124209792	0.128893208	84105408	0.0
R1	run1	ssm1	load	2.1440908908843994	2.1440908908843994	0	0.0
R1	run1	ssm1	ttfx	14.6387245	14.6387245	0	0.0
R1	run1	ssm1	infer(I=1)	0.133171292	0.136684167	76583392	0.0
R9	run1	ssm1	load	2.147374153137207	2.147374153137207	0	0.0
R9	run1	ssm1	ttfx	15.621354041	15.621354041	0	0.0
R9	run1	ssm1	infer(I=1)	0.13351425	0.140639333	77498416	0.0
P12	run1	hmm	load	2.072740077972412	2.072740077972412	0	0.0
P12	run1	hmm	ttfx	18.837698084	18.837698084	0	0.0
P12	run1	hmm	infer(I=10)	0.077034084	0.078689292	69741280	0.0
P12	run1	hmm	infer(I=20)	0.117519208	0.126453459	112021280	0.0
P12	run1	hmm	per-iteration	0.0040485124	0.004776416699999999	4.228e6	0.0
P12	run1	hmm	setup (T(I) - I*per-iteration)	0.036548960000000005	NaN	27461280	0.0
R1	run1	hmm	load	2.069991111755371	2.069991111755371	0	0.0
R1	run1	hmm	ttfx	18.631280291	18.631280291	0	0.0
R1	run1	hmm	infer(I=10)	0.073955666	0.077140208	66613696	0.0
R1	run1	hmm	infer(I=20)	0.113568791	0.115690375	108893696	0.0
R1	run1	hmm	per-iteration	0.0039613124999999996	0.0038550166999999995	4.228e6	0.0
R1	run1	hmm	setup (T(I) - I*per-iteration)	0.034342541000000004	NaN	24333696	0.0
R9	run1	hmm	load	2.028557062149048	2.028557062149048	0	0.0
R9	run1	hmm	ttfx	19.616898125	19.616898125	0	0.0
R9	run1	hmm	infer(I=10)	0.080661542	0.085170917	66956464	0.0
R9	run1	hmm	infer(I=20)	0.120856666	0.129668792	109264304	0.0
R9	run1	hmm	per-iteration	0.0040195123999999995	0.004449787500000001	4.230784e6	0.0
R9	run1	hmm	setup (T(I) - I*per-iteration)	0.040466418000000004	NaN	24648624	0.0
P12	run1	ssm1@3000	load	2.072567939758301	2.072567939758301	0	0.0
P12	run1	ssm1@3000	ttfx	15.270754875	15.270754875	0	0.0
P12	run1	ssm1@3000	infer(I=1)	0.398461541	0.416718708	253670848	0.0
R1	run1	ssm1@3000	load	2.0982398986816406	2.0982398986816406	0	0.0
R1	run1	ssm1@3000	ttfx	14.373121875	14.373121875	0	0.0
R1	run1	ssm1@3000	infer(I=1)	0.361926167	0.387337625	231108832	0.0
R9	run1	ssm1@3000	load	2.1230499744415283	2.1230499744415283	0	0.0
R9	run1	ssm1@3000	ttfx	15.403540917	15.403540917	0	0.0
R9	run1	ssm1@3000	infer(I=1)	0.39866375	0.422188917	233853152	0.0
P12	run1	iid@10000	load	10.365875959396362	10.365875959396362	0	0.0
P12	run1	iid@10000	ttfx	10.360971375	10.360971375	0	0.0
P12	run1	iid@10000	infer(I=10)	0.738267084	0.868551583	515983792	0.13847523212291124
P12	run1	iid@10000	infer(I=20)	1.127011875	1.207913417	712797104	0.20488796269338333
P12	run1	iid@10000	per-iteration	0.038874479100000005	0.03393618340000001	1.96813312e7	0.0
P12	run1	iid@10000	setup (T(I) - I*per-iteration)	0.34952229299999993	NaN	319170480	0.0
R1	run1	iid@10000	load	2.140202045440674	2.140202045440674	0	0.0
R1	run1	iid@10000	ttfx	10.29128425	10.29128425	0	0.0
R1	run1	iid@10000	infer(I=10)	0.774592542	0.819969125	490060304	0.1626394035901347
R1	run1	iid@10000	infer(I=20)	0.927847375	1.009649875	686873616	0.12772066762533557
R1	run1	iid@10000	per-iteration	0.015325483299999998	0.018968075000000008	1.96813312e7	0.0
R1	run1	iid@10000	setup (T(I) - I*per-iteration)	0.6213377090000001	NaN	293246992	0.0
R9	run1	iid@10000	load	2.4473979473114014	2.4473979473114014	0	0.0
R9	run1	iid@10000	ttfx	10.498572959	10.498572959	0	0.0
R9	run1	iid@10000	infer(I=10)	0.766194709	0.812849917	492941072	0.16075692628448135
R9	run1	iid@10000	infer(I=20)	0.937221084	1.0390475	689754384	0.12293159636173955
R9	run1	iid@10000	per-iteration	0.017102637500000007	0.022619758299999994	1.96813312e7	0.0
R9	run1	iid@10000	setup (T(I) - I*per-iteration)	0.5951683339999999	NaN	296127760	0.0
P12	run2	iid	load	2.0453009605407715	2.0453009605407715	0	0.0
P12	run2	iid	ttfx	9.549957	9.549957	0	0.0
P12	run2	iid	infer(I=10)	0.055961708	0.056446458	51917024	0.0
P12	run2	iid	infer(I=20)	0.067910333	0.069432667	71610336	0.0
P12	run2	iid	per-iteration	0.0011948625000000005	0.0012986209000000006	1.9693312e6	0.0
P12	run2	iid	setup (T(I) - I*per-iteration)	0.044013082999999995	NaN	32223712	0.0
R1	run2	iid	load	2.0380699634552	2.0380699634552	0	0.0
R1	run2	iid	ttfx	9.26405775	9.26405775	0	0.0
R1	run2	iid	infer(I=10)	0.053272833	0.053639125	49321536	0.0
R1	run2	iid	infer(I=20)	0.064950834	0.067945959	69014848	0.0
R1	run2	iid	per-iteration	0.0011678001000000001	0.0014306833999999998	1.9693312e6	0.0
R1	run2	iid	setup (T(I) - I*per-iteration)	0.041594832	NaN	29628224	0.0
R9	run2	iid	load	2.0066118240356445	2.0066118240356445	0	0.0
R9	run2	iid	ttfx	9.751768208	9.751768208	0	0.0
R9	run2	iid	infer(I=10)	0.056758	0.057505167	49610304	0.0
R9	run2	iid	infer(I=20)	0.066893292	0.068086875	69303616	0.0
R9	run2	iid	per-iteration	0.001013529199999999	0.0010581708000000003	1.9693312e6	0.0
R9	run2	iid	setup (T(I) - I*per-iteration)	0.04662270800000001	NaN	29916992	0.0
P12	run2	ssm1	load	2.121013879776001	2.121013879776001	0	0.0
P12	run2	ssm1	ttfx	14.898665459	14.898665459	0	0.0
P12	run2	ssm1	infer(I=1)	0.124953958	0.1297465	84105408	0.0
R1	run2	ssm1	load	2.0058059692382812	2.0058059692382812	0	0.0
R1	run2	ssm1	ttfx	14.402895	14.402895	0	0.0
R1	run2	ssm1	infer(I=1)	0.118069083	0.129311917	76583392	0.0
R9	run2	ssm1	load	2.020657777786255	2.020657777786255	0	0.0
R9	run2	ssm1	ttfx	14.872094042	14.872094042	0	0.0
R9	run2	ssm1	infer(I=1)	0.124481	0.128518125	77498416	0.0
P12	run2	hmm	load	2.08803391456604	2.08803391456604	0	0.0
P12	run2	hmm	ttfx	17.957954375	17.957954375	0	0.0
P12	run2	hmm	infer(I=10)	0.072837084	0.074140083	69741280	0.0
P12	run2	hmm	infer(I=20)	0.10871425	0.113813333	112021280	0.0
P12	run2	hmm	per-iteration	0.0035877166	0.003967325000000001	4.228e6	0.0
P12	run2	hmm	setup (T(I) - I*per-iteration)	0.036959917999999994	NaN	27461280	0.0
R1	run2	hmm	load	2.091717004776001	2.091717004776001	0	0.0
R1	run2	hmm	ttfx	17.817834292	17.817834292	0	0.0
R1	run2	hmm	infer(I=10)	0.070905583	0.073590083	66613696	0.0
R1	run2	hmm	infer(I=20)	0.105725459	0.106426041	108893696	0.0
R1	run2	hmm	per-iteration	0.0034819876	0.0032835957999999997	4.228e6	0.0
R1	run2	hmm	setup (T(I) - I*per-iteration)	0.036085706999999995	NaN	24333696	0.0
R9	run2	hmm	load	2.050175905227661	2.050175905227661	0	0.0
R9	run2	hmm	ttfx	21.137188917	21.137188917	0	0.0
R9	run2	hmm	infer(I=10)	0.083156	0.084529292	66956464	0.0
R9	run2	hmm	infer(I=20)	0.123913666	0.135078541	109264304	0.0
R9	run2	hmm	per-iteration	0.004075766600000001	0.005054924899999999	4.230784e6	0.0
R9	run2	hmm	setup (T(I) - I*per-iteration)	0.04239833399999998	NaN	24648624	0.0
P12	run2	ssm1@3000	load	2.08443284034729	2.08443284034729	0	0.0
P12	run2	ssm1@3000	ttfx	15.215568917	15.215568917	0	0.0
P12	run2	ssm1@3000	infer(I=1)	0.393221084	0.410196208	253670848	0.0
R1	run2	ssm1@3000	load	10.55336308479309	10.55336308479309	0	0.0
R1	run2	ssm1@3000	ttfx	14.682793333	14.682793333	0	0.0
R1	run2	ssm1@3000	infer(I=1)	0.381523	0.403465791	231108832	0.0
R9	run2	ssm1@3000	load	2.0902960300445557	2.0902960300445557	0	0.0
R9	run2	ssm1@3000	ttfx	15.49207425	15.49207425	0	0.0
R9	run2	ssm1@3000	infer(I=1)	0.393046625	0.419528791	233853152	0.0
P12	run2	iid@10000	load	2.0980350971221924	2.0980350971221924	0	0.0
P12	run2	iid@10000	ttfx	10.448277583	10.448277583	0	0.0
P12	run2	iid@10000	infer(I=10)	0.752883	0.816486375	515983792	0.13399022114948572
P12	run2	iid@10000	infer(I=20)	1.073485125	1.209251	712797104	0.1899525567853094
P12	run2	iid@10000	per-iteration	0.0320602125	0.03927646250000001	1.96813312e7	0.0
P12	run2	iid@10000	setup (T(I) - I*per-iteration)	0.432280875	NaN	319170480	0.0
R1	run2	iid@10000	load	2.0788919925689697	2.0788919925689697	0	0.0
R1	run2	iid@10000	ttfx	10.202986458	10.202986458	0	0.0
R1	run2	iid@10000	infer(I=10)	0.716081	0.769279958	490060304	0.16197553422147618
R1	run2	iid@10000	infer(I=20)	0.967909667	1.0523365	686873616	0.13210405905515013
R1	run2	iid@10000	per-iteration	0.025182866700000008	0.028305654199999995	1.96813312e7	0.0
R1	run2	iid@10000	setup (T(I) - I*per-iteration)	0.4642523329999999	NaN	293246992	0.0
R9	run2	iid@10000	load	2.094774007797241	2.094774007797241	0	0.0
R9	run2	iid@10000	ttfx	10.530860875	10.530860875	0	0.0
R9	run2	iid@10000	infer(I=10)	0.729480042	0.827989875	492941072	0.16159592457680827
R9	run2	iid@10000	infer(I=20)	0.9781425	1.089043625	689754384	0.12840592957707894
R9	run2	iid@10000	per-iteration	0.0248662458	0.026105374999999997	1.96813312e7	0.0
R9	run2	iid@10000	setup (T(I) - I*per-iteration)	0.4808175840000001	NaN	296127760	0.0
