current	2	103.9	0	0.0834
current	3	165.2	0	0.1236
current	5	261.5	0	0.1695
current	8	807.7	0	0.276
current	12	1433.3	0	0.4162
current	16	2143.6	0	0.6534
bitarray	2	103.7	0	0.1019
bitarray	3	160.1	0	0.1363
bitarray	5	250.1	0	0.2192
bitarray	8	801.7	0	0.3115
bitarray	12	1500.0	0	0.4384
bitarray	16	2180.6	0	0.6372
vecany	2	104.2	0	0.0646
vecany	3	157.8	0	0.0881
vecany	5	306.0	0	0.132
vecany	8	823.8	0	0.2063
vecany	12	1341.7	0	0.2998
vecany	16	2027.8	0	0.4287
both	2	104.5	0	0.0671
both	3	164.9	0	0.0964
both	5	299.9	0	0.1446
both	8	837.7	0	0.2111
both	12	1316.6	0	0.2896
both	16	1820.8	0	0.4329
current	2	101.4	0	0.0744
current	3	161.2	0	0.1014
current	5	282.3	0	0.1619
current	8	746.0	0	0.258
current	12	1370.8	0	0.4088
current	16	2060.2	0	0.6003
bitarray	2	113.4	0	0.0871
bitarray	3	162.5	0	0.1275
bitarray	5	264.4	0	0.1641
bitarray	8	780.4	0	0.2931
bitarray	12	1487.5	0	0.3996
bitarray	16	2125.0	0	0.6216
vecany	2	105.3	0	0.0635
vecany	3	157.3	0	0.085
vecany	5	298.6	0	0.1332
vecany	8	802.3	0	0.2065
vecany	12	1300.0	0	0.2942
vecany	16	1975.0	0	0.4032
both	2	106.3	0	0.0663
both	3	162.6	0	0.09
both	5	284.8	0	0.1445
both	8	831.1	0	0.2285
both	12	1258.3	0	0.2953
both	16	1791.7	0	0.4222
