P12	round1	iid base (session=nothing, fe=Float64)	0.066220291	0.066220291	51916832
P12	round1	iid session=default	0.064694209	0.064694209	51925520
P12	round1	iid free_energy=true	0.064394167	0.064394167	52718704
P12	round1	iid free_energy=false	0.050320167	0.050320167	47853776
P12	round1	iid benchmark=true	0.083348125	0.083348125	81741648
P12	round1	iid trace=true	0.094633167	0.094633167	81397616
P12	round1	iid returnvars=KeepEach	0.0580585	0.0580585	51916832
P12	round1	iid returnvars=(μ=KeepLast,)	0.058399542	0.058399542	51910816
P12	round1	iid all defaults (session, fe=true)	0.0610715	0.0610715	52727328
P12	round1	ssm1 base	0.198351458	0.198351458	84105072
P12	round1	ssm1 no FE	0.183750041	0.183750041	70788880
P12	round1	ssm1 all defaults (session, fe=true)	0.195794209	0.195794209	84756592
P12	round1	ssm1 session=default fe=Float64	0.162129167	0.162129167	84108304
X1	round1	iid base (session=nothing, fe=Float64)	0.081894667	0.081894667	51723984
X1	round1	iid session=default	0.070854125	0.070854125	51732672
X1	round1	iid free_energy=true	0.056683291	0.056683291	52526000
X1	round1	iid free_energy=false	0.051641792	0.051641792	47912352
X1	round1	iid benchmark=true	0.06076125	0.06076125	59745824
X1	round1	iid trace=true	0.072473958	0.072473958	81204704
X1	round1	iid returnvars=KeepEach	0.06110175	0.06110175	51723984
X1	round1	iid returnvars=(μ=KeepLast,)	0.058465417	0.058465417	51718112
X1	round1	iid all defaults (session, fe=true)	0.067743583	0.067743583	52534624
X1	round1	ssm1 base	0.225197333	0.225197333	83086480
X1	round1	ssm1 no FE	0.185734125	0.185734125	70749088
X1	round1	ssm1 all defaults (session, fe=true)	0.205167041	0.205167041	83738144
X1	round1	ssm1 session=default fe=Float64	0.237645791	0.237645791	83089696
X1	round2	iid base (session=nothing, fe=Float64)	0.056333084	0.056333084	51723984
X1	round2	iid session=default	0.05853925	0.05853925	51732672
X1	round2	iid free_energy=true	0.065199458	0.065199458	52526000
X1	round2	iid free_energy=false	0.049894458	0.049894458	47912352
X1	round2	iid benchmark=true	0.059748791	0.059748791	59745824
X1	round2	iid trace=true	0.0715145	0.0715145	81204704
X1	round2	iid returnvars=KeepEach	0.058202583	0.058202583	51723984
X1	round2	iid returnvars=(μ=KeepLast,)	0.057377875	0.057377875	51718112
X1	round2	iid all defaults (session, fe=true)	0.05789075	0.05789075	52534624
X1	round2	ssm1 base	0.168098541	0.168098541	83086480
X1	round2	ssm1 no FE	0.14989475	0.14989475	70749088
X1	round2	ssm1 all defaults (session, fe=true)	0.176192083	0.176192083	83738144
X1	round2	ssm1 session=default fe=Float64	0.249209	0.249209	83089696
P12	round2	iid base (session=nothing, fe=Float64)	0.056959958	0.056959958	51916832
P12	round2	iid session=default	0.056722125	0.056722125	51925520
P12	round2	iid free_energy=true	0.05966925	0.05966925	52718704
P12	round2	iid free_energy=false	0.048804666	0.048804666	47853776
P12	round2	iid benchmark=true	0.069021459	0.069021459	81741648
P12	round2	iid trace=true	0.072368708	0.072368708	81397616
P12	round2	iid returnvars=KeepEach	0.057064084	0.057064084	51916832
P12	round2	iid returnvars=(μ=KeepLast,)	0.058639667	0.058639667	51910816
P12	round2	iid all defaults (session, fe=true)	0.058453792	0.058453792	52727328
P12	round2	ssm1 base	0.128181	0.128181	84105072
P12	round2	ssm1 no FE	0.113125459	0.113125459	70788880
P12	round2	ssm1 all defaults (session, fe=true)	0.220551	0.220551	84756592
P12	round2	ssm1 session=default fe=Float64	0.223099	0.223099	84108304
P12	round3	iid base (session=nothing, fe=Float64)	0.055595416	0.055595416	51916832
P12	round3	iid session=default	0.060473875	0.060473875	51925520
P12	round3	iid free_energy=true	0.06867625	0.06867625	52718704
P12	round3	iid free_energy=false	0.050052167	0.050052167	47853776
P12	round3	iid benchmark=true	0.068987417	0.068987417	81741648
P12	round3	iid trace=true	0.072686791	0.072686791	81397616
P12	round3	iid returnvars=KeepEach	0.065935917	0.065935917	51916832
P12	round3	iid returnvars=(μ=KeepLast,)	0.057235875	0.057235875	51910816
P12	round3	iid all defaults (session, fe=true)	0.058458917	0.058458917	52727328
P12	round3	ssm1 base	0.136131291	0.136131291	84105072
P12	round3	ssm1 no FE	0.114000791	0.114000791	70788880
P12	round3	ssm1 all defaults (session, fe=true)	0.1495225	0.1495225	84756592
P12	round3	ssm1 session=default fe=Float64	0.131667416	0.131667416	84108304
X1	round3	iid base (session=nothing, fe=Float64)	0.282497541	0.282497541	51723984
X1	round3	iid session=default	0.141853375	0.141853375	51732672
X1	round3	iid free_energy=true	0.196057292	0.196057292	52526000
X1	round3	iid free_energy=false	0.210091708	0.210091708	47912352
X1	round3	iid benchmark=true	0.229004166	0.229004166	59745824
X1	round3	iid trace=true	0.331927792	0.331927792	81204704
X1	round3	iid returnvars=KeepEach	0.171087583	0.171087583	51723984
X1	round3	iid returnvars=(μ=KeepLast,)	0.240791417	0.240791417	51718112
X1	round3	iid all defaults (session, fe=true)	0.1597035	0.1597035	52534624
X1	round3	ssm1 base	0.597793709	0.597793709	83086480
X1	round3	ssm1 no FE	0.432191375	0.432191375	70749088
X1	round3	ssm1 all defaults (session, fe=true)	0.394178958	0.394178958	83738144
X1	round3	ssm1 session=default fe=Float64	0.365366459	0.365366459	83089696
X1	round4	iid base (session=nothing, fe=Float64)	0.073647583	0.073647583	51723984
X1	round4	iid session=default	0.086767333	0.086767333	51732672
X1	round4	iid free_energy=true	0.121344917	0.121344917	52526000
X1	round4	iid free_energy=false	0.144002167	0.144002167	47912352
X1	round4	iid benchmark=true	0.218282166	0.218282166	59745824
X1	round4	iid trace=true	0.129417542	0.129417542	81204704
X1	round4	iid returnvars=KeepEach	0.0750215	0.0750215	51723984
X1	round4	iid returnvars=(μ=KeepLast,)	0.090902541	0.090902541	51718112
X1	round4	iid all defaults (session, fe=true)	0.094572167	0.094572167	52534624
X1	round4	ssm1 base	0.146218	0.146218	83086480
X1	round4	ssm1 no FE	0.144957333	0.144957333	70749088
X1	round4	ssm1 all defaults (session, fe=true)	0.209263209	0.209263209	83738144
X1	round4	ssm1 session=default fe=Float64	0.195012291	0.195012291	83089696
P12	round4	iid base (session=nothing, fe=Float64)	0.19576025	0.19576025	51916832
P12	round4	iid session=default	0.200865375	0.200865375	51925520
P12	round4	iid free_energy=true	0.147421625	0.147421625	52718704
P12	round4	iid free_energy=false	0.236422083	0.236422083	47853776
P12	round4	iid benchmark=true	0.2304805	0.2304805	81741648
P12	round4	iid trace=true	0.285682125	0.285682125	81397616
P12	round4	iid returnvars=KeepEach	0.255172625	0.255172625	51916832
P12	round4	iid returnvars=(μ=KeepLast,)	0.289301167	0.289301167	51910816
P12	round4	iid all defaults (session, fe=true)	0.165424042	0.165424042	52727328
P12	round4	ssm1 base	0.578974917	0.578974917	84105072
P12	round4	ssm1 no FE	0.354528083	0.354528083	70788880
P12	round4	ssm1 all defaults (session, fe=true)	0.353205416	0.353205416	84756592
P12	round4	ssm1 session=default fe=Float64	0.506114416	0.506114416	84108304
P12	round5	iid base (session=nothing, fe=Float64)	0.096153958	0.096153958	51916832
P12	round5	iid session=default	0.083676708	0.083676708	51925520
P12	round5	iid free_energy=true	0.168125042	0.168125042	52718704
P12	round5	iid free_energy=false	0.123634209	0.123634209	47853776
P12	round5	iid benchmark=true	0.236495792	0.236495792	81741648
P12	round5	iid trace=true	0.215773875	0.215773875	81397616
P12	round5	iid returnvars=KeepEach	0.098075209	0.098075209	51916832
P12	round5	iid returnvars=(μ=KeepLast,)	0.144537	0.144537	51910816
P12	round5	iid all defaults (session, fe=true)	0.14339025	0.14339025	52727328
P12	round5	ssm1 base	0.286637791	0.286637791	84105072
P12	round5	ssm1 no FE	0.195585666	0.195585666	70788880
P12	round5	ssm1 all defaults (session, fe=true)	0.286328875	0.286328875	84756592
P12	round5	ssm1 session=default fe=Float64	0.23756975	0.23756975	84108304
X1	round5	iid base (session=nothing, fe=Float64)	0.084623167	0.084623167	51721792
X1	round5	iid session=default	0.089606083	0.089606083	51730480
X1	round5	iid free_energy=true	0.075273208	0.075273208	52523808
X1	round5	iid free_energy=false	0.054276666	0.054276666	47910160
X1	round5	iid benchmark=true	0.07385325	0.07385325	59743504
X1	round5	iid trace=true	0.119972166	0.119972166	81202480
X1	round5	iid returnvars=KeepEach	0.084931417	0.084931417	51721792
X1	round5	iid returnvars=(μ=KeepLast,)	0.095141208	0.095141208	51715984
X1	round5	iid all defaults (session, fe=true)	0.088066041	0.088066041	52532432
X1	round5	ssm1 base	0.191949709	0.191949709	83056032
X1	round5	ssm1 no FE	0.209261916	0.209261916	70718640
X1	round5	ssm1 all defaults (session, fe=true)	0.237965792	0.237965792	83707696
X1	round5	ssm1 session=default fe=Float64	0.258079417	0.258079417	83059248
X1	round6	iid base (session=nothing, fe=Float64)	0.058352208	0.058352208	51721792
X1	round6	iid session=default	0.065355458	0.065355458	51730480
X1	round6	iid free_energy=true	0.059842625	0.059842625	52523808
X1	round6	iid free_energy=false	0.05870525	0.05870525	47910160
X1	round6	iid benchmark=true	0.067510042	0.067510042	59743504
X1	round6	iid trace=true	0.075459458	0.075459458	81202480
X1	round6	iid returnvars=KeepEach	0.058722	0.058722	51721792
X1	round6	iid returnvars=(μ=KeepLast,)	0.067530041	0.067530041	51715984
X1	round6	iid all defaults (session, fe=true)	0.06180075	0.06180075	52532432
X1	round6	ssm1 base	0.150490125	0.150490125	83056032
X1	round6	ssm1 no FE	0.124542041	0.124542041	70718640
X1	round6	ssm1 all defaults (session, fe=true)	0.175806625	0.175806625	83707696
X1	round6	ssm1 session=default fe=Float64	0.19017175	0.19017175	83059248
P12	round6	iid base (session=nothing, fe=Float64)	0.055550041	0.055550041	51916832
P12	round6	iid session=default	0.0671795	0.0671795	51925520
P12	round6	iid free_energy=true	0.072476875	0.072476875	52718704
P12	round6	iid free_energy=false	0.049423459	0.049423459	47853776
P12	round6	iid benchmark=true	0.070657625	0.070657625	81741648
P12	round6	iid trace=true	0.079760625	0.079760625	81397616
P12	round6	iid returnvars=KeepEach	0.057219375	0.057219375	51916832
P12	round6	iid returnvars=(μ=KeepLast,)	0.073396917	0.073396917	51910816
P12	round6	iid all defaults (session, fe=true)	0.070347709	0.070347709	52727328
P12	round6	ssm1 base	0.1930095	0.1930095	84105072
P12	round6	ssm1 no FE	0.18392275	0.18392275	70788880
P12	round6	ssm1 all defaults (session, fe=true)	0.188073167	0.188073167	84756592
P12	round6	ssm1 session=default fe=Float64	0.190407875	0.190407875	84108304
