P1235-env	tel1	iid	load	2.1711411476135254	2.1711411476135254	0	0.0
P1235-env	tel1	iid	ttfx	10.209623	10.209623	0	0.0
P1235-env	tel1	iid	infer(I=10)	0.038174125	0.038174125	43653440	0.0
P1235-env	tel1	iid	infer(I=20)	0.050677792	0.050677792	59826752	0.0
P1235-env	tel1	iid	per-iteration	0.0012503666999999995	0.0012503666999999995	1.6173312e6	0.0
P1235-env	tel1	iid	setup (T(I) - I*per-iteration)	0.025670458000000007	NaN	27480128	0.0
P1235-env	tel1	ssm1	load	2.043919086456299	2.043919086456299	0	0.0
P1235-env	tel1	ssm1	ttfx	15.312411834	15.312411834	0	0.0
P1235-env	tel1	ssm1	infer(I=1)	0.099119958	0.099119958	72085616	0.0
P1235-env_notel	tel1	iid	load	2.465820074081421	2.465820074081421	0	0.0
P1235-env_notel	tel1	iid	ttfx	10.124482833	10.124482833	0	0.0
P1235-env_notel	tel1	iid	infer(I=10)	0.038332791	0.038332791	43653440	0.0
P1235-env_notel	tel1	iid	infer(I=20)	0.050342416	0.050342416	59826752	0.0
P1235-env_notel	tel1	iid	per-iteration	0.0012009625000000003	0.0012009625000000003	1.6173312e6	0.0
P1235-env_notel	tel1	iid	setup (T(I) - I*per-iteration)	0.026323165999999995	NaN	27480128	0.0
P1235-env_notel	tel1	ssm1	load	2.05159592628479	2.05159592628479	0	0.0
P1235-env_notel	tel1	ssm1	ttfx	12.6289375	12.6289375	0	0.0
P1235-env_notel	tel1	ssm1	infer(I=1)	0.082357959	0.082357959	72085616	0.0
P1235-env	tel2	iid	load	2.080038070678711	2.080038070678711	0	0.0
P1235-env	tel2	iid	ttfx	9.676457208	9.676457208	0	0.0
P1235-env	tel2	iid	infer(I=10)	0.037179167	0.037179167	43653440	0.0
P1235-env	tel2	iid	infer(I=20)	0.048950167	0.048950167	59826752	0.0
P1235-env	tel2	iid	per-iteration	0.0011771000000000004	0.0011771000000000004	1.6173312e6	0.0
P1235-env	tel2	iid	setup (T(I) - I*per-iteration)	0.025408166999999995	NaN	27480128	0.0
P1235-env	tel2	ssm1	load	2.112365961074829	2.112365961074829	0	0.0
P1235-env	tel2	ssm1	ttfx	15.456928042	15.456928042	0	0.0
P1235-env	tel2	ssm1	infer(I=1)	0.086637208	0.086637208	72085616	0.0
P1235-env_notel	tel2	iid	load	2.078066825866699	2.078066825866699	0	0.0
P1235-env_notel	tel2	iid	ttfx	9.87642125	9.87642125	0	0.0
P1235-env_notel	tel2	iid	infer(I=10)	0.03859975	0.03859975	43653440	0.0
P1235-env_notel	tel2	iid	infer(I=20)	0.047771125	0.047771125	59826752	0.0
P1235-env_notel	tel2	iid	per-iteration	0.0009171374999999996	0.0009171374999999996	1.6173312e6	0.0
P1235-env_notel	tel2	iid	setup (T(I) - I*per-iteration)	0.029428375000000007	NaN	27480128	0.0
P1235-env_notel	tel2	ssm1	load	2.223026990890503	2.223026990890503	0	0.0
P1235-env_notel	tel2	ssm1	ttfx	13.081123375	13.081123375	0	0.0
P1235-env_notel	tel2	ssm1	infer(I=1)	0.091510833	0.091510833	72085616	0.0
