P12	ttfx1	hmm	load	2.809272050857544	2.809272050857544	0	0.0
P12	ttfx1	hmm	ttfx	22.114849583	22.114849583	0	0.0
P12	ttfx1	hmm	infer(I=10)	0.170640125	0.170640125	69741280	0.0
P12	ttfx1	hmm	infer(I=20)	0.217386125	0.217386125	112021280	0.0
P12	ttfx1	hmm	per-iteration	0.004674600000000001	0.004674600000000001	4.228e6	0.0
P12	ttfx1	hmm	setup (T(I) - I*per-iteration)	0.123894125	NaN	27461280	0.0
P123	ttfx1	hmm	load	34.85682201385498	34.85682201385498	0	0.0
P123	ttfx1	hmm	ttfx	16.587590916	16.587590916	0	0.0
P123	ttfx1	hmm	infer(I=10)	0.244373292	0.244373292	67149392	0.0
P123	ttfx1	hmm	infer(I=20)	0.117762458	0.117762458	106837392	0.0
P123	ttfx1	hmm	per-iteration	-0.0126610834	-0.0126610834	3.9688e6	0.0
P123	ttfx1	hmm	setup (T(I) - I*per-iteration)	0.37098412599999997	NaN	27461392	0.0
P12	ttfx1	nl	load	2.2363131046295166	2.2363131046295166	0	0.0
P12	ttfx1	nl	ttfx	29.81848375	29.81848375	0	0.0
P12	ttfx1	nl	infer(I=5)	0.430521875	0.430521875	68618656	0.0
P12	ttfx1	nl	infer(I=10)	0.09471	0.09471	64485264	0.0
P12	ttfx1	nl	per-iteration	-0.067162375	-0.067162375	-826678.4	0.0
P12	ttfx1	nl	setup (T(I) - I*per-iteration)	0.76633375	NaN	72752048	0.0
P123	ttfx1	nl	load	2.1156980991363525	2.1156980991363525	0	0.0
P123	ttfx1	nl	ttfx	21.339950292	21.339950292	0	0.0
P123	ttfx1	nl	infer(I=5)	0.414768125	0.414768125	66510544	0.0
P123	ttfx1	nl	infer(I=10)	0.106094875	0.106094875	60411120	0.0
P123	ttfx1	nl	per-iteration	-0.06173465	-0.06173465	-1.2198848e6	0.0
P123	ttfx1	nl	setup (T(I) - I*per-iteration)	0.7234413749999999	NaN	72609968	0.0
P12	ttfx1	iid	load	32.22672986984253	32.22672986984253	0	0.0
P12	ttfx1	iid	ttfx	16.1496235	16.1496235	0	0.0
P12	ttfx1	iid	infer(I=10)	0.073963708	0.073963708	51917024	0.0
P12	ttfx1	iid	infer(I=20)	0.103115584	0.103115584	71610336	0.0
P12	ttfx1	iid	per-iteration	0.0029151875999999994	0.0029151875999999994	1.9693312e6	0.0
P12	ttfx1	iid	setup (T(I) - I*per-iteration)	0.04481183200000001	NaN	32223712	0.0
P123	ttfx1	iid	load	3.096832036972046	3.096832036972046	0	0.0
P123	ttfx1	iid	ttfx	15.767313083	15.767313083	0	0.0
P123	ttfx1	iid	infer(I=10)	0.056393917	0.056393917	48396672	0.0
P123	ttfx1	iid	infer(I=20)	0.068049875	0.068049875	64569984	0.0
P123	ttfx1	iid	per-iteration	0.0011655957999999994	0.0011655957999999994	1.6173312e6	0.0
P123	ttfx1	iid	setup (T(I) - I*per-iteration)	0.04473795900000001	NaN	32223360	0.0
P12	ttfx2	hmm	load	2.537836790084839	2.537836790084839	0	0.0
P12	ttfx2	hmm	ttfx	20.067137041	20.067137041	0	0.0
P12	ttfx2	hmm	infer(I=10)	0.075208208	0.075208208	69655728	0.0
P12	ttfx2	hmm	infer(I=20)	0.112262792	0.112262792	111935728	0.0
P12	ttfx2	hmm	per-iteration	0.0037054584	0.0037054584	4.228e6	0.0
P12	ttfx2	hmm	setup (T(I) - I*per-iteration)	0.038153624	NaN	27375728	0.0
P123	ttfx2	hmm	load	2.2079460620880127	2.2079460620880127	0	0.0
P123	ttfx2	hmm	ttfx	19.059278041	19.059278041	0	0.0
P123	ttfx2	hmm	infer(I=10)	0.106077375	0.106077375	67149392	0.0
P123	ttfx2	hmm	infer(I=20)	0.11370275	0.11370275	106837392	0.0
P123	ttfx2	hmm	per-iteration	0.0007625375000000004	0.0007625375000000004	3.9688e6	0.0
P123	ttfx2	hmm	setup (T(I) - I*per-iteration)	0.098452	NaN	27461392	0.0
P12	ttfx2	nl	load	2.2695260047912598	2.2695260047912598	0	0.0
P12	ttfx2	nl	ttfx	19.030495375	19.030495375	0	0.0
P12	ttfx2	nl	infer(I=5)	0.384889875	0.384889875	68620720	0.0
P12	ttfx2	nl	infer(I=10)	0.090047625	0.090047625	64485264	0.0
P12	ttfx2	nl	per-iteration	-0.05896844999999999	-0.05896844999999999	-827091.2	0.0
P12	ttfx2	nl	setup (T(I) - I*per-iteration)	0.6797321249999999	NaN	72756176	0.0
P123	ttfx2	nl	load	2.300654172897339	2.300654172897339	0	0.0
P123	ttfx2	nl	ttfx	18.285327833	18.285327833	0	0.0
P123	ttfx2	nl	infer(I=5)	0.499266958	0.499266958	77897024	0.0
P123	ttfx2	nl	infer(I=10)	0.107539125	0.107539125	60411120	0.0
P123	ttfx2	nl	per-iteration	-0.0783455666	-0.0783455666	-3.4971808e6	0.0
P123	ttfx2	nl	setup (T(I) - I*per-iteration)	0.890994791	NaN	95382928	0.0
P12	ttfx2	iid	load	2.0882349014282227	2.0882349014282227	0	0.0
P12	ttfx2	iid	ttfx	9.823654292	9.823654292	0	0.0
P12	ttfx2	iid	infer(I=10)	0.058633708	0.058633708	51917024	0.0
P12	ttfx2	iid	infer(I=20)	0.070052959	0.070052959	71610336	0.0
P12	ttfx2	iid	per-iteration	0.0011419250999999998	0.0011419250999999998	1.9693312e6	0.0
P12	ttfx2	iid	setup (T(I) - I*per-iteration)	0.047214457	NaN	32223712	0.0
P123	ttfx2	iid	load	2.448523998260498	2.448523998260498	0	0.0
P123	ttfx2	iid	ttfx	9.8628475	9.8628475	0	0.0
P123	ttfx2	iid	infer(I=10)	0.057471	0.057471	48396672	0.0
P123	ttfx2	iid	infer(I=20)	0.064566792	0.064566792	64569984	0.0
P123	ttfx2	iid	per-iteration	0.0007095791999999996	0.0007095791999999996	1.6173312e6	0.0
P123	ttfx2	iid	setup (T(I) - I*per-iteration)	0.050375208000000005	NaN	32223360	0.0
P12	ttfx3	hmm	load	2.4901678562164307	2.4901678562164307	0	0.0
P12	ttfx3	hmm	ttfx	20.290867041	20.290867041	0	0.0
P12	ttfx3	hmm	infer(I=10)	0.108550125	0.108550125	69655728	0.0
P12	ttfx3	hmm	infer(I=20)	0.192971084	0.192971084	111935728	0.0
P12	ttfx3	hmm	per-iteration	0.008442095899999998	0.008442095899999998	4.228e6	0.0
P12	ttfx3	hmm	setup (T(I) - I*per-iteration)	0.024129166000000007	NaN	27375728	0.0
P123	ttfx3	hmm	load	2.572672128677368	2.572672128677368	0	0.0
P123	ttfx3	hmm	ttfx	25.965609375	25.965609375	0	0.0
P123	ttfx3	hmm	infer(I=10)	0.155518542	0.155518542	67149392	0.0
P123	ttfx3	hmm	infer(I=20)	0.116596583	0.116596583	106837392	0.0
P123	ttfx3	hmm	per-iteration	-0.0038921959000000005	-0.0038921959000000005	3.9688e6	0.0
P123	ttfx3	hmm	setup (T(I) - I*per-iteration)	0.19444050100000002	NaN	27461392	0.0
P12	ttfx3	nl	load	2.1371960639953613	2.1371960639953613	0	0.0
P12	ttfx3	nl	ttfx	20.3796935	20.3796935	0	0.0
P12	ttfx3	nl	infer(I=5)	0.516398208	0.516398208	68620224	0.0
P12	ttfx3	nl	infer(I=10)	0.132929708	0.132929708	64485264	0.0
P12	ttfx3	nl	per-iteration	-0.0766937	-0.0766937	-826992.0	0.0
P12	ttfx3	nl	setup (T(I) - I*per-iteration)	0.899866708	NaN	72755184	0.0
P123	ttfx3	nl	load	2.415501117706299	2.415501117706299	0	0.0
P123	ttfx3	nl	ttfx	19.931625041	19.931625041	0	0.0
P123	ttfx3	nl	infer(I=5)	0.397749958	0.397749958	66511952	0.0
P123	ttfx3	nl	infer(I=10)	0.084446792	0.084446792	60411120	0.0
P123	ttfx3	nl	per-iteration	-0.06266063320000001	-0.06266063320000001	-1.2201664e6	0.0
P123	ttfx3	nl	setup (T(I) - I*per-iteration)	0.711053124	NaN	72612784	0.0
P12	ttfx3	iid	load	2.0969338417053223	2.0969338417053223	0	0.0
P12	ttfx3	iid	ttfx	9.7765595	9.7765595	0	0.0
P12	ttfx3	iid	infer(I=10)	0.057665917	0.057665917	51917024	0.0
P12	ttfx3	iid	infer(I=20)	0.070610458	0.070610458	71610336	0.0
P12	ttfx3	iid	per-iteration	0.0012944541000000005	0.0012944541000000005	1.9693312e6	0.0
P12	ttfx3	iid	setup (T(I) - I*per-iteration)	0.04472137599999999	NaN	32223712	0.0
P123	ttfx3	iid	load	2.0522191524505615	2.0522191524505615	0	0.0
P123	ttfx3	iid	ttfx	9.957550166	9.957550166	0	0.0
P123	ttfx3	iid	infer(I=10)	0.053130625	0.053130625	48396672	0.0
P123	ttfx3	iid	infer(I=20)	0.062925084	0.062925084	64569984	0.0
P123	ttfx3	iid	per-iteration	0.0009794459000000005	0.0009794459000000005	1.6173312e6	0.0
P123	ttfx3	iid	setup (T(I) - I*per-iteration)	0.043336165999999995	NaN	32223360	0.0
