P1235	ttfx1	ssm1	load	22.174535989761353	22.174535989761353	0	0.0
P1235	ttfx1	ssm1	ttfx	37.959698	37.959698	0	0.0
P1235	ttfx1	ssm1	infer(I=1)	0.18199425	0.18199425	72085616	0.0
PC	ttfx1	ssm1	load	8.156805992126465	8.156805992126465	0	0.0
PC	ttfx1	ssm1	ttfx	14.21476175	14.21476175	0	0.0
PC	ttfx1	ssm1	infer(I=1)	0.197260583	0.197260583	72215056	0.0
P1235	ttfx1	iid	load	4.273842811584473	4.273842811584473	0	0.0
P1235	ttfx1	iid	ttfx	18.22851075	18.22851075	0	0.0
P1235	ttfx1	iid	infer(I=10)	0.067871875	0.067871875	43653440	0.0
P1235	ttfx1	iid	infer(I=20)	0.07176775	0.07176775	59826752	0.0
P1235	ttfx1	iid	per-iteration	0.0003895875000000007	0.0003895875000000007	1.6173312e6	0.0
P1235	ttfx1	iid	setup (T(I) - I*per-iteration)	0.06397599999999999	NaN	27480128	0.0
PC	ttfx1	iid	load	4.346721172332764	4.346721172332764	0	0.0
PC	ttfx1	iid	ttfx	1.313747875	1.313747875	0	0.0
PC	ttfx1	iid	infer(I=10)	0.059968834	0.059968834	43657312	0.0
PC	ttfx1	iid	infer(I=20)	0.062324625	0.062324625	59833184	0.0
PC	ttfx1	iid	per-iteration	0.00023557910000000028	0.00023557910000000028	1.6175872e6	0.0
PC	ttfx1	iid	setup (T(I) - I*per-iteration)	0.057613042999999996	NaN	27481440	0.0
P1235	ttfx1	betabern	load	4.36894416809082	4.36894416809082	0	0.0
P1235	ttfx1	betabern	ttfx	20.144321542	20.144321542	0	0.0
P1235	ttfx1	betabern	infer(I=1)	0.151030208	0.151030208	94385376	0.0
PC	ttfx1	betabern	load	4.131609916687012	4.131609916687012	0	0.0
PC	ttfx1	betabern	ttfx	0.540084916	0.540084916	0	0.0
PC	ttfx1	betabern	infer(I=1)	0.110596667	0.110596667	94386816	0.0
P1235	ttfx1	hmm	load	2.479085922241211	2.479085922241211	0	0.0
P1235	ttfx1	hmm	ttfx	20.523558625	20.523558625	0	0.0
P1235	ttfx1	hmm	infer(I=10)	0.101429416	0.101429416	63307568	0.0
P1235	ttfx1	hmm	infer(I=20)	0.296903209	0.296903209	102995568	0.0
P1235	ttfx1	hmm	per-iteration	0.0195473793	0.0195473793	3.9688e6	0.0
P1235	ttfx1	hmm	setup (T(I) - I*per-iteration)	-0.09404437700000001	NaN	23619568	0.0
PC	ttfx1	hmm	load	3.0507068634033203	3.0507068634033203	0	0.0
PC	ttfx1	hmm	ttfx	14.308463791	14.308463791	0	0.0
PC	ttfx1	hmm	infer(I=10)	0.167881709	0.167881709	63307856	0.0
PC	ttfx1	hmm	infer(I=20)	0.229898	0.229898	102995856	0.0
PC	ttfx1	hmm	per-iteration	0.0062016291	0.0062016291	3.9688e6	0.0
PC	ttfx1	hmm	setup (T(I) - I*per-iteration)	0.10586541799999999	NaN	23619856	0.0
P1235	ttfx1	nl	load	2.4330050945281982	2.4330050945281982	0	0.0
P1235	ttfx1	nl	ttfx	19.819449209	19.819449209	0	0.0
P1235	ttfx1	nl	infer(I=5)	0.328316375	0.328316375	61936752	0.0
P1235	ttfx1	nl	infer(I=10)	0.072874625	0.072874625	55837904	0.0
P1235	ttfx1	nl	per-iteration	-0.051088350000000005	-0.051088350000000005	-1.2197696e6	0.0
P1235	ttfx1	nl	setup (T(I) - I*per-iteration)	0.583758125	NaN	68035600	0.0
PC	ttfx1	nl	load	2.4686081409454346	2.4686081409454346	0	0.0
PC	ttfx1	nl	ttfx	9.928745166	9.928745166	0	0.0
PC	ttfx1	nl	infer(I=5)	0.500944625	0.500944625	73322048	0.0
PC	ttfx1	nl	infer(I=10)	0.073623125	0.073623125	55839216	0.0
PC	ttfx1	nl	per-iteration	-0.0854643	-0.0854643	-3.4965664e6	0.0
PC	ttfx1	nl	setup (T(I) - I*per-iteration)	0.928266125	NaN	90804880	0.0
P1235	ttfx2	ssm1	load	2.1070659160614014	2.1070659160614014	0	0.0
P1235	ttfx2	ssm1	ttfx	15.612725333	15.612725333	0	0.0
P1235	ttfx2	ssm1	infer(I=1)	0.086877292	0.086877292	72085616	0.0
PC	ttfx2	ssm1	load	2.370468854904175	2.370468854904175	0	0.0
PC	ttfx2	ssm1	ttfx	6.735251208	6.735251208	0	0.0
PC	ttfx2	ssm1	infer(I=1)	0.089936083	0.089936083	72215056	0.0
P1235	ttfx2	iid	load	2.1241750717163086	2.1241750717163086	0	0.0
P1235	ttfx2	iid	ttfx	9.85659875	9.85659875	0	0.0
P1235	ttfx2	iid	infer(I=10)	0.037606	0.037606	43653440	0.0
P1235	ttfx2	iid	infer(I=20)	0.045993958	0.045993958	59826752	0.0
P1235	ttfx2	iid	per-iteration	0.0008387958000000001	0.0008387958000000001	1.6173312e6	0.0
P1235	ttfx2	iid	setup (T(I) - I*per-iteration)	0.029218042	NaN	27480128	0.0
PC	ttfx2	iid	load	2.4095330238342285	2.4095330238342285	0	0.0
PC	ttfx2	iid	ttfx	0.625189041	0.625189041	0	0.0
PC	ttfx2	iid	infer(I=10)	0.035505792	0.035505792	43657312	0.0
PC	ttfx2	iid	infer(I=20)	0.044155584	0.044155584	59833184	0.0
PC	ttfx2	iid	per-iteration	0.0008649791999999996	0.0008649791999999996	1.6175872e6	0.0
PC	ttfx2	iid	setup (T(I) - I*per-iteration)	0.026856000000000005	NaN	27481440	0.0
P1235	ttfx2	betabern	load	2.0878560543060303	2.0878560543060303	0	0.0
P1235	ttfx2	betabern	ttfx	8.8926455	8.8926455	0	0.0
P1235	ttfx2	betabern	infer(I=1)	0.120694792	0.120694792	94385376	0.0
PC	ttfx2	betabern	load	2.305967092514038	2.305967092514038	0	0.0
PC	ttfx2	betabern	ttfx	0.611203125	0.611203125	0	0.0
PC	ttfx2	betabern	infer(I=1)	0.108366291	0.108366291	94386816	0.0
P1235	ttfx2	hmm	load	2.0176050662994385	2.0176050662994385	0	0.0
P1235	ttfx2	hmm	ttfx	19.249774584	19.249774584	0	0.0
P1235	ttfx2	hmm	infer(I=10)	0.061094334	0.061094334	63307568	0.0
P1235	ttfx2	hmm	infer(I=20)	0.103869416	0.103869416	102995568	0.0
P1235	ttfx2	hmm	per-iteration	0.0042775082	0.0042775082	3.9688e6	0.0
P1235	ttfx2	hmm	setup (T(I) - I*per-iteration)	0.018319251999999994	NaN	23619568	0.0
PC	ttfx2	hmm	load	2.3652729988098145	2.3652729988098145	0	0.0
PC	ttfx2	hmm	ttfx	12.674053291	12.674053291	0	0.0
PC	ttfx2	hmm	infer(I=10)	0.067472125	0.067472125	63307856	0.0
PC	ttfx2	hmm	infer(I=20)	0.110299125	0.110299125	102995856	0.0
PC	ttfx2	hmm	per-iteration	0.0042827	0.0042827	3.9688e6	0.0
PC	ttfx2	hmm	setup (T(I) - I*per-iteration)	0.02464512499999999	NaN	23619856	0.0
P1235	ttfx2	nl	load	1.9939041137695312	1.9939041137695312	0	0.0
P1235	ttfx2	nl	ttfx	18.222779459	18.222779459	0	0.0
P1235	ttfx2	nl	infer(I=5)	0.32362075	0.32362075	61937312	0.0
P1235	ttfx2	nl	infer(I=10)	0.084007416	0.084007416	55837904	0.0
P1235	ttfx2	nl	per-iteration	-0.0479226668	-0.0479226668	-1.2198816e6	0.0
P1235	ttfx2	nl	setup (T(I) - I*per-iteration)	0.5632340840000001	NaN	68036720	0.0
PC	ttfx2	nl	load	2.3572847843170166	2.3572847843170166	0	0.0
PC	ttfx2	nl	ttfx	10.211150875	10.211150875	0	0.0
PC	ttfx2	nl	infer(I=5)	0.337077042	0.337077042	61936784	0.0
PC	ttfx2	nl	infer(I=10)	0.069764625	0.069764625	55839216	0.0
PC	ttfx2	nl	per-iteration	-0.0534624834	-0.0534624834	-1.2195136e6	0.0
PC	ttfx2	nl	setup (T(I) - I*per-iteration)	0.604389459	NaN	68034352	0.0
