E4	r1	iid	load	1.9148178100585938	1.9148178100585938	0	0.0
E4	r1	iid	ttfx	8.8002755	8.8002755	0	0.0
E4	r1	iid	infer(I=10)	0.033939917	0.034961584	41125504	0.0
E4	r1	iid	infer(I=20)	0.042865292	0.043859459	54418816	0.0
E4	r1	iid	per-iteration	0.0008925375	0.0008897875000000007	1.3293312e6	0.0
E4	r1	iid	setup (T(I) - I*per-iteration)	0.025014542	NaN	27832192	0.0
T	r1	iid	load	2.517848014831543	2.517848014831543	0	0.0
T	r1	iid	ttfx	8.875054792	8.875054792	0	0.0
T	r1	iid	infer(I=10)	0.033033667	0.033803417	37285120	0.0
T	r1	iid	infer(I=20)	0.040105458	0.041606625	46738432	0.0
T	r1	iid	per-iteration	0.0007071790999999994	0.0007803207999999999	945331.2	0.0
T	r1	iid	setup (T(I) - I*per-iteration)	0.02596187600000001	NaN	27831808	0.0
E4	r1	hmm	load	1.8670039176940918	1.8670039176940918	0	0.0
E4	r1	hmm	ttfx	17.317947	17.317947	0	0.0
E4	r1	hmm	infer(I=10)	0.056055667	0.056676458	61974480	0.0
E4	r1	hmm	infer(I=20)	0.089038458	0.093042334	99741520	0.0
E4	r1	hmm	per-iteration	0.0032982791	0.0036365876000000004	3.776704e6	0.0
E4	r1	hmm	setup (T(I) - I*per-iteration)	0.023072876000000006	NaN	24207440	0.0
T	r1	hmm	load	1.8471009731292725	1.8471009731292725	0	0.0
T	r1	hmm	ttfx	17.438725083	17.438725083	0	0.0
T	r1	hmm	infer(I=10)	0.053125292	0.055657417	57758144	0.0
T	r1	hmm	infer(I=20)	0.080957458	0.085542667	91397184	0.0
T	r1	hmm	per-iteration	0.0027832166	0.002988525	3.363904e6	0.0
T	r1	hmm	setup (T(I) - I*per-iteration)	0.025293126	NaN	24119104	0.0
E4	r1	nl	load	1.8465688228607178	1.8465688228607178	0	0.0
E4	r1	nl	ttfx	16.582542125	16.582542125	0	0.0
E4	r1	nl	infer(I=5)	0.050335834	0.053005375	44119024	0.0
E4	r1	nl	infer(I=10)	0.063637291	0.066598333	54950768	0.0
E4	r1	nl	per-iteration	0.0026602913999999992	0.002718591599999999	2.1663488e6	0.0
E4	r1	nl	setup (T(I) - I*per-iteration)	0.03703437700000001	NaN	33287280	0.0
T	r1	nl	load	1.8566439151763916	1.8566439151763916	0	0.0
T	r1	nl	ttfx	16.433317458	16.433317458	0	0.0
T	r1	nl	infer(I=5)	0.047695875	0.049045958	42333616	0.0
T	r1	nl	infer(I=10)	0.058722875	0.062430875	51462320	0.0
T	r1	nl	per-iteration	0.0022054000000000006	0.0026769833999999992	1.8257408e6	0.0
T	r1	nl	setup (T(I) - I*per-iteration)	0.036668875	NaN	33204912	0.0
E4	r1	gmm	load	1.8536419868469238	1.8536419868469238	0	0.0
E4	r1	gmm	ttfx	13.784412875	13.784412875	0	0.0
E4	r1	gmm	infer(I=10)	0.075979625	0.078940709	80522080	0.0
E4	r1	gmm	infer(I=20)	0.105382542	0.109950333	109632640	0.0
E4	r1	gmm	per-iteration	0.0029402917	0.0031009623999999998	2.911056e6	0.0
E4	r1	gmm	setup (T(I) - I*per-iteration)	0.046576707999999994	NaN	51411520	0.0
T	r1	gmm	load	1.8605539798736572	1.8605539798736572	0	0.0
T	r1	gmm	ttfx	13.779254	13.779254	0	0.0
T	r1	gmm	infer(I=10)	0.073726833	0.074847916	70924944	0.0
T	r1	gmm	infer(I=20)	0.10080875	0.102627084	90435504	0.0
T	r1	gmm	per-iteration	0.0027081917	0.0027779167999999995	1.951056e6	0.0
T	r1	gmm	setup (T(I) - I*per-iteration)	0.04664491600000001	NaN	51414384	0.0
E4	r1	ssm1	load	1.8686869144439697	1.8686869144439697	0	0.0
E4	r1	ssm1	ttfx	13.921037333	13.921037333	0	0.0
E4	r1	ssm1	infer(I=1)	0.079502958	0.083515083	73014064	0.0
T	r1	ssm1	load	1.8677940368652344	1.8677940368652344	0	0.0
T	r1	ssm1	ttfx	13.900125833	13.900125833	0	0.0
T	r1	ssm1	infer(I=1)	0.077759208	0.081972542	72357872	0.0
E4	r1	betabern	load	1.8621721267700195	1.8621721267700195	0	0.0
E4	r1	betabern	ttfx	8.121809792	8.121809792	0	0.0
E4	r1	betabern	infer(I=1)	0.101863125	0.107805167	94545408	0.0
T	r1	betabern	load	1.8644959926605225	1.8644959926605225	0	0.0
T	r1	betabern	ttfx	7.973297084	7.973297084	0	0.0
T	r1	betabern	infer(I=1)	0.100994416	0.10739125	93745216	0.0
E4	r1	filter	load	1.862994909286499	1.862994909286499	0	0.0
E4	r1	filter	ttfx	9.431467833	9.431467833	0	0.0
E4	r1	filter	infer(I=1)	0.006179375	0.006241208	4901104	0.0
T	r1	filter	load	1.850574016571045	1.850574016571045	0	0.0
T	r1	filter	ttfx	9.375198042	9.375198042	0	0.0
T	r1	filter	infer(I=1)	0.005815667	0.005968916	4053104	0.0
E4	r1	iid@10000	load	1.8543939590454102	1.8543939590454102	0	0.0
E4	r1	iid@10000	ttfx	9.67450125	9.67450125	0	0.0
E4	r1	iid@10000	infer(I=10)	0.463261125	0.477525209	408136272	0.0
E4	r1	iid@10000	infer(I=20)	0.672292291	0.785097792	540949584	0.14354267641813975
E4	r1	iid@10000	per-iteration	0.0209031166	0.030757258299999996	1.32813312e7	0.0
E4	r1	iid@10000	setup (T(I) - I*per-iteration)	0.254229959	NaN	275322960	0.0
T	r1	iid@10000	load	1.85030198097229	1.85030198097229	0	0.0
T	r1	iid@10000	ttfx	9.41406325	9.41406325	0	0.0
T	r1	iid@10000	infer(I=10)	0.380957042	0.430594834	369735888	0.0
T	r1	iid@10000	infer(I=20)	0.582678084	0.595218708	464149200	0.0
T	r1	iid@10000	per-iteration	0.020172104199999995	0.0164623874	9.4413312e6	0.0
T	r1	iid@10000	setup (T(I) - I*per-iteration)	0.17923600000000006	NaN	275322576	0.0
E4	r2	iid	load	1.8554949760437012	1.8554949760437012	0	0.0
E4	r2	iid	ttfx	8.96672625	8.96672625	0	0.0
E4	r2	iid	infer(I=10)	0.034335584	0.03504275	41125504	0.0
E4	r2	iid	infer(I=20)	0.042653125	0.044810334	54418816	0.0
E4	r2	iid	per-iteration	0.0008317540999999998	0.0009767584000000002	1.3293312e6	0.0
E4	r2	iid	setup (T(I) - I*per-iteration)	0.026018043000000005	NaN	27832192	0.0
T	r2	iid	load	1.8562579154968262	1.8562579154968262	0	0.0
T	r2	iid	ttfx	8.825489416	8.825489416	0	0.0
T	r2	iid	infer(I=10)	0.033439083	0.03443	37285120	0.0
T	r2	iid	infer(I=20)	0.0413345	0.04255	46738432	0.0
T	r2	iid	per-iteration	0.0007895417000000002	0.0008119999999999996	945331.2	0.0
T	r2	iid	setup (T(I) - I*per-iteration)	0.025543666	NaN	27831808	0.0
E4	r2	hmm	load	1.8691368103027344	1.8691368103027344	0	0.0
E4	r2	hmm	ttfx	17.343308542	17.343308542	0	0.0
E4	r2	hmm	infer(I=10)	0.056348208	0.056863834	61974480	0.0
E4	r2	hmm	infer(I=20)	0.089726458	0.092760834	99741520	0.0
E4	r2	hmm	per-iteration	0.003337825	0.0035897	3.776704e6	0.0
E4	r2	hmm	setup (T(I) - I*per-iteration)	0.022969958	NaN	24207440	0.0
T	r2	hmm	load	1.8715288639068604	1.8715288639068604	0	0.0
T	r2	hmm	ttfx	17.431471833	17.431471833	0	0.0
T	r2	hmm	infer(I=10)	0.051757459	0.053383375	57758144	0.0
T	r2	hmm	infer(I=20)	0.082979459	0.083221459	91397184	0.0
T	r2	hmm	per-iteration	0.0031222000000000008	0.0029838084000000003	3.363904e6	0.0
T	r2	hmm	setup (T(I) - I*per-iteration)	0.020535458999999992	NaN	24119104	0.0
E4	r2	nl	load	1.8527700901031494	1.8527700901031494	0	0.0
E4	r2	nl	ttfx	16.530465958	16.530465958	0	0.0
E4	r2	nl	infer(I=5)	0.049793208	0.052472958	44119024	0.0
E4	r2	nl	infer(I=10)	0.063834542	0.065437375	54950768	0.0
E4	r2	nl	per-iteration	0.002808266799999999	0.0025928834000000013	2.1663488e6	0.0
E4	r2	nl	setup (T(I) - I*per-iteration)	0.035751874	NaN	33287280	0.0
T	r2	nl	load	1.8449819087982178	1.8449819087982178	0	0.0
T	r2	nl	ttfx	16.433291833	16.433291833	0	0.0
T	r2	nl	infer(I=5)	0.047558333	0.05046425	42333616	0.0
T	r2	nl	infer(I=10)	0.059339667	0.061209958	51462320	0.0
T	r2	nl	per-iteration	0.0023562667999999995	0.0021491416	1.8257408e6	0.0
T	r2	nl	setup (T(I) - I*per-iteration)	0.035776999000000004	NaN	33204912	0.0
E4	r2	gmm	load	1.8513782024383545	1.8513782024383545	0	0.0
E4	r2	gmm	ttfx	13.651732459	13.651732459	0	0.0
E4	r2	gmm	infer(I=10)	0.077262458	0.080120167	80522080	0.0
E4	r2	gmm	infer(I=20)	0.108087458	0.111119166	109632640	0.0
E4	r2	gmm	per-iteration	0.0030824999999999993	0.0030998999	2.911056e6	0.0
E4	r2	gmm	setup (T(I) - I*per-iteration)	0.046437458000000015	NaN	51411520	0.0
T	r2	gmm	load	1.8672759532928467	1.8672759532928467	0	0.0
T	r2	gmm	ttfx	13.715368542	13.715368542	0	0.0
T	r2	gmm	infer(I=10)	0.074991333	0.077130792	70924944	0.0
T	r2	gmm	infer(I=20)	0.103259083	0.107090875	90435504	0.0
T	r2	gmm	per-iteration	0.002826775000000001	0.0029960082999999998	1.951056e6	0.0
T	r2	gmm	setup (T(I) - I*per-iteration)	0.046723582999999985	NaN	51414384	0.0
E4	r2	ssm1	load	1.8243699073791504	1.8243699073791504	0	0.0
E4	r2	ssm1	ttfx	13.678752416	13.678752416	0	0.0
E4	r2	ssm1	infer(I=1)	0.078718208	0.081507417	73014064	0.0
T	r2	ssm1	load	1.8540079593658447	1.8540079593658447	0	0.0
T	r2	ssm1	ttfx	13.747423417	13.747423417	0	0.0
T	r2	ssm1	infer(I=1)	0.0761125	0.0826165	72357872	0.0
E4	r2	betabern	load	1.8211519718170166	1.8211519718170166	0	0.0
E4	r2	betabern	ttfx	7.984217292	7.984217292	0	0.0
E4	r2	betabern	infer(I=1)	0.101653333	0.107228041	94545408	0.0
T	r2	betabern	load	1.8429279327392578	1.8429279327392578	0	0.0
T	r2	betabern	ttfx	8.053350917	8.053350917	0	0.0
T	r2	betabern	infer(I=1)	0.101195916	0.107554167	93745216	0.0
E4	r2	filter	load	1.8275330066680908	1.8275330066680908	0	0.0
E4	r2	filter	ttfx	9.397879958	9.397879958	0	0.0
E4	r2	filter	infer(I=1)	0.006256916	0.006360458	4901104	0.0
T	r2	filter	load	1.8353490829467773	1.8353490829467773	0	0.0
T	r2	filter	ttfx	9.349730542	9.349730542	0	0.0
T	r2	filter	infer(I=1)	0.005882625	0.005943125	4053104	0.0
E4	r2	iid@10000	load	1.8298680782318115	1.8298680782318115	0	0.0
E4	r2	iid@10000	ttfx	9.4394015	9.4394015	0	0.0
E4	r2	iid@10000	infer(I=10)	0.448692833	0.459341875	408136272	0.0
E4	r2	iid@10000	infer(I=20)	0.62693925	0.747312666	540949584	0.14665687601232225
E4	r2	iid@10000	per-iteration	0.017824641699999994	0.0287970791	1.32813312e7	0.0
E4	r2	iid@10000	setup (T(I) - I*per-iteration)	0.2704464160000001	NaN	275322960	0.0
T	r2	iid@10000	load	1.8376030921936035	1.8376030921936035	0	0.0
T	r2	iid@10000	ttfx	9.577756875	9.577756875	0	0.0
T	r2	iid@10000	infer(I=10)	0.37509375	0.422441125	369735888	0.0
T	r2	iid@10000	infer(I=20)	0.572914375	0.590828333	464149200	0.0
T	r2	iid@10000	per-iteration	0.019782062499999996	0.016838720800000005	9.4413312e6	0.0
T	r2	iid@10000	setup (T(I) - I*per-iteration)	0.17727312500000003	NaN	275322576	0.0
