A	run1	map/direct  NMV->out m[μ]::NMV m[v]::PM (BP)	784.1	823.6	16	960
A	run1	map/barrier NMV->out m[μ]::NMV m[v]::PM (BP)	802.8	826.7	17	992
A	run1	resolve/barrier NMV->out m[μ]::NMV m[v]::PM (BP)	26.8	28.0	2	144
A	run1	deferred/barrier NMV->out m[μ]::NMV m[v]::PM (BP)	808.0	841.8	17	992
A	run1	map/direct  NMP->μ q[out]::PM q[τ]::Gamma (VMP)	910.1	937.5	14	640
A	run1	map/barrier NMP->μ q[out]::PM q[τ]::Gamma (VMP)	923.1	958.3	15	672
A	run1	resolve/barrier NMP->μ q[out]::PM q[τ]::Gamma (VMP)	27.2	28.2	2	144
A	run1	deferred/barrier NMP->μ q[out]::PM q[τ]::Gamma (VMP)	930.0	963.4	15	672
A	run1	map/direct  MvNMC->out m[μ]::MvNMC(3) m[Σ]::PM (BP)	821.9	852.1	18	1104
A	run1	map/barrier MvNMC->out m[μ]::MvNMC(3) m[Σ]::PM (BP)	868.9	896.9	19	1136
A	run1	resolve/barrier MvNMC->out m[μ]::MvNMC(3) m[Σ]::PM (BP)	26.4	27.9	2	144
A	run1	deferred/barrier MvNMC->out m[μ]::MvNMC(3) m[Σ]::PM (BP)	875.0	908.3	19	1136
A	run1	map/direct  Bernoulli->out m[p]::Beta	945.7	990.9	18	1024
A	run1	map/barrier Bernoulli->out m[p]::Beta	964.3	1008.9	19	1056
A	run1	resolve/barrier Bernoulli->out m[p]::Beta	26.6	28.2	2	144
A	run1	deferred/barrier Bernoulli->out m[p]::Beta	972.2	1024.3	19	1056
A	run1	map/direct  Categorical->p q[out]::Categorical	1050.0	1108.3	21	1168
A	run1	map/barrier Categorical->p q[out]::Categorical	1095.8	1145.8	22	1200
A	run1	resolve/barrier Categorical->p q[out]::Categorical	26.8	28.4	2	144
A	run1	deferred/barrier Categorical->p q[out]::Categorical	1104.1	1158.3	22	1200
A	run1	joint-marginal/barrier NMV (out,μ)	147.0	163.1	11	544
A	run1	product/NMV x3	1250.0	1300.0	12	384
A	run1	product/deferred NMV x3	1308.3	1358.3	12	384
A	run1	product/NMV x10	1437.5	1483.3	33	944
A	run1	product/deferred NMV x10	1625.0	1687.5	33	944
A	run1	product/MvNMC(3) x3	2097.2	2180.6	34	1648
A	run1	marginal-at-variable/NMV x3	1620.8	1662.5	14	464
A	run1	stream/marginal combineLatest x3 round	112.0	116.7	0	0
A	run1	stream/message combineLatest x3 round	109.8	114.5	0	0
A	run1	event/AfterMessageRuleCallEvent, result::Any	271.1	277.1	3	128
A	run1	barrier/kernel(tuple, ann), Any-typed args	24.1	25.1	1	32
A	run1	barrier/kernel(tuple, ann), known types	3.5	3.7	0	0
A	run1	barrier/kernel(a, b), Any-typed args	24.1	24.9	1	32
A	run1	unpack/map(getdata, 2 messages)	2.0	2.1	0	0
A	run1	graph/iid n=1000 10 it	1.2441459e7	1.3186375e7	-1	13446112
A	run1	graph/chain n=300 10 it	2.4413584e7	2.7719375e7	-1	20297952
C	run1	map/direct  NMV->out m[μ]::NMV m[v]::PM (BP)	498.9	526.8	18	1008
C	run1	map/barrier NMV->out m[μ]::NMV m[v]::PM (BP)	520.4	557.9	19	1040
C	run1	resolve/barrier NMV->out m[μ]::NMV m[v]::PM (BP)	130.7	136.1	2	48
C	run1	deferred/barrier NMV->out m[μ]::NMV m[v]::PM (BP)	521.2	557.4	19	1040
C	run1	map/direct  NMP->μ q[out]::PM q[τ]::Gamma (VMP)	436.2	453.5	14	560
C	run1	map/barrier NMP->μ q[out]::PM q[τ]::Gamma (VMP)	452.6	472.1	15	592
C	run1	resolve/barrier NMP->μ q[out]::PM q[τ]::Gamma (VMP)	137.5	142.8	2	48
C	run1	deferred/barrier NMP->μ q[out]::PM q[τ]::Gamma (VMP)	459.8	479.6	15	592
C	run1	map/direct  MvNMC->out m[μ]::MvNMC(3) m[Σ]::PM (BP)	536.4	562.6	20	1152
C	run1	map/barrier MvNMC->out m[μ]::MvNMC(3) m[Σ]::PM (BP)	558.5	582.2	21	1184
C	run1	resolve/barrier MvNMC->out m[μ]::MvNMC(3) m[Σ]::PM (BP)	184.7	189.9	2	48
C	run1	deferred/barrier MvNMC->out m[μ]::MvNMC(3) m[Σ]::PM (BP)	564.3	607.6	21	1184
C	run1	map/direct  Bernoulli->out m[p]::Beta	486.7	511.1	18	944
C	run1	map/barrier Bernoulli->out m[p]::Beta	507.1	530.0	19	976
C	run1	resolve/barrier Bernoulli->out m[p]::Beta	127.3	131.0	2	48
C	run1	deferred/barrier Bernoulli->out m[p]::Beta	514.4	541.4	19	976
C	run1	map/direct  Categorical->p q[out]::Categorical	629.6	663.1	21	1072
C	run1	map/barrier Categorical->p q[out]::Categorical	639.5	672.4	22	1104
C	run1	resolve/barrier Categorical->p q[out]::Categorical	316.0	325.5	4	208
C	run1	deferred/barrier Categorical->p q[out]::Categorical	675.9	723.8	22	1104
C	run1	joint-marginal/barrier NMV (out,μ)	235.1	251.4	16	688
C	run1	product/NMV x3	742.7	768.3	13	368
C	run1	product/deferred NMV x3	737.0	773.6	13	368
C	run1	product/NMV x10	1429.2	1525.0	48	1264
C	run1	product/deferred NMV x10	1420.8	1525.0	48	1264
C	run1	product/MvNMC(3) x3	1587.5	1637.5	35	1632
C	run1	marginal-at-variable/NMV x3	827.6	866.8	14	400
C	run1	stream/marginal combineLatest x3 round	111.1	117.2	0	0
C	run1	stream/message combineLatest x3 round	109.0	114.3	0	0
C	run1	event/AfterMessageRuleCallEvent, result::Any	271.6	277.6	3	128
C	run1	barrier/kernel(tuple, ann), Any-typed args	23.8	25.2	1	32
C	run1	barrier/kernel(tuple, ann), known types	3.4	3.7	0	0
C	run1	barrier/kernel(a, b), Any-typed args	23.8	24.5	1	32
C	run1	unpack/map(getdata, 2 messages)	28.7	30.4	1	32
C	run1	graph/iid n=1000 10 it	1.5653042e7	1.5843958e7	-1	19530864
C	run1	graph/chain n=300 10 it	3.2965792e7	3.6943292e7	-1	25378704
E	run1	map/direct  NMV->out m[μ]::NMV m[v]::PM (BP)	213.9	224.9	15	880
E	run1	map/barrier NMV->out m[μ]::NMV m[v]::PM (BP)	229.7	243.2	16	912
E	run1	resolve/barrier NMV->out m[μ]::NMV m[v]::PM (BP)	131.3	136.7	2	48
E	run1	deferred/barrier NMV->out m[μ]::NMV m[v]::PM (BP)	245.9	267.4	16	912
E	run1	map/direct  NMP->μ q[out]::PM q[τ]::Gamma (VMP)	161.2	172.9	11	432
E	run1	map/barrier NMP->μ q[out]::PM q[τ]::Gamma (VMP)	182.1	195.1	12	464
E	run1	resolve/barrier NMP->μ q[out]::PM q[τ]::Gamma (VMP)	140.1	144.0	2	48
E	run1	deferred/barrier NMP->μ q[out]::PM q[τ]::Gamma (VMP)	194.7	213.1	12	464
E	run1	map/direct  MvNMC->out m[μ]::MvNMC(3) m[Σ]::PM (BP)	248.1	267.1	17	1024
E	run1	map/barrier MvNMC->out m[μ]::MvNMC(3) m[Σ]::PM (BP)	261.8	280.7	18	1056
E	run1	resolve/barrier MvNMC->out m[μ]::MvNMC(3) m[Σ]::PM (BP)	183.5	188.3	2	48
E	run1	deferred/barrier MvNMC->out m[μ]::MvNMC(3) m[Σ]::PM (BP)	275.9	303.8	18	1056
E	run1	map/direct  Bernoulli->out m[p]::Beta	199.4	217.6	15	848
E	run1	map/barrier Bernoulli->out m[p]::Beta	223.3	240.2	16	880
E	run1	resolve/barrier Bernoulli->out m[p]::Beta	129.0	132.3	2	48
E	run1	deferred/barrier Bernoulli->out m[p]::Beta	254.3	273.8	16	880
E	run1	map/direct  Categorical->p q[out]::Categorical	317.1	343.5	18	960
E	run1	map/barrier Categorical->p q[out]::Categorical	323.1	349.1	19	992
E	run1	resolve/barrier Categorical->p q[out]::Categorical	266.9	279.8	4	208
E	run1	deferred/barrier Categorical->p q[out]::Categorical	342.1	364.9	19	992
E	run1	joint-marginal/barrier NMV (out,μ)	232.6	253.1	16	688
E	run1	product/NMV x3	222.1	241.4	11	288
E	run1	product/deferred NMV x3	223.5	236.8	11	288
E	run1	product/NMV x10	915.4	955.7	46	1184
E	run1	product/deferred NMV x10	886.6	928.3	46	1184
E	run1	product/MvNMC(3) x3	1029.2	1108.3	33	1552
E	run1	marginal-at-variable/NMV x3	259.3	275.3	12	320
E	run1	stream/marginal combineLatest x3 round	109.6	114.1	0	0
E	run1	stream/message combineLatest x3 round	108.6	112.1	0	0
E	run1	event/AfterMessageRuleCallEvent, result::Any	276.4	282.0	3	128
E	run1	barrier/kernel(tuple, ann), Any-typed args	24.2	26.0	1	32
E	run1	barrier/kernel(tuple, ann), known types	3.5	3.7	0	0
E	run1	barrier/kernel(a, b), Any-typed args	24.3	25.2	1	32
E	run1	unpack/map(getdata, 2 messages)	28.8	30.7	1	32
E	run1	graph/iid n=1000 10 it	1.1662333e7	1.197275e7	-1	16969808
E	run1	graph/chain n=300 10 it	1.7905541e7	1.8427791e7	-1	21500848
F	run1	map/direct  NMV->out m[μ]::NMV m[v]::PM (BP)	178.2	189.0	12	800
F	run1	map/barrier NMV->out m[μ]::NMV m[v]::PM (BP)	190.4	202.5	13	832
F	run1	resolve/barrier NMV->out m[μ]::NMV m[v]::PM (BP)	25.5	27.0	2	144
F	run1	deferred/barrier NMV->out m[μ]::NMV m[v]::PM (BP)	202.4	222.8	13	832
F	run1	map/direct  NMP->μ q[out]::PM q[τ]::Gamma (VMP)	120.5	133.8	8	352
F	run1	map/barrier NMP->μ q[out]::PM q[τ]::Gamma (VMP)	137.8	144.5	9	384
F	run1	resolve/barrier NMP->μ q[out]::PM q[τ]::Gamma (VMP)	25.9	27.6	2	144
F	run1	deferred/barrier NMP->μ q[out]::PM q[τ]::Gamma (VMP)	145.6	154.4	9	384
F	run1	map/direct  MvNMC->out m[μ]::MvNMC(3) m[Σ]::PM (BP)	199.0	211.8	14	944
F	run1	map/barrier MvNMC->out m[μ]::MvNMC(3) m[Σ]::PM (BP)	219.8	235.7	15	976
F	run1	resolve/barrier MvNMC->out m[μ]::MvNMC(3) m[Σ]::PM (BP)	25.2	27.1	2	144
F	run1	deferred/barrier MvNMC->out m[μ]::MvNMC(3) m[Σ]::PM (BP)	229.3	244.3	15	976
F	run1	map/direct  Bernoulli->out m[p]::Beta	173.8	186.7	12	768
F	run1	map/barrier Bernoulli->out m[p]::Beta	194.0	205.9	13	800
F	run1	resolve/barrier Bernoulli->out m[p]::Beta	25.7	27.4	2	144
F	run1	deferred/barrier Bernoulli->out m[p]::Beta	202.3	218.0	13	800
F	run1	map/direct  Categorical->p q[out]::Categorical	257.6	276.5	15	896
F	run1	map/barrier Categorical->p q[out]::Categorical	286.0	308.5	16	928
F	run1	resolve/barrier Categorical->p q[out]::Categorical	25.7	27.5	2	144
F	run1	deferred/barrier Categorical->p q[out]::Categorical	297.8	327.5	16	928
F	run1	joint-marginal/barrier NMV (out,μ)	152.7	166.5	11	544
F	run1	product/NMV x3	166.3	175.7	8	240
F	run1	product/deferred NMV x3	219.7	227.3	8	240
F	run1	product/NMV x10	346.5	362.8	29	800
F	run1	product/deferred NMV x10	515.5	533.4	29	800
F	run1	product/MvNMC(3) x3	979.2	1025.0	30	1504
F	run1	marginal-at-variable/NMV x3	206.1	220.2	9	288
F	run1	stream/marginal combineLatest x3 round	105.7	109.0	0	0
F	run1	stream/message combineLatest x3 round	113.2	118.2	0	0
F	run1	event/AfterMessageRuleCallEvent, result::Any	272.1	278.1	3	128
F	run1	barrier/kernel(tuple, ann), Any-typed args	22.5	23.9	1	32
F	run1	barrier/kernel(tuple, ann), known types	3.4	3.7	0	0
F	run1	barrier/kernel(a, b), Any-typed args	22.8	23.4	1	32
F	run1	unpack/map(getdata, 2 messages)	2.0	2.1	0	0
F	run1	graph/iid n=1000 10 it	5.261209e6	5.534458e6	-1	10564064
F	run1	graph/chain n=300 10 it	1.15185e7	1.1891834e7	-1	16800704
F	run2	map/direct  NMV->out m[μ]::NMV m[v]::PM (BP)	192.3	212.3	12	800
F	run2	map/barrier NMV->out m[μ]::NMV m[v]::PM (BP)	209.8	224.2	13	832
F	run2	resolve/barrier NMV->out m[μ]::NMV m[v]::PM (BP)	28.2	29.7	2	144
F	run2	deferred/barrier NMV->out m[μ]::NMV m[v]::PM (BP)	223.7	235.5	13	832
F	run2	map/direct  NMP->μ q[out]::PM q[τ]::Gamma (VMP)	134.4	139.9	8	352
F	run2	map/barrier NMP->μ q[out]::PM q[τ]::Gamma (VMP)	149.8	162.2	9	384
F	run2	resolve/barrier NMP->μ q[out]::PM q[τ]::Gamma (VMP)	28.8	30.5	2	144
F	run2	deferred/barrier NMP->μ q[out]::PM q[τ]::Gamma (VMP)	159.4	170.4	9	384
F	run2	map/direct  MvNMC->out m[μ]::MvNMC(3) m[Σ]::PM (BP)	212.5	231.7	14	944
F	run2	map/barrier MvNMC->out m[μ]::MvNMC(3) m[Σ]::PM (BP)	231.9	250.8	15	976
F	run2	resolve/barrier MvNMC->out m[μ]::MvNMC(3) m[Σ]::PM (BP)	28.1	30.2	2	144
F	run2	deferred/barrier MvNMC->out m[μ]::MvNMC(3) m[Σ]::PM (BP)	247.6	267.4	15	976
F	run2	map/direct  Bernoulli->out m[p]::Beta	184.3	203.7	12	768
F	run2	map/barrier Bernoulli->out m[p]::Beta	204.9	219.0	13	800
F	run2	resolve/barrier Bernoulli->out m[p]::Beta	28.6	30.5	2	144
F	run2	deferred/barrier Bernoulli->out m[p]::Beta	215.3	231.7	13	800
F	run2	map/direct  Categorical->p q[out]::Categorical	266.5	313.7	15	896
F	run2	map/barrier Categorical->p q[out]::Categorical	310.7	340.6	16	928
F	run2	resolve/barrier Categorical->p q[out]::Categorical	28.6	30.6	2	144
F	run2	deferred/barrier Categorical->p q[out]::Categorical	319.6	338.6	16	928
F	run2	joint-marginal/barrier NMV (out,μ)	158.0	169.6	11	544
F	run2	product/NMV x3	177.0	186.4	8	240
F	run2	product/deferred NMV x3	239.6	251.9	8	240
F	run2	product/NMV x10	355.3	371.6	29	800
F	run2	product/deferred NMV x10	598.8	630.6	29	800
F	run2	product/MvNMC(3) x3	979.1	1041.7	30	1504
F	run2	marginal-at-variable/NMV x3	220.7	235.7	9	288
F	run2	stream/marginal combineLatest x3 round	116.7	123.5	0	0
F	run2	stream/message combineLatest x3 round	117.7	122.0	0	0
F	run2	event/AfterMessageRuleCallEvent, result::Any	272.9	279.1	3	128
F	run2	barrier/kernel(tuple, ann), Any-typed args	27.4	30.4	1	32
F	run2	barrier/kernel(tuple, ann), known types	3.4	3.7	0	0
F	run2	barrier/kernel(a, b), Any-typed args	27.4	28.3	1	32
F	run2	unpack/map(getdata, 2 messages)	2.0	2.1	0	0
F	run2	graph/iid n=1000 10 it	5.84025e6	6.079791e6	-1	10564064
F	run2	graph/chain n=300 10 it	1.2576916e7	1.3354084e7	-1	16800704
E	run2	map/direct  NMV->out m[μ]::NMV m[v]::PM (BP)	221.4	235.0	15	880
E	run2	map/barrier NMV->out m[μ]::NMV m[v]::PM (BP)	242.2	255.1	16	912
E	run2	resolve/barrier NMV->out m[μ]::NMV m[v]::PM (BP)	130.5	136.0	2	48
E	run2	deferred/barrier NMV->out m[μ]::NMV m[v]::PM (BP)	258.0	271.4	16	912
E	run2	map/direct  NMP->μ q[out]::PM q[τ]::Gamma (VMP)	163.0	171.3	11	432
E	run2	map/barrier NMP->μ q[out]::PM q[τ]::Gamma (VMP)	184.6	192.8	12	464
E	run2	resolve/barrier NMP->μ q[out]::PM q[τ]::Gamma (VMP)	133.9	138.9	2	48
E	run2	deferred/barrier NMP->μ q[out]::PM q[τ]::Gamma (VMP)	198.7	209.9	12	464
E	run2	map/direct  MvNMC->out m[μ]::MvNMC(3) m[Σ]::PM (BP)	259.7	276.7	17	1024
E	run2	map/barrier MvNMC->out m[μ]::MvNMC(3) m[Σ]::PM (BP)	268.7	284.0	18	1056
E	run2	resolve/barrier MvNMC->out m[μ]::MvNMC(3) m[Σ]::PM (BP)	183.5	188.3	2	48
E	run2	deferred/barrier MvNMC->out m[μ]::MvNMC(3) m[Σ]::PM (BP)	277.9	297.1	18	1056
E	run2	map/direct  Bernoulli->out m[p]::Beta	205.5	219.6	15	848
E	run2	map/barrier Bernoulli->out m[p]::Beta	233.2	249.7	16	880
E	run2	resolve/barrier Bernoulli->out m[p]::Beta	132.1	135.8	2	48
E	run2	deferred/barrier Bernoulli->out m[p]::Beta	261.8	284.8	16	880
E	run2	map/direct  Categorical->p q[out]::Categorical	320.4	350.8	18	960
E	run2	map/barrier Categorical->p q[out]::Categorical	325.3	351.4	19	992
E	run2	resolve/barrier Categorical->p q[out]::Categorical	271.0	284.8	4	208
E	run2	deferred/barrier Categorical->p q[out]::Categorical	353.2	384.3	19	992
E	run2	joint-marginal/barrier NMV (out,μ)	236.4	251.7	16	688
E	run2	product/NMV x3	226.0	243.8	11	288
E	run2	product/deferred NMV x3	228.7	247.4	11	288
E	run2	product/NMV x10	927.5	1007.3	46	1184
E	run2	product/deferred NMV x10	904.7	967.9	46	1184
E	run2	product/MvNMC(3) x3	1029.2	1187.5	33	1552
E	run2	marginal-at-variable/NMV x3	261.2	280.9	12	320
E	run2	stream/marginal combineLatest x3 round	110.8	114.1	0	0
E	run2	stream/message combineLatest x3 round	113.6	118.9	0	0
E	run2	event/AfterMessageRuleCallEvent, result::Any	275.1	282.7	3	128
E	run2	barrier/kernel(tuple, ann), Any-typed args	23.9	25.3	1	32
E	run2	barrier/kernel(tuple, ann), known types	3.5	3.7	0	0
E	run2	barrier/kernel(a, b), Any-typed args	23.6	25.3	1	32
E	run2	unpack/map(getdata, 2 messages)	28.7	30.4	1	32
E	run2	graph/iid n=1000 10 it	1.1904584e7	1.2075333e7	-1	16969808
E	run2	graph/chain n=300 10 it	1.7467208e7	1.766675e7	-1	21500848
C	run2	map/direct  NMV->out m[μ]::NMV m[v]::PM (BP)	502.4	519.2	18	1008
C	run2	map/barrier NMV->out m[μ]::NMV m[v]::PM (BP)	519.8	540.4	19	1040
C	run2	resolve/barrier NMV->out m[μ]::NMV m[v]::PM (BP)	134.9	137.8	2	48
C	run2	deferred/barrier NMV->out m[μ]::NMV m[v]::PM (BP)	529.5	552.6	19	1040
C	run2	map/direct  NMP->μ q[out]::PM q[τ]::Gamma (VMP)	437.5	451.4	14	560
C	run2	map/barrier NMP->μ q[out]::PM q[τ]::Gamma (VMP)	455.2	467.0	15	592
C	run2	resolve/barrier NMP->μ q[out]::PM q[τ]::Gamma (VMP)	135.5	138.6	2	48
C	run2	deferred/barrier NMP->μ q[out]::PM q[τ]::Gamma (VMP)	453.9	476.7	15	592
C	run2	map/direct  MvNMC->out m[μ]::MvNMC(3) m[Σ]::PM (BP)	550.7	575.8	20	1152
C	run2	map/barrier MvNMC->out m[μ]::MvNMC(3) m[Σ]::PM (BP)	557.6	584.0	21	1184
C	run2	resolve/barrier MvNMC->out m[μ]::MvNMC(3) m[Σ]::PM (BP)	184.4	189.1	2	48
C	run2	deferred/barrier MvNMC->out m[μ]::MvNMC(3) m[Σ]::PM (BP)	564.2	590.2	21	1184
C	run2	map/direct  Bernoulli->out m[p]::Beta	487.6	508.1	18	944
C	run2	map/barrier Bernoulli->out m[p]::Beta	510.8	537.1	19	976
C	run2	resolve/barrier Bernoulli->out m[p]::Beta	127.4	130.5	2	48
C	run2	deferred/barrier Bernoulli->out m[p]::Beta	519.6	542.7	19	976
C	run2	map/direct  Categorical->p q[out]::Categorical	616.6	661.0	21	1072
C	run2	map/barrier Categorical->p q[out]::Categorical	648.1	672.1	22	1104
C	run2	resolve/barrier Categorical->p q[out]::Categorical	318.2	328.7	4	208
C	run2	deferred/barrier Categorical->p q[out]::Categorical	673.8	704.9	22	1104
C	run2	joint-marginal/barrier NMV (out,μ)	237.3	257.4	16	688
C	run2	product/NMV x3	736.7	779.7	13	368
C	run2	product/deferred NMV x3	740.7	778.1	13	368
C	run2	product/NMV x10	1395.8	1516.7	48	1264
C	run2	product/deferred NMV x10	1416.7	1529.1	48	1264
C	run2	product/MvNMC(3) x3	1595.8	1704.2	35	1632
C	run2	marginal-at-variable/NMV x3	838.3	869.6	14	400
C	run2	stream/marginal combineLatest x3 round	110.6	116.3	0	0
C	run2	stream/message combineLatest x3 round	106.9	111.0	0	0
C	run2	event/AfterMessageRuleCallEvent, result::Any	271.7	277.7	3	128
C	run2	barrier/kernel(tuple, ann), Any-typed args	24.0	25.5	1	32
C	run2	barrier/kernel(tuple, ann), known types	3.5	3.7	0	0
C	run2	barrier/kernel(a, b), Any-typed args	23.8	24.7	1	32
C	run2	unpack/map(getdata, 2 messages)	28.7	30.3	1	32
C	run2	graph/iid n=1000 10 it	1.4387542e7	1.566675e7	-1	19530864
C	run2	graph/chain n=300 10 it	3.2067083e7	3.2696417e7	-1	25378704
A	run2	map/direct  NMV->out m[μ]::NMV m[v]::PM (BP)	793.3	813.9	16	960
A	run2	map/barrier NMV->out m[μ]::NMV m[v]::PM (BP)	807.8	826.5	17	992
A	run2	resolve/barrier NMV->out m[μ]::NMV m[v]::PM (BP)	25.7	27.2	2	144
A	run2	deferred/barrier NMV->out m[μ]::NMV m[v]::PM (BP)	816.2	841.7	17	992
A	run2	map/direct  NMP->μ q[out]::PM q[τ]::Gamma (VMP)	917.8	949.3	14	640
A	run2	map/barrier NMP->μ q[out]::PM q[τ]::Gamma (VMP)	919.8	952.1	15	672
A	run2	resolve/barrier NMP->μ q[out]::PM q[τ]::Gamma (VMP)	25.6	27.2	2	144
A	run2	deferred/barrier NMP->μ q[out]::PM q[τ]::Gamma (VMP)	932.3	974.0	15	672
A	run2	map/direct  MvNMC->out m[μ]::MvNMC(3) m[Σ]::PM (BP)	799.9	832.4	18	1104
A	run2	map/barrier MvNMC->out m[μ]::MvNMC(3) m[Σ]::PM (BP)	823.1	859.9	19	1136
A	run2	resolve/barrier MvNMC->out m[μ]::MvNMC(3) m[Σ]::PM (BP)	25.1	27.0	2	144
A	run2	deferred/barrier MvNMC->out m[μ]::MvNMC(3) m[Σ]::PM (BP)	835.7	872.6	19	1136
A	run2	map/direct  Bernoulli->out m[p]::Beta	939.4	983.0	18	1024
A	run2	map/barrier Bernoulli->out m[p]::Beta	958.3	1000.0	19	1056
A	run2	resolve/barrier Bernoulli->out m[p]::Beta	25.7	27.6	2	144
A	run2	deferred/barrier Bernoulli->out m[p]::Beta	977.3	1015.2	19	1056
A	run2	map/direct  Categorical->p q[out]::Categorical	1054.1	1104.1	21	1168
A	run2	map/barrier Categorical->p q[out]::Categorical	1070.8	1116.7	22	1200
A	run2	resolve/barrier Categorical->p q[out]::Categorical	25.7	27.4	2	144
A	run2	deferred/barrier Categorical->p q[out]::Categorical	1079.2	1137.5	22	1200
A	run2	joint-marginal/barrier NMV (out,μ)	150.4	162.4	11	544
A	run2	product/NMV x3	1266.6	1312.5	12	384
A	run2	product/deferred NMV x3	1312.5	1358.3	12	384
A	run2	product/NMV x10	1454.1	1483.4	33	944
A	run2	product/deferred NMV x10	1612.5	1687.5	33	944
A	run2	product/MvNMC(3) x3	2074.1	2166.7	34	1648
A	run2	marginal-at-variable/NMV x3	1612.5	1666.7	14	464
A	run2	stream/marginal combineLatest x3 round	108.4	115.3	0	0
A	run2	stream/message combineLatest x3 round	109.7	112.9	0	0
A	run2	event/AfterMessageRuleCallEvent, result::Any	271.2	277.2	3	128
A	run2	barrier/kernel(tuple, ann), Any-typed args	23.0	23.9	1	32
A	run2	barrier/kernel(tuple, ann), known types	3.5	3.8	0	0
A	run2	barrier/kernel(a, b), Any-typed args	23.1	24.0	1	32
A	run2	unpack/map(getdata, 2 messages)	2.0	2.1	0	0
A	run2	graph/iid n=1000 10 it	1.1960125e7	1.2417833e7	-1	13446112
A	run2	graph/chain n=300 10 it	2.4114833e7	2.4700958e7	-1	20297952
C	run3	map/direct  NMV->out m[μ]::NMV m[v]::PM (BP)	479.5	499.8	18	1008
C	run3	map/barrier NMV->out m[μ]::NMV m[v]::PM (BP)	495.9	517.4	19	1040
C	run3	resolve/barrier NMV->out m[μ]::NMV m[v]::PM (BP)	134.9	138.4	2	48
C	run3	deferred/barrier NMV->out m[μ]::NMV m[v]::PM (BP)	501.1	524.8	19	1040
C	run3	map/direct  NMP->μ q[out]::PM q[τ]::Gamma (VMP)	433.1	445.3	14	560
C	run3	map/barrier NMP->μ q[out]::PM q[τ]::Gamma (VMP)	452.2	468.3	15	592
C	run3	resolve/barrier NMP->μ q[out]::PM q[τ]::Gamma (VMP)	137.2	140.5	2	48
C	run3	deferred/barrier NMP->μ q[out]::PM q[τ]::Gamma (VMP)	455.6	468.7	15	592
C	run3	map/direct  MvNMC->out m[μ]::MvNMC(3) m[Σ]::PM (BP)	535.3	553.7	20	1152
C	run3	map/barrier MvNMC->out m[μ]::MvNMC(3) m[Σ]::PM (BP)	549.0	565.1	21	1184
C	run3	resolve/barrier MvNMC->out m[μ]::MvNMC(3) m[Σ]::PM (BP)	185.7	190.4	2	48
C	run3	deferred/barrier MvNMC->out m[μ]::MvNMC(3) m[Σ]::PM (BP)	549.5	576.2	21	1184
C	run3	map/direct  Bernoulli->out m[p]::Beta	470.0	489.4	18	944
C	run3	map/barrier Bernoulli->out m[p]::Beta	495.7	515.5	19	976
C	run3	resolve/barrier Bernoulli->out m[p]::Beta	128.0	131.2	2	48
C	run3	deferred/barrier Bernoulli->out m[p]::Beta	501.9	528.1	19	976
C	run3	map/direct  Categorical->p q[out]::Categorical	615.4	637.3	21	1072
C	run3	map/barrier Categorical->p q[out]::Categorical	642.3	667.7	22	1104
C	run3	resolve/barrier Categorical->p q[out]::Categorical	306.8	315.8	4	208
C	run3	deferred/barrier Categorical->p q[out]::Categorical	668.7	700.3	22	1104
C	run3	joint-marginal/barrier NMV (out,μ)	232.6	250.2	16	688
C	run3	product/NMV x3	737.4	759.3	13	368
C	run3	product/deferred NMV x3	770.6	805.6	13	368
C	run3	product/NMV x10	1412.5	1529.1	48	1264
C	run3	product/deferred NMV x10	1458.3	1558.3	48	1264
C	run3	product/MvNMC(3) x3	1562.5	1695.8	35	1632
C	run3	marginal-at-variable/NMV x3	820.9	861.4	14	400
C	run3	stream/marginal combineLatest x3 round	110.0	114.1	0	0
C	run3	stream/message combineLatest x3 round	108.1	113.3	0	0
C	run3	event/AfterMessageRuleCallEvent, result::Any	270.9	276.6	3	128
C	run3	barrier/kernel(tuple, ann), Any-typed args	24.1	25.3	1	32
C	run3	barrier/kernel(tuple, ann), known types	3.5	3.8	0	0
C	run3	barrier/kernel(a, b), Any-typed args	24.2	25.1	1	32
C	run3	unpack/map(getdata, 2 messages)	28.7	30.6	1	32
C	run3	graph/iid n=1000 10 it	1.5522458e7	1.6395834e7	-1	19530864
C	run3	graph/chain n=300 10 it	3.3760625e7	3.838825e7	-1	25378704
F	run3	map/direct  NMV->out m[μ]::NMV m[v]::PM (BP)	177.2	190.5	12	800
F	run3	map/barrier NMV->out m[μ]::NMV m[v]::PM (BP)	183.8	195.4	13	832
F	run3	resolve/barrier NMV->out m[μ]::NMV m[v]::PM (BP)	26.5	28.1	2	144
F	run3	deferred/barrier NMV->out m[μ]::NMV m[v]::PM (BP)	197.2	208.8	13	832
F	run3	map/direct  NMP->μ q[out]::PM q[τ]::Gamma (VMP)	124.1	131.5	8	352
F	run3	map/barrier NMP->μ q[out]::PM q[τ]::Gamma (VMP)	140.9	149.1	9	384
F	run3	resolve/barrier NMP->μ q[out]::PM q[τ]::Gamma (VMP)	26.9	28.6	2	144
F	run3	deferred/barrier NMP->μ q[out]::PM q[τ]::Gamma (VMP)	151.9	160.4	9	384
F	run3	map/direct  MvNMC->out m[μ]::MvNMC(3) m[Σ]::PM (BP)	193.4	204.0	14	944
F	run3	map/barrier MvNMC->out m[μ]::MvNMC(3) m[Σ]::PM (BP)	211.5	229.5	15	976
F	run3	resolve/barrier MvNMC->out m[μ]::MvNMC(3) m[Σ]::PM (BP)	26.1	28.0	2	144
F	run3	deferred/barrier MvNMC->out m[μ]::MvNMC(3) m[Σ]::PM (BP)	226.0	236.7	15	976
F	run3	map/direct  Bernoulli->out m[p]::Beta	172.2	181.5	12	768
F	run3	map/barrier Bernoulli->out m[p]::Beta	189.2	202.4	13	800
F	run3	resolve/barrier Bernoulli->out m[p]::Beta	26.7	28.7	2	144
F	run3	deferred/barrier Bernoulli->out m[p]::Beta	202.4	219.0	13	800
F	run3	map/direct  Categorical->p q[out]::Categorical	258.4	295.4	15	896
F	run3	map/barrier Categorical->p q[out]::Categorical	281.4	307.2	16	928
F	run3	resolve/barrier Categorical->p q[out]::Categorical	26.5	28.6	2	144
F	run3	deferred/barrier Categorical->p q[out]::Categorical	294.6	320.5	16	928
F	run3	joint-marginal/barrier NMV (out,μ)	152.1	167.9	11	544
F	run3	product/NMV x3	165.4	178.7	8	240
F	run3	product/deferred NMV x3	224.8	241.9	8	240
F	run3	product/NMV x10	331.5	352.5	29	800
F	run3	product/deferred NMV x10	558.6	578.4	29	800
F	run3	product/MvNMC(3) x3	951.7	1006.6	30	1504
F	run3	marginal-at-variable/NMV x3	204.6	220.2	9	288
F	run3	stream/marginal combineLatest x3 round	111.6	117.5	0	0
F	run3	stream/message combineLatest x3 round	111.9	117.2	0	0
F	run3	event/AfterMessageRuleCallEvent, result::Any	276.3	282.2	3	128
F	run3	barrier/kernel(tuple, ann), Any-typed args	24.3	25.4	1	32
F	run3	barrier/kernel(tuple, ann), known types	3.5	3.7	0	0
F	run3	barrier/kernel(a, b), Any-typed args	23.8	24.8	1	32
F	run3	unpack/map(getdata, 2 messages)	2.0	2.1	0	0
F	run3	graph/iid n=1000 10 it	5.754e6	5.883791e6	-1	10564064
F	run3	graph/chain n=300 10 it	1.3515e7	1.4500042e7	-1	16800704
A	run3	map/direct  NMV->out m[μ]::NMV m[v]::PM (BP)	793.8	819.6	16	960
A	run3	map/barrier NMV->out m[μ]::NMV m[v]::PM (BP)	801.5	830.4	17	992
A	run3	resolve/barrier NMV->out m[μ]::NMV m[v]::PM (BP)	25.5	26.8	2	144
A	run3	deferred/barrier NMV->out m[μ]::NMV m[v]::PM (BP)	822.6	847.8	17	992
A	run3	map/direct  NMP->μ q[out]::PM q[τ]::Gamma (VMP)	913.5	941.6	14	640
A	run3	map/barrier NMP->μ q[out]::PM q[τ]::Gamma (VMP)	918.3	951.9	15	672
A	run3	resolve/barrier NMP->μ q[out]::PM q[τ]::Gamma (VMP)	26.3	27.3	2	144
A	run3	deferred/barrier NMP->μ q[out]::PM q[τ]::Gamma (VMP)	935.8	965.2	15	672
A	run3	map/direct  MvNMC->out m[μ]::MvNMC(3) m[Σ]::PM (BP)	816.7	843.8	18	1104
A	run3	map/barrier MvNMC->out m[μ]::MvNMC(3) m[Σ]::PM (BP)	851.3	881.4	19	1136
A	run3	resolve/barrier MvNMC->out m[μ]::MvNMC(3) m[Σ]::PM (BP)	25.4	27.3	2	144
A	run3	deferred/barrier MvNMC->out m[μ]::MvNMC(3) m[Σ]::PM (BP)	867.8	894.5	19	1136
A	run3	map/direct  Bernoulli->out m[p]::Beta	961.4	1005.9	18	1024
A	run3	map/barrier Bernoulli->out m[p]::Beta	991.6	1033.3	19	1056
A	run3	resolve/barrier Bernoulli->out m[p]::Beta	25.6	27.2	2	144
A	run3	deferred/barrier Bernoulli->out m[p]::Beta	1000.0	1041.7	19	1056
A	run3	map/direct  Categorical->p q[out]::Categorical	1062.5	1095.9	21	1168
A	run3	map/barrier Categorical->p q[out]::Categorical	1075.0	1116.6	22	1200
A	run3	resolve/barrier Categorical->p q[out]::Categorical	25.7	27.2	2	144
A	run3	deferred/barrier Categorical->p q[out]::Categorical	1075.0	1129.1	22	1200
A	run3	joint-marginal/barrier NMV (out,μ)	150.1	159.0	11	544
A	run3	product/NMV x3	1262.5	1291.7	12	384
A	run3	product/deferred NMV x3	1308.3	1341.7	12	384
A	run3	product/NMV x10	1429.2	1470.8	33	944
A	run3	product/deferred NMV x10	1612.5	1645.8	33	944
A	run3	product/MvNMC(3) x3	2069.4	2162.1	34	1648
A	run3	marginal-at-variable/NMV x3	1625.0	1666.7	14	464
A	run3	stream/marginal combineLatest x3 round	105.9	108.1	0	0
A	run3	stream/message combineLatest x3 round	111.7	115.0	0	0
A	run3	event/AfterMessageRuleCallEvent, result::Any	267.5	272.9	3	128
A	run3	barrier/kernel(tuple, ann), Any-typed args	22.7	23.6	1	32
A	run3	barrier/kernel(tuple, ann), known types	3.5	3.7	0	0
A	run3	barrier/kernel(a, b), Any-typed args	22.7	23.4	1	32
A	run3	unpack/map(getdata, 2 messages)	2.0	2.1	0	0
A	run3	graph/iid n=1000 10 it	1.2054125e7	1.2656e7	-1	13446112
A	run3	graph/chain n=300 10 it	2.4479417e7	2.5224458e7	-1	20297952
E	run3	map/direct  NMV->out m[μ]::NMV m[v]::PM (BP)	230.4	243.6	15	880
E	run3	map/barrier NMV->out m[μ]::NMV m[v]::PM (BP)	256.3	269.8	16	912
E	run3	resolve/barrier NMV->out m[μ]::NMV m[v]::PM (BP)	133.5	142.1	2	48
E	run3	deferred/barrier NMV->out m[μ]::NMV m[v]::PM (BP)	264.2	279.5	16	912
E	run3	map/direct  NMP->μ q[out]::PM q[τ]::Gamma (VMP)	169.7	182.3	11	432
E	run3	map/barrier NMP->μ q[out]::PM q[τ]::Gamma (VMP)	196.4	216.1	12	464
E	run3	resolve/barrier NMP->μ q[out]::PM q[τ]::Gamma (VMP)	138.8	144.4	2	48
E	run3	deferred/barrier NMP->μ q[out]::PM q[τ]::Gamma (VMP)	214.3	225.0	12	464
E	run3	map/direct  MvNMC->out m[μ]::MvNMC(3) m[Σ]::PM (BP)	253.7	301.5	17	1024
E	run3	map/barrier MvNMC->out m[μ]::MvNMC(3) m[Σ]::PM (BP)	277.9	290.8	18	1056
E	run3	resolve/barrier MvNMC->out m[μ]::MvNMC(3) m[Σ]::PM (BP)	190.7	195.3	2	48
E	run3	deferred/barrier MvNMC->out m[μ]::MvNMC(3) m[Σ]::PM (BP)	291.0	315.9	18	1056
E	run3	map/direct  Bernoulli->out m[p]::Beta	218.2	231.8	15	848
E	run3	map/barrier Bernoulli->out m[p]::Beta	244.2	284.5	16	880
E	run3	resolve/barrier Bernoulli->out m[p]::Beta	136.0	145.7	2	48
E	run3	deferred/barrier Bernoulli->out m[p]::Beta	272.1	290.2	16	880
E	run3	map/direct  Categorical->p q[out]::Categorical	326.0	344.6	18	960
E	run3	map/barrier Categorical->p q[out]::Categorical	335.9	352.3	19	992
E	run3	resolve/barrier Categorical->p q[out]::Categorical	274.5	285.5	4	208
E	run3	deferred/barrier Categorical->p q[out]::Categorical	353.2	378.1	19	992
E	run3	joint-marginal/barrier NMV (out,μ)	249.0	265.2	16	688
E	run3	product/NMV x3	238.2	256.2	11	288
E	run3	product/deferred NMV x3	242.8	261.6	11	288
E	run3	product/NMV x10	973.5	1056.8	46	1184
E	run3	product/deferred NMV x10	958.3	1023.4	46	1184
E	run3	product/MvNMC(3) x3	1083.3	1129.2	33	1552
E	run3	marginal-at-variable/NMV x3	277.9	297.1	12	320
E	run3	stream/marginal combineLatest x3 round	116.6	123.2	0	0
E	run3	stream/message combineLatest x3 round	114.2	123.4	0	0
E	run3	event/AfterMessageRuleCallEvent, result::Any	273.1	285.1	3	128
E	run3	barrier/kernel(tuple, ann), Any-typed args	27.8	30.7	1	32
E	run3	barrier/kernel(tuple, ann), known types	3.5	3.7	0	0
E	run3	barrier/kernel(a, b), Any-typed args	27.4	29.2	1	32
E	run3	unpack/map(getdata, 2 messages)	28.7	30.7	1	32
E	run3	graph/iid n=1000 10 it	1.2427333e7	1.3416458e7	-1	16969808
E	run3	graph/chain n=300 10 it	1.8363834e7	2.0414042e7	-1	21500848
