A	run1	ssm1	load	4.920768976211548	4.920768976211548	0
A	run1	ssm1	ttfx	11.153419292	11.153419292	0
A	run1	ssm1	infer(I=1)	0.111553959	0.117456875	81456624
B	run1	ssm1	load	4.777888059616089	4.777888059616089	0
B	run1	ssm1	ttfx	11.431159666	11.431159666	0
B	run1	ssm1	infer(I=1)	0.128206709	0.132626417	86033152
A	run1	ssm2	load	4.958708047866821	4.958708047866821	0
A	run1	ssm2	ttfx	14.743811916	14.743811916	0
A	run1	ssm2	infer(I=1)	0.190722084	0.204397833	136429440
B	run1	ssm2	load	4.869132041931152	4.869132041931152	0
B	run1	ssm2	ttfx	14.71713975	14.71713975	0
B	run1	ssm2	infer(I=1)	0.219637125	0.228887834	143694912
A	run1	iid	load	4.886445045471191	4.886445045471191	0
A	run1	iid	ttfx	9.078538041	9.078538041	0
A	run1	iid	infer(I=10)	0.065411291	0.06609575	59827408
A	run1	iid	infer(I=20)	0.090945625	0.092239917	87219600
A	run1	iid	per-iteration	0.0025534334000000005	0.002614416700000001	2.7392192e6
B	run1	iid	load	4.607937812805176	4.607937812805176	0
B	run1	iid	ttfx	9.2352685	9.2352685	0
B	run1	iid	infer(I=10)	0.100650334	0.101741375	73626304
B	run1	iid	infer(I=20)	0.162976167	0.169702584	114945536
B	run1	iid	per-iteration	0.006232583300000001	0.006796120899999999	4.1319232e6
A	run1	nl	load	4.61042594909668	4.61042594909668	0
A	run1	nl	ttfx	14.858067625	14.858067625	0
A	run1	nl	infer(I=5)	0.082118459	0.083910292	56792416
A	run1	nl	infer(I=10)	0.109225125	0.113447375	75975888
A	run1	nl	per-iteration	0.0054213332000000005	0.0059074166000000015	3.8366944e6
B	run1	nl	load	4.657864093780518	4.657864093780518	0
B	run1	nl	ttfx	14.815570792	14.815570792	0
B	run1	nl	infer(I=5)	0.137737875	0.141783959	67903392
B	run1	nl	infer(I=10)	0.215423541	0.219994542	97805824
B	run1	nl	per-iteration	0.015537133199999997	0.0156421166	5.9804864e6
A	run1	hmm	load	4.71677303314209	4.71677303314209	0
A	run1	hmm	ttfx	15.502842	15.502842	0
A	run1	hmm	infer(I=10)	0.086844875	0.089708417	75092752
A	run1	hmm	infer(I=20)	0.136382917	0.139746792	122485280
A	run1	hmm	per-iteration	0.004953804199999999	0.005003837500000001	4.7392528e6
B	run1	hmm	load	4.676738977432251	4.676738977432251	0
B	run1	hmm	ttfx	15.515389792	15.515389792	0
B	run1	hmm	infer(I=10)	0.138162	0.140618208	95807504
B	run1	hmm	infer(I=20)	0.239358042	0.243129208	164124464
B	run1	hmm	per-iteration	0.010119604199999998	0.010251100000000003	6.831696e6
B	run2	ssm1	load	4.61470103263855	4.61470103263855	0
B	run2	ssm1	ttfx	11.268238875	11.268238875	0
B	run2	ssm1	infer(I=1)	0.126934625	0.12995125	86033152
A	run2	ssm1	load	4.661956071853638	4.661956071853638	0
A	run2	ssm1	ttfx	11.250411166	11.250411166	0
A	run2	ssm1	infer(I=1)	0.111923875	0.11808425	81456624
B	run2	ssm2	load	4.618681192398071	4.618681192398071	0
B	run2	ssm2	ttfx	14.791397958	14.791397958	0
B	run2	ssm2	infer(I=1)	0.217166708	0.2268865	143694912
A	run2	ssm2	load	4.920017957687378	4.920017957687378	0
A	run2	ssm2	ttfx	14.711509209	14.711509209	0
A	run2	ssm2	infer(I=1)	0.191214833	0.201713	136429440
B	run2	iid	load	4.805849075317383	4.805849075317383	0
B	run2	iid	ttfx	9.396837209	9.396837209	0
B	run2	iid	infer(I=10)	0.10062275	0.101770875	73626304
B	run2	iid	infer(I=20)	0.164383375	0.167653167	114945536
B	run2	iid	per-iteration	0.0063760625	0.006588229199999999	4.1319232e6
A	run2	iid	load	4.581279039382935	4.581279039382935	0
A	run2	iid	ttfx	9.273620916	9.273620916	0
A	run2	iid	infer(I=10)	0.0657055	0.066521917	59827408
A	run2	iid	infer(I=20)	0.092582834	0.092967333	87219600
A	run2	iid	per-iteration	0.0026877334000000004	0.0026445416	2.7392192e6
B	run2	nl	load	4.6604390144348145	4.6604390144348145	0
B	run2	nl	ttfx	14.99340125	14.99340125	0
B	run2	nl	infer(I=5)	0.137021	0.140388834	67903392
B	run2	nl	infer(I=10)	0.219722333	0.223769959	97805824
B	run2	nl	per-iteration	0.0165402666	0.016676225	5.9804864e6
A	run2	nl	load	4.709453105926514	4.709453105926514	0
A	run2	nl	ttfx	14.824260541	14.824260541	0
A	run2	nl	infer(I=5)	0.082463042	0.084315792	56792416
A	run2	nl	infer(I=10)	0.1111455	0.114820375	75975888
A	run2	nl	per-iteration	0.005736491599999999	0.006100916600000001	3.8366944e6
B	run2	hmm	load	4.88306188583374	4.88306188583374	0
B	run2	hmm	ttfx	15.493673167	15.493673167	0
B	run2	hmm	infer(I=10)	0.139172458	0.139946625	95807504
B	run2	hmm	infer(I=20)	0.238201584	0.2414335	164124464
B	run2	hmm	per-iteration	0.0099029126	0.0101486875	6.831696e6
A	run2	hmm	load	4.9144721031188965	4.9144721031188965	0
A	run2	hmm	ttfx	15.632403042	15.632403042	0
A	run2	hmm	infer(I=10)	0.086508209	0.089989875	75092752
A	run2	hmm	infer(I=20)	0.140111417	0.140941	122485280
A	run2	hmm	per-iteration	0.0053603207999999986	0.005095112500000001	4.7392528e6
A	run3	ssm1	load	4.588567018508911	4.588567018508911	0
A	run3	ssm1	ttfx	11.096777	11.096777	0
A	run3	ssm1	infer(I=1)	0.112574375	0.115173667	81456624
B	run3	ssm1	load	4.157505989074707	4.157505989074707	0
B	run3	ssm1	ttfx	11.144990666	11.144990666	0
B	run3	ssm1	infer(I=1)	0.125059625	0.130512166	86033152
A	run3	ssm2	load	4.633741855621338	4.633741855621338	0
A	run3	ssm2	ttfx	15.031185583	15.031185583	0
A	run3	ssm2	infer(I=1)	0.189538583	0.200055583	136429440
B	run3	ssm2	load	4.7271199226379395	4.7271199226379395	0
B	run3	ssm2	ttfx	14.583856291	14.583856291	0
B	run3	ssm2	infer(I=1)	0.214829958	0.229448958	143694912
A	run3	iid	load	4.886759996414185	4.886759996414185	0
A	run3	iid	ttfx	9.138622291	9.138622291	0
A	run3	iid	infer(I=10)	0.065517041	0.066337541	59827408
A	run3	iid	infer(I=20)	0.094162542	0.095200167	87219600
A	run3	iid	per-iteration	0.0028645501000000005	0.0028862626000000003	2.7392192e6
B	run3	iid	load	4.643050193786621	4.643050193786621	0
B	run3	iid	ttfx	9.12728	9.12728	0
B	run3	iid	infer(I=10)	0.099032041	0.100005166	73626304
B	run3	iid	infer(I=20)	0.161822833	0.170375708	114945536
B	run3	iid	per-iteration	0.0062790792	0.007037054199999998	4.1319232e6
A	run3	nl	load	4.596498966217041	4.596498966217041	0
A	run3	nl	ttfx	14.833223084	14.833223084	0
A	run3	nl	infer(I=5)	0.081601958	0.084113125	56792416
A	run3	nl	infer(I=10)	0.113130334	0.114457875	75975888
A	run3	nl	per-iteration	0.006305675199999999	0.006068950000000001	3.8366944e6
B	run3	nl	load	4.851572036743164	4.851572036743164	0
B	run3	nl	ttfx	14.72813275	14.72813275	0
B	run3	nl	infer(I=5)	0.13740625	0.1398195	67903392
B	run3	nl	infer(I=10)	0.21818925	0.220662458	97805824
B	run3	nl	per-iteration	0.0161566	0.016168591599999997	5.9804864e6
A	run3	hmm	load	4.761544942855835	4.761544942855835	0
A	run3	hmm	ttfx	15.49411675	15.49411675	0
A	run3	hmm	infer(I=10)	0.086517917	0.089837	75092752
A	run3	hmm	infer(I=20)	0.140350375	0.142093625	122485280
A	run3	hmm	per-iteration	0.0053832458	0.0052256625000000004	4.7392528e6
B	run3	hmm	load	4.8621180057525635	4.8621180057525635	0
B	run3	hmm	ttfx	15.491100958	15.491100958	0
B	run3	hmm	infer(I=10)	0.136278208	0.141709542	95807504
B	run3	hmm	infer(I=20)	0.239086	0.246236792	164124464
B	run3	hmm	per-iteration	0.010280779199999998	0.010452725000000001	6.831696e6
