A	run1	ssm1	load	5.169884920120239	5.169884920120239	0
A	run1	ssm1	ttfx	11.716691584	11.716691584	0
A	run1	ssm1	infer(I=1)	0.110589125	0.114130666	81456624
C	run1	ssm1	load	4.85297703742981	4.85297703742981	0
C	run1	ssm1	ttfx	11.234001042	11.234001042	0
C	run1	ssm1	infer(I=1)	0.11473975	0.1184485	83920912
E	run1	ssm1	load	5.110337018966675	5.110337018966675	0
E	run1	ssm1	ttfx	11.081157	11.081157	0
E	run1	ssm1	infer(I=1)	0.109783458	0.112731584	81728448
F	run1	ssm1	load	9.140903949737549	9.140903949737549	0
F	run1	ssm1	ttfx	10.917539708	10.917539708	0
F	run1	ssm1	infer(I=1)	0.107691875	0.111122708	80031904
A	run1	ssm2	load	5.037028074264526	5.037028074264526	0
A	run1	ssm2	ttfx	14.700375416	14.700375416	0
A	run1	ssm2	infer(I=1)	0.191614917	0.200984125	136429440
C	run1	ssm2	load	5.03683614730835	5.03683614730835	0
C	run1	ssm2	ttfx	15.290096792	15.290096792	0
C	run1	ssm2	infer(I=1)	0.196133916	0.210961083	139726368
E	run1	ssm2	load	4.991976976394653	4.991976976394653	0
E	run1	ssm2	ttfx	14.887234125	14.887234125	0
E	run1	ssm2	infer(I=1)	0.185615042	0.198581916	136013248
F	run1	ssm2	load	4.975683927536011	4.975683927536011	0
F	run1	ssm2	ttfx	15.748417791	15.748417791	0
F	run1	ssm2	infer(I=1)	0.182866166	0.192226	133996448
A	run1	iid	load	5.083604097366333	5.083604097366333	0
A	run1	iid	ttfx	9.571578208	9.571578208	0
A	run1	iid	infer(I=10)	0.065554417	0.067227667	59827408
A	run1	iid	infer(I=20)	0.092516167	0.093713958	87219600
A	run1	iid	per-iteration	0.0026961749999999994	0.0026486290999999996	2.7392192e6
C	run1	iid	load	4.987133026123047	4.987133026123047	0
C	run1	iid	ttfx	9.072458083	9.072458083	0
C	run1	iid	infer(I=10)	0.0622215	0.062668958	65624224
C	run1	iid	infer(I=20)	0.085541875	0.087335417	98941856
C	run1	iid	per-iteration	0.0023320375000000005	0.0024666459000000003	3.3317632e6
E	run1	iid	load	4.99313497543335	4.99313497543335	0
E	run1	iid	ttfx	9.125364209	9.125364209	0
E	run1	iid	infer(I=10)	0.056150708	0.056726542	60499552
E	run1	iid	infer(I=20)	0.073843792	0.075268167	88693024
E	run1	iid	per-iteration	0.0017693084000000004	0.0018541624999999999	2.8193472e6
F	run1	iid	load	4.910291910171509	4.910291910171509	0
F	run1	iid	ttfx	9.274717916	9.274717916	0
F	run1	iid	infer(I=10)	0.048499833	0.049104958	51498064
F	run1	iid	infer(I=20)	0.058539875	0.059772083	70561616
F	run1	iid	per-iteration	0.0010040041999999998	0.0010667125	1.9063552e6
A	run1	nl	load	4.979974985122681	4.979974985122681	0
A	run1	nl	ttfx	14.804974625	14.804974625	0
A	run1	nl	infer(I=5)	0.082801542	0.085890875	56792416
A	run1	nl	infer(I=10)	0.112177084	0.113883042	75975888
A	run1	nl	per-iteration	0.005875108399999998	0.0055984334	3.8366944e6
C	run1	nl	load	4.9771339893341064	4.9771339893341064	0
C	run1	nl	ttfx	14.810725542	14.810725542	0
C	run1	nl	infer(I=5)	0.093928542	0.095173792	62149552
C	run1	nl	infer(I=10)	0.132198084	0.13670825	86582944
C	run1	nl	per-iteration	0.007653908399999998	0.008306891600000001	4.8866784e6
E	run1	nl	load	4.952547073364258	4.952547073364258	0
E	run1	nl	ttfx	14.743153583	14.743153583	0
E	run1	nl	infer(I=5)	0.078883417	0.079710167	56124512
E	run1	nl	infer(I=10)	0.102089584	0.104488417	74732304
E	run1	nl	per-iteration	0.0046412334	0.004955650000000001	3.7215584e6
F	run1	nl	load	4.996182918548584	4.996182918548584	0
F	run1	nl	ttfx	14.989962958	14.989962958	0
F	run1	nl	infer(I=5)	0.070612292	0.071939459	52868480
F	run1	nl	infer(I=10)	0.086061584	0.086815209	68259152
F	run1	nl	per-iteration	0.0030898584000000006	0.0029751500000000015	3.0781344e6
A	run1	hmm	load	5.00926399230957	5.00926399230957	0
A	run1	hmm	ttfx	16.078474792	16.078474792	0
A	run1	hmm	infer(I=10)	0.086824584	0.088557208	75092752
A	run1	hmm	infer(I=20)	0.140069583	0.144461041	122485280
A	run1	hmm	per-iteration	0.0053244999	0.005590383300000001	4.7392528e6
C	run1	hmm	load	4.997758150100708	4.997758150100708	0
C	run1	hmm	ttfx	15.878857708	15.878857708	0
C	run1	hmm	infer(I=10)	0.098918166	0.09927825	82500352
C	run1	hmm	infer(I=20)	0.160076083	0.162807375	137424032
C	run1	hmm	per-iteration	0.0061157917000000004	0.0063529125	5.492368e6
E	run1	hmm	load	4.981374025344849	4.981374025344849	0
E	run1	hmm	ttfx	15.804573334	15.804573334	0
E	run1	hmm	infer(I=10)	0.076776208	0.078713375	74348976
E	run1	hmm	infer(I=20)	0.116823042	0.120769084	121210304
E	run1	hmm	per-iteration	0.0040046834	0.0042055708999999995	4.6861328e6
F	run1	hmm	load	5.0068089962005615	5.0068089962005615	0
F	run1	hmm	ttfx	16.025040875	16.025040875	0
F	run1	hmm	infer(I=10)	0.069506083	0.07260975	69213328
F	run1	hmm	infer(I=20)	0.107103708	0.108881666	110640576
F	run1	hmm	per-iteration	0.003759762500000001	0.0036271916000000003	4.1427248e6
F	run2	ssm1	load	4.80324912071228	4.80324912071228	0
F	run2	ssm1	ttfx	11.192865375	11.192865375	0
F	run2	ssm1	infer(I=1)	0.108697916	0.112352583	80031904
E	run2	ssm1	load	4.919651985168457	4.919651985168457	0
E	run2	ssm1	ttfx	11.454301625	11.454301625	0
E	run2	ssm1	infer(I=1)	0.11102225	0.114956833	81728448
C	run2	ssm1	load	4.94218111038208	4.94218111038208	0
C	run2	ssm1	ttfx	11.658104625	11.658104625	0
C	run2	ssm1	infer(I=1)	0.118152541	0.128376375	83920912
A	run2	ssm1	load	4.986560106277466	4.986560106277466	0
A	run2	ssm1	ttfx	11.205500875	11.205500875	0
A	run2	ssm1	infer(I=1)	0.112749583	0.116083917	81456624
F	run2	ssm2	load	4.778591871261597	4.778591871261597	0
F	run2	ssm2	ttfx	14.893168583	14.893168583	0
F	run2	ssm2	infer(I=1)	0.18510575	0.19324825	133996448
E	run2	ssm2	load	5.023008108139038	5.023008108139038	0
E	run2	ssm2	ttfx	14.863157	14.863157	0
E	run2	ssm2	infer(I=1)	0.185917208	0.197892333	136013248
C	run2	ssm2	load	4.977054119110107	4.977054119110107	0
C	run2	ssm2	ttfx	15.056709	15.056709	0
C	run2	ssm2	infer(I=1)	0.19676375	0.207434542	139726368
A	run2	ssm2	load	4.987668037414551	4.987668037414551	0
A	run2	ssm2	ttfx	15.2684055	15.2684055	0
A	run2	ssm2	infer(I=1)	0.192726709	0.202485584	136429440
F	run2	iid	load	4.937435865402222	4.937435865402222	0
F	run2	iid	ttfx	8.976942	8.976942	0
F	run2	iid	infer(I=10)	0.049601167	0.050368709	51498064
F	run2	iid	infer(I=20)	0.059133542	0.060743	70561616
F	run2	iid	per-iteration	0.0009532374999999995	0.0010374291000000001	1.9063552e6
E	run2	iid	load	4.459201097488403	4.459201097488403	0
E	run2	iid	ttfx	9.373108084	9.373108084	0
E	run2	iid	infer(I=10)	0.056395708	0.056814291	60499552
E	run2	iid	infer(I=20)	0.074711916	0.076213166	88693024
E	run2	iid	per-iteration	0.0018316208	0.0019398874999999997	2.8193472e6
C	run2	iid	load	4.974555015563965	4.974555015563965	0
C	run2	iid	ttfx	9.278534792	9.278534792	0
C	run2	iid	infer(I=10)	0.062807583	0.063106334	65624224
C	run2	iid	infer(I=20)	0.086960209	0.08769275	98941856
C	run2	iid	per-iteration	0.0024152626	0.0024586416	3.3317632e6
A	run2	iid	load	4.718603849411011	4.718603849411011	0
A	run2	iid	ttfx	9.098640583	9.098640583	0
A	run2	iid	infer(I=10)	0.064925875	0.065618083	59827408
A	run2	iid	infer(I=20)	0.093140708	0.093941208	87219600
A	run2	iid	per-iteration	0.002821483300000001	0.0028323125000000006	2.7392192e6
F	run2	nl	load	4.736520051956177	4.736520051956177	0
F	run2	nl	ttfx	14.846841792	14.846841792	0
F	run2	nl	infer(I=5)	0.069333709	0.070213458	52868480
F	run2	nl	infer(I=10)	0.085738875	0.087879125	68259152
F	run2	nl	per-iteration	0.0032810332000000027	0.003533133399999999	3.0781344e6
E	run2	nl	load	4.979527950286865	4.979527950286865	0
E	run2	nl	ttfx	14.663261958	14.663261958	0
E	run2	nl	infer(I=5)	0.077474084	0.080930584	56124512
E	run2	nl	infer(I=10)	0.102241125	0.106371542	74732304
E	run2	nl	per-iteration	0.0049534082	0.0050881916	3.7215584e6
C	run2	nl	load	4.949976921081543	4.949976921081543	0
C	run2	nl	ttfx	15.403631333	15.403631333	0
C	run2	nl	infer(I=5)	0.093517042	0.098335625	62149552
C	run2	nl	infer(I=10)	0.130365209	0.135930083	86582944
C	run2	nl	per-iteration	0.007369633400000003	0.007518891600000003	4.8866784e6
A	run2	nl	load	5.102480888366699	5.102480888366699	0
A	run2	nl	ttfx	15.101025083	15.101025083	0
A	run2	nl	infer(I=5)	0.083967458	0.086303792	56792416
A	run2	nl	infer(I=10)	0.109739917	0.115819625	75975888
A	run2	nl	per-iteration	0.005154491800000003	0.005903166599999998	3.8366944e6
F	run2	hmm	load	5.049997091293335	5.049997091293335	0
F	run2	hmm	ttfx	16.172223083	16.172223083	0
F	run2	hmm	infer(I=10)	0.070312542	0.0742835	69213328
F	run2	hmm	infer(I=20)	0.108326291	0.109052292	110640576
F	run2	hmm	per-iteration	0.0038013749	0.003476879199999999	4.1427248e6
E	run2	hmm	load	5.03704309463501	5.03704309463501	0
E	run2	hmm	ttfx	15.46473125	15.46473125	0
E	run2	hmm	infer(I=10)	0.078068917	0.080012375	74348976
E	run2	hmm	infer(I=20)	0.116885042	0.120819292	121210304
E	run2	hmm	per-iteration	0.0038816124999999993	0.0040806917	4.6861328e6
C	run2	hmm	load	5.033340930938721	5.033340930938721	0
C	run2	hmm	ttfx	15.42103825	15.42103825	0
C	run2	hmm	infer(I=10)	0.098211166	0.102465166	82500352
C	run2	hmm	infer(I=20)	0.154429083	0.1590815	137424032
C	run2	hmm	per-iteration	0.005621791699999999	0.005661633399999999	5.492368e6
A	run2	hmm	load	5.070808172225952	5.070808172225952	0
A	run2	hmm	ttfx	15.682297959	15.682297959	0
A	run2	hmm	infer(I=10)	0.092776166	0.093086292	75092752
A	run2	hmm	infer(I=20)	0.140903417	0.145348375	122485280
A	run2	hmm	per-iteration	0.004812725100000001	0.0052262083	4.7392528e6
C	run3	ssm1	load	4.934798955917358	4.934798955917358	0
C	run3	ssm1	ttfx	11.451602208	11.451602208	0
C	run3	ssm1	infer(I=1)	0.116623916	0.121314583	83920912
F	run3	ssm1	load	5.028762102127075	5.028762102127075	0
F	run3	ssm1	ttfx	11.189282458	11.189282458	0
F	run3	ssm1	infer(I=1)	0.111910709	0.116659083	80031904
A	run3	ssm1	load	4.969149112701416	4.969149112701416	0
A	run3	ssm1	ttfx	11.369348458	11.369348458	0
A	run3	ssm1	infer(I=1)	0.11532475	0.118206542	81456624
E	run3	ssm1	load	4.985208034515381	4.985208034515381	0
E	run3	ssm1	ttfx	11.424893666	11.424893666	0
E	run3	ssm1	infer(I=1)	0.11154975	0.116979042	81728448
C	run3	ssm2	load	5.04670786857605	5.04670786857605	0
C	run3	ssm2	ttfx	14.756454125	14.756454125	0
C	run3	ssm2	infer(I=1)	0.200365291	0.206701959	139726368
F	run3	ssm2	load	5.009418964385986	5.009418964385986	0
F	run3	ssm2	ttfx	14.973725125	14.973725125	0
F	run3	ssm2	infer(I=1)	0.187299542	0.197071875	133996448
A	run3	ssm2	load	5.011229991912842	5.011229991912842	0
A	run3	ssm2	ttfx	15.025434208	15.025434208	0
A	run3	ssm2	infer(I=1)	0.1966165	0.2023445	136429440
E	run3	ssm2	load	4.982306957244873	4.982306957244873	0
E	run3	ssm2	ttfx	14.985916625	14.985916625	0
E	run3	ssm2	infer(I=1)	0.189804125	0.202259834	136013248
C	run3	iid	load	5.010725975036621	5.010725975036621	0
C	run3	iid	ttfx	9.362978125	9.362978125	0
C	run3	iid	infer(I=10)	0.063439833	0.064245833	65624224
C	run3	iid	infer(I=20)	0.086945708	0.087698125	98941856
C	run3	iid	per-iteration	0.0023505874999999996	0.0023452292	3.3317632e6
F	run3	iid	load	5.092979907989502	5.092979907989502	0
F	run3	iid	ttfx	9.127131917	9.127131917	0
F	run3	iid	infer(I=10)	0.049505709	0.050467917	51498064
F	run3	iid	infer(I=20)	0.059824333	0.061152333	70561616
F	run3	iid	per-iteration	0.0010318623999999998	0.0010684416000000003	1.9063552e6
A	run3	iid	load	5.000907897949219	5.000907897949219	0
A	run3	iid	ttfx	9.3946365	9.3946365	0
A	run3	iid	infer(I=10)	0.065482833	0.066296417	59827408
A	run3	iid	infer(I=20)	0.09219025	0.093701875	87219600
A	run3	iid	per-iteration	0.0026707416999999997	0.0027405458000000008	2.7392192e6
E	run3	iid	load	5.021099090576172	5.021099090576172	0
E	run3	iid	ttfx	9.830216333	9.830216333	0
E	run3	iid	infer(I=10)	0.057090541	0.057889167	60499552
E	run3	iid	infer(I=20)	0.076425792	0.080219958	88693024
E	run3	iid	per-iteration	0.0019335251000000004	0.0022330790999999994	2.8193472e6
C	run3	nl	load	5.092610120773315	5.092610120773315	0
C	run3	nl	ttfx	15.426658208	15.426658208	0
C	run3	nl	infer(I=5)	0.094458667	0.096880292	62149552
C	run3	nl	infer(I=10)	0.131476333	0.134261583	86582944
C	run3	nl	per-iteration	0.007403533200000001	0.007476258199999997	4.8866784e6
F	run3	nl	load	5.04633903503418	5.04633903503418	0
F	run3	nl	ttfx	15.435900833	15.435900833	0
F	run3	nl	infer(I=5)	0.069848458	0.071164791	52868480
F	run3	nl	infer(I=10)	0.086881041	0.088106083	68259152
F	run3	nl	per-iteration	0.0034065166000000007	0.003388258399999999	3.0781344e6
A	run3	nl	load	5.092412948608398	5.092412948608398	0
A	run3	nl	ttfx	15.286577041	15.286577041	0
A	run3	nl	infer(I=5)	0.084468875	0.085629417	56792416
A	run3	nl	infer(I=10)	0.110673458	0.116834583	75975888
A	run3	nl	per-iteration	0.005240916600000001	0.006241033200000001	3.8366944e6
E	run3	nl	load	5.067716121673584	5.067716121673584	0
E	run3	nl	ttfx	14.933866833	14.933866833	0
E	run3	nl	infer(I=5)	0.077802792	0.081509417	56124512
E	run3	nl	infer(I=10)	0.10157125	0.10518175	74732304
E	run3	nl	per-iteration	0.004753691600000001	0.004734466600000001	3.7215584e6
C	run3	hmm	load	5.0085129737854	5.0085129737854	0
C	run3	hmm	ttfx	15.663445292	15.663445292	0
C	run3	hmm	infer(I=10)	0.093608375	0.098242834	82500352
C	run3	hmm	infer(I=20)	0.1520735	0.163187917	137424032
C	run3	hmm	per-iteration	0.0058465125000000005	0.006494508299999998	5.492368e6
F	run3	hmm	load	5.0384509563446045	5.0384509563446045	0
F	run3	hmm	ttfx	15.653022708	15.653022708	0
F	run3	hmm	infer(I=10)	0.070695125	0.073066459	69213328
F	run3	hmm	infer(I=20)	0.107156917	0.111564875	110640576
F	run3	hmm	per-iteration	0.0036461792000000008	0.0038498415999999995	4.1427248e6
A	run3	hmm	load	5.0074310302734375	5.0074310302734375	0
A	run3	hmm	ttfx	15.7063535	15.7063535	0
A	run3	hmm	infer(I=10)	0.090450542	0.092869291	75092640
A	run3	hmm	infer(I=20)	0.140490125	0.145333042	122485280
A	run3	hmm	per-iteration	0.0050039583	0.005246375099999999	4.739264e6
E	run3	hmm	load	5.031815052032471	5.031815052032471	0
E	run3	hmm	ttfx	15.610044916	15.610044916	0
E	run3	hmm	infer(I=10)	0.076691916	0.079230042	74348976
E	run3	hmm	infer(I=20)	0.114725459	0.125321666	121210304
E	run3	hmm	per-iteration	0.0038033543	0.0046091624	4.6861328e6
