A	run1	ssm1	load	4.877325057983398	4.877325057983398	0
A	run1	ssm1	ttfx	11.179135542	11.179135542	0
A	run1	ssm1	infer(I=1)	0.110967166	0.114736625	81456624
B	run1	ssm1	load	4.872488975524902	4.872488975524902	0
B	run1	ssm1	ttfx	11.448959375	11.448959375	0
B	run1	ssm1	infer(I=1)	0.125971708	0.130696333	86033152
C	run1	ssm1	load	4.889030933380127	4.889030933380127	0
C	run1	ssm1	ttfx	11.195853917	11.195853917	0
C	run1	ssm1	infer(I=1)	0.115375208	0.120350542	83920912
D	run1	ssm1	load	4.95427393913269	4.95427393913269	0
D	run1	ssm1	ttfx	11.124458084	11.124458084	0
D	run1	ssm1	infer(I=1)	0.109568583	0.112412417	80319968
E	run1	ssm1	load	4.998857021331787	4.998857021331787	0
E	run1	ssm1	ttfx	11.089552584	11.089552584	0
E	run1	ssm1	infer(I=1)	0.109328208	0.113264292	81728448
A	run1	ssm2	load	4.803815126419067	4.803815126419067	0
A	run1	ssm2	ttfx	14.903045375	14.903045375	0
A	run1	ssm2	infer(I=1)	0.193084875	0.200572834	136429440
B	run1	ssm2	load	4.956236124038696	4.956236124038696	0
B	run1	ssm2	ttfx	14.707015667	14.707015667	0
B	run1	ssm2	infer(I=1)	0.218123416	0.227681083	143694912
C	run1	ssm2	load	5.010325908660889	5.010325908660889	0
C	run1	ssm2	ttfx	14.733088417	14.733088417	0
C	run1	ssm2	infer(I=1)	0.196552625	0.208774459	139726368
D	run1	ssm2	load	4.9669189453125	4.9669189453125	0
D	run1	ssm2	ttfx	14.713242417	14.713242417	0
D	run1	ssm2	infer(I=1)	0.185920875	0.19386225	134412544
E	run1	ssm2	load	4.817829132080078	4.817829132080078	0
E	run1	ssm2	ttfx	14.548238459	14.548238459	0
E	run1	ssm2	infer(I=1)	0.186623167	0.198358375	136013248
A	run1	iid	load	4.992577075958252	4.992577075958252	0
A	run1	iid	ttfx	9.037894416	9.037894416	0
A	run1	iid	infer(I=10)	0.066051333	0.066638125	59827408
A	run1	iid	infer(I=20)	0.09340925	0.09456525	87219600
A	run1	iid	per-iteration	0.0027357916999999994	0.0027927125	2.7392192e6
B	run1	iid	load	4.771076917648315	4.771076917648315	0
B	run1	iid	ttfx	9.1964045	9.1964045	0
B	run1	iid	infer(I=10)	0.099569166	0.102119417	73626304
B	run1	iid	infer(I=20)	0.164926708	0.167556875	114945536
B	run1	iid	per-iteration	0.0065357542000000005	0.006543745799999999	4.1319232e6
C	run1	iid	load	4.760329008102417	4.760329008102417	0
C	run1	iid	ttfx	9.318584625	9.318584625	0
C	run1	iid	infer(I=10)	0.063436834	0.063983625	65624224
C	run1	iid	infer(I=20)	0.086824375	0.088974375	98941856
C	run1	iid	per-iteration	0.0023387540999999998	0.002499074999999999	3.3317632e6
D	run1	iid	load	4.737527132034302	4.737527132034302	0
D	run1	iid	ttfx	9.3071215	9.3071215	0
D	run1	iid	infer(I=10)	0.061026333	0.061434958	54698896
D	run1	iid	infer(I=20)	0.081685375	0.083107084	76963088
D	run1	iid	per-iteration	0.0020659042000000004	0.0021672126	2.2264192e6
E	run1	iid	load	4.7387449741363525	4.7387449741363525	0
E	run1	iid	ttfx	9.087146959	9.087146959	0
E	run1	iid	infer(I=10)	0.056689083	0.057357125	60499552
E	run1	iid	infer(I=20)	0.07614375	0.07700975	88693024
E	run1	iid	per-iteration	0.0019454666999999995	0.0019652625	2.8193472e6
A	run1	nl	load	4.738343000411987	4.738343000411987	0
A	run1	nl	ttfx	15.1257155	15.1257155	0
A	run1	nl	infer(I=5)	0.082615625	0.083504542	56792416
A	run1	nl	infer(I=10)	0.111438709	0.114103292	75975888
A	run1	nl	per-iteration	0.0057646168	0.0061197499999999985	3.8366944e6
B	run1	nl	load	4.726447105407715	4.726447105407715	0
B	run1	nl	ttfx	14.700630833	14.700630833	0
B	run1	nl	infer(I=5)	0.134540708	0.138386042	67903392
B	run1	nl	infer(I=10)	0.217949209	0.221267875	97805824
B	run1	nl	per-iteration	0.0166817002	0.016576366600000003	5.9804864e6
C	run1	nl	load	4.7397849559783936	4.7397849559783936	0
C	run1	nl	ttfx	14.812049375	14.812049375	0
C	run1	nl	infer(I=5)	0.093445708	0.095258708	62149552
C	run1	nl	infer(I=10)	0.130985875	0.134001333	86582944
C	run1	nl	per-iteration	0.0075080334	0.007748525000000001	4.8866784e6
D	run1	nl	load	4.776270866394043	4.776270866394043	0
D	run1	nl	ttfx	15.053970917	15.053970917	0
D	run1	nl	infer(I=5)	0.074305959	0.076360875	53742240
D	run1	nl	infer(I=10)	0.096891834	0.098259833	69948912
D	run1	nl	per-iteration	0.004517174999999998	0.004379791600000002	3.2413344e6
E	run1	nl	load	5.009555101394653	5.009555101394653	0
E	run1	nl	ttfx	14.80661125	14.80661125	0
E	run1	nl	infer(I=5)	0.076558125	0.078975958	56124512
E	run1	nl	infer(I=10)	0.102144708	0.103413125	74732304
E	run1	nl	per-iteration	0.0051173165999999996	0.004887433399999999	3.7215584e6
A	run1	hmm	load	4.992696046829224	4.992696046829224	0
A	run1	hmm	ttfx	15.661941833	15.661941833	0
A	run1	hmm	infer(I=10)	0.087999958	0.090623042	75092640
A	run1	hmm	infer(I=20)	0.13894175	0.1436035	122485280
A	run1	hmm	per-iteration	0.0050941792	0.0052980458	4.739264e6
B	run1	hmm	load	4.957142114639282	4.957142114639282	0
B	run1	hmm	ttfx	15.464564916	15.464564916	0
B	run1	hmm	infer(I=10)	0.134543833	0.139382958	95807504
B	run1	hmm	infer(I=20)	0.232743583	0.239403875	164124464
B	run1	hmm	per-iteration	0.009819975	0.010002091699999998	6.831696e6
C	run1	hmm	load	5.012507200241089	5.012507200241089	0
C	run1	hmm	ttfx	15.320074042	15.320074042	0
C	run1	hmm	infer(I=10)	0.09400275	0.096586208	82500352
C	run1	hmm	infer(I=20)	0.152401208	0.158628375	137424032
C	run1	hmm	per-iteration	0.005839845800000002	0.006204216699999998	5.492368e6
D	run1	hmm	load	4.950494050979614	4.950494050979614	0
D	run1	hmm	ttfx	15.415574416	15.415574416	0
D	run1	hmm	infer(I=10)	0.07691175	0.079952292	70182816
D	run1	hmm	infer(I=20)	0.119043834	0.122260125	112667024
D	run1	hmm	per-iteration	0.0042132084	0.004230783300000001	4.2484208e6
E	run1	hmm	load	4.73329496383667	4.73329496383667	0
E	run1	hmm	ttfx	15.165685875	15.165685875	0
E	run1	hmm	infer(I=10)	0.078867291	0.080029541	74348976
E	run1	hmm	infer(I=20)	0.11656	0.1201635	121210304
E	run1	hmm	per-iteration	0.003769270899999999	0.004013395900000001	4.6861328e6
E	run2	ssm1	load	4.497876882553101	4.497876882553101	0
E	run2	ssm1	ttfx	11.24324375	11.24324375	0
E	run2	ssm1	infer(I=1)	0.113116709	0.114945917	81728448
D	run2	ssm1	load	4.625398874282837	4.625398874282837	0
D	run2	ssm1	ttfx	11.121274125	11.121274125	0
D	run2	ssm1	infer(I=1)	0.109029041	0.113449375	80319968
C	run2	ssm1	load	4.680467128753662	4.680467128753662	0
C	run2	ssm1	ttfx	11.095238	11.095238	0
C	run2	ssm1	infer(I=1)	0.11594325	0.120582583	83920912
B	run2	ssm1	load	4.739197015762329	4.739197015762329	0
B	run2	ssm1	ttfx	11.173679125	11.173679125	0
B	run2	ssm1	infer(I=1)	0.129016041	0.131456958	86033152
A	run2	ssm1	load	4.778990983963013	4.778990983963013	0
A	run2	ssm1	ttfx	11.18806875	11.18806875	0
A	run2	ssm1	infer(I=1)	0.111478208	0.116351083	81456624
E	run2	ssm2	load	4.808687925338745	4.808687925338745	0
E	run2	ssm2	ttfx	14.571861167	14.571861167	0
E	run2	ssm2	infer(I=1)	0.1852975	0.19628	136013248
D	run2	ssm2	load	4.998044013977051	4.998044013977051	0
D	run2	ssm2	ttfx	14.75773	14.75773	0
D	run2	ssm2	infer(I=1)	0.186317167	0.19802275	134412544
C	run2	ssm2	load	4.995574951171875	4.995574951171875	0
C	run2	ssm2	ttfx	14.613018542	14.613018542	0
C	run2	ssm2	infer(I=1)	0.199655625	0.207953459	139726368
B	run2	ssm2	load	5.019562005996704	5.019562005996704	0
B	run2	ssm2	ttfx	14.683104958	14.683104958	0
B	run2	ssm2	infer(I=1)	0.217172417	0.227881792	143694912
A	run2	ssm2	load	5.02197790145874	5.02197790145874	0
A	run2	ssm2	ttfx	14.831172666	14.831172666	0
A	run2	ssm2	infer(I=1)	0.191292167	0.20296175	136429440
E	run2	iid	load	4.7619240283966064	4.7619240283966064	0
E	run2	iid	ttfx	9.010581042	9.010581042	0
E	run2	iid	infer(I=10)	0.056732833	0.057139709	60499552
E	run2	iid	infer(I=20)	0.073671042	0.075168542	88693024
E	run2	iid	per-iteration	0.0016938209000000003	0.0018028833000000009	2.8193472e6
D	run2	iid	load	4.7561140060424805	4.7561140060424805	0
D	run2	iid	ttfx	9.110402875	9.110402875	0
D	run2	iid	infer(I=10)	0.0593045	0.060075542	54698896
D	run2	iid	infer(I=20)	0.079923125	0.080263875	76963088
D	run2	iid	per-iteration	0.0020618624999999995	0.0020188332999999995	2.2264192e6
C	run2	iid	load	4.754266023635864	4.754266023635864	0
C	run2	iid	ttfx	9.082010667	9.082010667	0
C	run2	iid	infer(I=10)	0.063172125	0.06396175	65624224
C	run2	iid	infer(I=20)	0.087080291	0.0884885	98941856
C	run2	iid	per-iteration	0.0023908166000000007	0.002452675	3.3317632e6
B	run2	iid	load	4.721302032470703	4.721302032470703	0
B	run2	iid	ttfx	9.20147375	9.20147375	0
B	run2	iid	infer(I=10)	0.101527375	0.101783458	73626304
B	run2	iid	infer(I=20)	0.165645459	0.169123125	114945536
B	run2	iid	per-iteration	0.006411808399999999	0.006733966700000002	4.1319232e6
A	run2	iid	load	4.751497030258179	4.751497030258179	0
A	run2	iid	ttfx	9.151690083	9.151690083	0
A	run2	iid	infer(I=10)	0.065420917	0.066894417	59827408
A	run2	iid	infer(I=20)	0.093392542	0.095211666	87219600
A	run2	iid	per-iteration	0.0027971625	0.0028317249	2.7392192e6
E	run2	nl	load	4.7206220626831055	4.7206220626831055	0
E	run2	nl	ttfx	14.789462125	14.789462125	0
E	run2	nl	infer(I=5)	0.077873625	0.080448583	56124512
E	run2	nl	infer(I=10)	0.102892625	0.106661083	74732304
E	run2	nl	per-iteration	0.0050038	0.0052425	3.7215584e6
D	run2	nl	load	4.756933927536011	4.756933927536011	0
D	run2	nl	ttfx	14.921403625	14.921403625	0
D	run2	nl	infer(I=5)	0.07331525	0.0765805	53742240
D	run2	nl	infer(I=10)	0.095625375	0.097503583	69948912
D	run2	nl	per-iteration	0.004462025	0.0041846166000000014	3.2413344e6
C	run2	nl	load	4.733572006225586	4.733572006225586	0
C	run2	nl	ttfx	14.74185225	14.74185225	0
C	run2	nl	infer(I=5)	0.09354475	0.095158708	62149552
C	run2	nl	infer(I=10)	0.128201667	0.133454625	86582944
C	run2	nl	per-iteration	0.006931383399999999	0.0076591834	4.8866784e6
B	run2	nl	load	4.690227031707764	4.690227031707764	0
B	run2	nl	ttfx	14.779525292	14.779525292	0
B	run2	nl	infer(I=5)	0.13820025	0.139690708	67903392
B	run2	nl	infer(I=10)	0.218245208	0.221900083	97805824
B	run2	nl	per-iteration	0.0160089916	0.016441875	5.9804864e6
A	run2	nl	load	4.752225875854492	4.752225875854492	0
A	run2	nl	ttfx	14.87319075	14.87319075	0
A	run2	nl	infer(I=5)	0.083416291	0.084448958	56792416
A	run2	nl	infer(I=10)	0.109378708	0.11468225	75975888
A	run2	nl	per-iteration	0.0051924834000000005	0.006046658399999999	3.8366944e6
E	run2	hmm	load	5.024255037307739	5.024255037307739	0
E	run2	hmm	ttfx	15.24235125	15.24235125	0
E	run2	hmm	infer(I=10)	0.078183875	0.079658416	74348976
E	run2	hmm	infer(I=20)	0.117135458	0.120742583	121210304
E	run2	hmm	per-iteration	0.0038951583	0.004108416700000001	4.6861328e6
D	run2	hmm	load	4.717469930648804	4.717469930648804	0
D	run2	hmm	ttfx	15.313728792	15.313728792	0
D	run2	hmm	infer(I=10)	0.07704775	0.080661833	70182816
D	run2	hmm	infer(I=20)	0.12133875	0.126824875	112667024
D	run2	hmm	per-iteration	0.0044291	0.0046163042	4.2484208e6
C	run2	hmm	load	4.765162944793701	4.765162944793701	0
C	run2	hmm	ttfx	15.268112334	15.268112334	0
C	run2	hmm	infer(I=10)	0.095332375	0.096139833	82500352
C	run2	hmm	infer(I=20)	0.149227291	0.153991125	137424032
C	run2	hmm	per-iteration	0.005389491600000002	0.005785129200000001	5.492368e6
B	run2	hmm	load	4.703330993652344	4.703330993652344	0
B	run2	hmm	ttfx	15.441177542	15.441177542	0
B	run2	hmm	infer(I=10)	0.136333	0.139724	95807504
B	run2	hmm	infer(I=20)	0.23320375	0.23598525	164124464
B	run2	hmm	per-iteration	0.009687074999999998	0.009626125000000003	6.831696e6
A	run2	hmm	load	4.716275930404663	4.716275930404663	0
A	run2	hmm	ttfx	15.536945709	15.536945709	0
A	run2	hmm	infer(I=10)	0.087074542	0.089563834	75092752
A	run2	hmm	infer(I=20)	0.137933833	0.143723541	122485280
A	run2	hmm	per-iteration	0.0050859291	0.0054159707000000015	4.7392528e6
C	run3	ssm1	load	4.6221301555633545	4.6221301555633545	0
C	run3	ssm1	ttfx	11.225936	11.225936	0
C	run3	ssm1	infer(I=1)	0.116520375	0.120665208	83920912
A	run3	ssm1	load	4.651413917541504	4.651413917541504	0
A	run3	ssm1	ttfx	11.263368333	11.263368333	0
A	run3	ssm1	infer(I=1)	0.114415458	0.117510333	81456624
E	run3	ssm1	load	4.7672951221466064	4.7672951221466064	0
E	run3	ssm1	ttfx	11.316093542	11.316093542	0
E	run3	ssm1	infer(I=1)	0.1128105	0.115861208	81728448
B	run3	ssm1	load	4.957134008407593	4.957134008407593	0
B	run3	ssm1	ttfx	11.341432666	11.341432666	0
B	run3	ssm1	infer(I=1)	0.12902075	0.132346041	86033152
D	run3	ssm1	load	4.9638831615448	4.9638831615448	0
D	run3	ssm1	ttfx	11.117019708	11.117019708	0
D	run3	ssm1	infer(I=1)	0.111693208	0.114268541	80319968
C	run3	ssm2	load	4.984835863113403	4.984835863113403	0
C	run3	ssm2	ttfx	14.6876205	14.6876205	0
C	run3	ssm2	infer(I=1)	0.193656959	0.206856166	139726368
A	run3	ssm2	load	4.938248872756958	4.938248872756958	0
A	run3	ssm2	ttfx	14.915259959	14.915259959	0
A	run3	ssm2	infer(I=1)	0.192115583	0.204821583	136429440
E	run3	ssm2	load	5.133525848388672	5.133525848388672	0
E	run3	ssm2	ttfx	14.472036666	14.472036666	0
E	run3	ssm2	infer(I=1)	0.191072709	0.197973125	136013248
B	run3	ssm2	load	5.090548992156982	5.090548992156982	0
B	run3	ssm2	ttfx	14.862862125	14.862862125	0
B	run3	ssm2	infer(I=1)	0.223069125	0.229440875	143694912
D	run3	ssm2	load	5.084178924560547	5.084178924560547	0
D	run3	ssm2	ttfx	15.003041083	15.003041083	0
D	run3	ssm2	infer(I=1)	0.187649584	0.198014416	134412544
C	run3	iid	load	5.010643005371094	5.010643005371094	0
C	run3	iid	ttfx	9.3278865	9.3278865	0
C	run3	iid	infer(I=10)	0.063673458	0.064534458	65624224
C	run3	iid	infer(I=20)	0.088141875	0.089206417	98941856
C	run3	iid	per-iteration	0.0024468416999999993	0.002467195899999999	3.3317632e6
A	run3	iid	load	5.118458032608032	5.118458032608032	0
A	run3	iid	ttfx	9.179681917	9.179681917	0
A	run3	iid	infer(I=10)	0.066037083	0.0668505	59827408
A	run3	iid	infer(I=20)	0.094021667	0.095417792	87219600
A	run3	iid	per-iteration	0.0027984584000000008	0.0028567292000000006	2.7392192e6
E	run3	iid	load	4.502204895019531	4.502204895019531	0
E	run3	iid	ttfx	9.006824167	9.006824167	0
E	run3	iid	infer(I=10)	0.057507459	0.059177667	60499552
E	run3	iid	infer(I=20)	0.075668792	0.078879292	88693024
E	run3	iid	per-iteration	0.0018161333000000003	0.0019701625	2.8193472e6
B	run3	iid	load	4.641020059585571	4.641020059585571	0
B	run3	iid	ttfx	10.426844542	10.426844542	0
B	run3	iid	infer(I=10)	0.100402541	0.107764542	73626304
B	run3	iid	infer(I=20)	0.167216	0.169691333	114945536
B	run3	iid	per-iteration	0.006681345900000001	0.006192679099999999	4.1319232e6
D	run3	iid	load	5.018985986709595	5.018985986709595	0
D	run3	iid	ttfx	9.970522208	9.970522208	0
D	run3	iid	infer(I=10)	0.060203958	0.066082667	54698896
D	run3	iid	infer(I=20)	0.079089083	0.080287208	76963088
D	run3	iid	per-iteration	0.0018885125000000003	0.0014204541	2.2264192e6
C	run3	nl	load	5.6161298751831055	5.6161298751831055	0
C	run3	nl	ttfx	14.943845333	14.943845333	0
C	run3	nl	infer(I=5)	0.092202458	0.094214209	62149552
C	run3	nl	infer(I=10)	0.131494208	0.133371458	86582944
C	run3	nl	per-iteration	0.00785835	0.007831449800000001	4.8866784e6
A	run3	nl	load	4.428409099578857	4.428409099578857	0
A	run3	nl	ttfx	17.997107709	17.997107709	0
A	run3	nl	infer(I=5)	0.087160041	0.0969875	56792416
A	run3	nl	infer(I=10)	0.116035208	0.120969292	75976000
A	run3	nl	per-iteration	0.005775033400000002	0.004796358400000001	3.8367168e6
E	run3	nl	load	4.958132028579712	4.958132028579712	0
E	run3	nl	ttfx	17.054455625	17.054455625	0
E	run3	nl	infer(I=5)	0.084198041	0.089343667	56124512
E	run3	nl	infer(I=10)	0.108007125	0.112098042	74732304
E	run3	nl	per-iteration	0.004761816799999999	0.0045508749999999985	3.7215584e6
B	run3	nl	load	5.3003010749816895	5.3003010749816895	0
B	run3	nl	ttfx	16.533426166	16.533426166	0
B	run3	nl	infer(I=5)	0.14537825	0.148476167	67903392
B	run3	nl	infer(I=10)	0.229822375	0.231639083	97805824
B	run3	nl	per-iteration	0.016888825000000003	0.016632583200000002	5.9804864e6
D	run3	nl	load	5.277314901351929	5.277314901351929	0
D	run3	nl	ttfx	17.579289209	17.579289209	0
D	run3	nl	infer(I=5)	0.077094209	0.083541209	53742240
D	run3	nl	infer(I=10)	0.097662625	0.101656917	69948912
D	run3	nl	per-iteration	0.004113683200000001	0.0036231415999999988	3.2413344e6
C	run3	hmm	load	5.208943128585815	5.208943128585815	0
C	run3	hmm	ttfx	16.848513958	16.848513958	0
C	run3	hmm	infer(I=10)	0.094159042	0.103842083	82500352
C	run3	hmm	infer(I=20)	0.149365459	0.164996666	137424032
C	run3	hmm	per-iteration	0.0055206417	0.006115458299999999	5.492368e6
A	run3	hmm	load	5.246571063995361	5.246571063995361	0
A	run3	hmm	ttfx	16.461501833	16.461501833	0
A	run3	hmm	infer(I=10)	0.08963025	0.092727042	75092752
A	run3	hmm	infer(I=20)	0.138065875	0.143690625	122485280
A	run3	hmm	per-iteration	0.004843562500000001	0.005096358299999999	4.7392528e6
E	run3	hmm	load	5.365339040756226	5.365339040756226	0
E	run3	hmm	ttfx	15.470628917	15.470628917	0
E	run3	hmm	infer(I=10)	0.0759485	0.079594375	74348976
E	run3	hmm	infer(I=20)	0.11657375	0.120423791	121210304
E	run3	hmm	per-iteration	0.004062525	0.004082941600000001	4.6861328e6
B	run3	hmm	load	5.130529880523682	5.130529880523682	0
B	run3	hmm	ttfx	16.1339855	16.1339855	0
B	run3	hmm	infer(I=10)	0.138465833	0.140048334	95807504
B	run3	hmm	infer(I=20)	0.236201834	0.2434335	164124464
B	run3	hmm	per-iteration	0.009773600099999998	0.0103385166	6.831696e6
D	run3	hmm	load	5.0388360023498535	5.0388360023498535	0
D	run3	hmm	ttfx	16.042850542	16.042850542	0
D	run3	hmm	infer(I=10)	0.080143417	0.0842605	70182816
D	run3	hmm	infer(I=20)	0.127055083	0.135341	112667024
D	run3	hmm	per-iteration	0.004691166600000002	0.0051080499999999985	4.2484208e6
