A	ssm1	first-infer-s	11.710683417	compile-s	11.521016627
A	ssm2	first-infer-s	8.468637125	compile-s	8.200428873
A	iid	first-infer-s	3.667759875	compile-s	3.430316788
A	nl	first-infer-s	6.453190583	compile-s	6.35433405
A	hmm	first-infer-s	9.305276459	compile-s	9.1915805
A	ReactiveMP	specialisations	5849
A	ReactiveMP	  invoke_callback	226
A	ReactiveMP	  #48#val	226
A	ReactiveMP	  #45#val	226
A	ReactiveMP	  #52#val	226
A	ReactiveMP	  #47#val	226
A	ReactiveMP	  #46#val	226
A	ReactiveMP	  MessageMapping	141
A	ReactiveMP	  as_message	129
A	ReactiveMP	  #158#val	129
A	ReactiveMP	  rule_marginals	108
A	ReactiveMP	  #205#val	108
A	ReactiveMP	  rule_annotations	88
A	ReactiveMP	  #207#val	88
A	ReactiveMP	  connect!	84
A	ReactiveMP	  #125#val	83
A	Rocket	specialisations	19581
A	Rocket	  #407#val	1153
A	Rocket	  on_subscribe!	1153
A	Rocket	  subscribe!	998
A	Rocket	  #358#val	998
A	Rocket	  call_source_proxy!	614
A	Rocket	  as_proxy_observable	611
A	Rocket	  on_next!	575
A	Rocket	  #319#val	575
A	Rocket	  #357#val	561
A	Rocket	  as_subscribable	561
A	Rocket	  next!	478
A	Rocket	  #316#val	478
A	Rocket	  on_call!	470
A	Rocket	  #439#val	470
A	Rocket	  call_actor_proxy!	410
A	RxInfer	specialisations	1265
A	RxInfer	  limitstack	65
A	RxInfer	  #578#val	52
A	RxInfer	  apply_diagnostic_check	52
A	RxInfer	  apply_init!	44
A	RxInfer	  __infer_create_factor_graph_model	35
A	RxInfer	  getvarref	29
A	RxInfer	  save_init!	28
A	RxInfer	  LimitStackSubscription	27
A	RxInfer	  isdeclarednode	21
A	RxInfer	  ConditionedModelGenerator	20
A	RxInfer	  apply_alias_transformation	20
A	RxInfer	  #599#val	20
A	RxInfer	  getconditioned_on	20
A	RxInfer	  condition_on	20
A	RxInfer	  #597#val	20
C	ssm1	first-infer-s	11.965916417	compile-s	11.811692232
C	ssm2	first-infer-s	8.341313208	compile-s	8.107962924
C	iid	first-infer-s	3.688886542	compile-s	3.609612625
C	nl	first-infer-s	6.554534667	compile-s	6.435745427
C	hmm	first-infer-s	9.178092833	compile-s	9.051341513
C	ReactiveMP	specialisations	4487
C	ReactiveMP	  MessageMapping	141
C	ReactiveMP	  kernel_marginals	135
C	ReactiveMP	  as_message	116
C	ReactiveMP	  #158#val	116
C	ReactiveMP	  invoke_callback	115
C	ReactiveMP	  #48#val	115
C	ReactiveMP	  #45#val	115
C	ReactiveMP	  #52#val	115
C	ReactiveMP	  #47#val	115
C	ReactiveMP	  #46#val	115
C	ReactiveMP	  rule_marginals	104
C	ReactiveMP	  #205#val	104
C	ReactiveMP	  kernel_arguments	87
C	ReactiveMP	  #125#val	83
C	ReactiveMP	  scratch_for!	83
C	Rocket	specialisations	18123
C	Rocket	  #407#val	1145
C	Rocket	  on_subscribe!	1145
C	Rocket	  subscribe!	990
C	Rocket	  #358#val	990
C	Rocket	  call_source_proxy!	591
C	Rocket	  as_proxy_observable	588
C	Rocket	  #357#val	505
C	Rocket	  as_subscribable	505
C	Rocket	  on_call!	442
C	Rocket	  #439#val	442
C	Rocket	  call_actor_proxy!	386
C	Rocket	  call_operator!	385
C	Rocket	  on_next!	374
C	Rocket	  #319#val	374
C	Rocket	  next!	349
C	RxInfer	specialisations	1251
C	RxInfer	  limitstack	58
C	RxInfer	  #578#val	52
C	RxInfer	  apply_diagnostic_check	52
C	RxInfer	  apply_init!	44
C	RxInfer	  __infer_create_factor_graph_model	35
C	RxInfer	  getvarref	29
C	RxInfer	  save_init!	28
C	RxInfer	  LimitStackSubscription	27
C	RxInfer	  isdeclarednode	21
C	RxInfer	  ConditionedModelGenerator	20
C	RxInfer	  apply_alias_transformation	20
C	RxInfer	  #599#val	20
C	RxInfer	  getconditioned_on	20
C	RxInfer	  condition_on	20
C	RxInfer	  #597#val	20
E	ssm1	first-infer-s	11.586609333	compile-s	11.45055684
E	ssm2	first-infer-s	8.11191	compile-s	7.897295631
E	iid	first-infer-s	3.483653042	compile-s	3.415387381
E	nl	first-infer-s	6.396676334	compile-s	6.246056168
E	hmm	first-infer-s	8.861576291	compile-s	8.764111584
E	ReactiveMP	specialisations	3749
E	ReactiveMP	  MessageMapping	141
E	ReactiveMP	  kernel_marginals	135
E	ReactiveMP	  as_message	116
E	ReactiveMP	  #157#val	116
E	ReactiveMP	  #210#val	104
E	ReactiveMP	  rule_marginals	104
E	ReactiveMP	  kernel_arguments	87
E	ReactiveMP	  #124#val	83
E	ReactiveMP	  scratch_for!	83
E	ReactiveMP	  connect!	75
E	ReactiveMP	  kernel_annotations	71
E	ReactiveMP	  with_statics	57
E	ReactiveMP	  #281#val	57
E	ReactiveMP	  set_stream_of_outbound_messages!	53
E	ReactiveMP	  #253#val	53
E	Rocket	specialisations	18123
E	Rocket	  #407#val	1145
E	Rocket	  on_subscribe!	1145
E	Rocket	  subscribe!	990
E	Rocket	  #358#val	990
E	Rocket	  call_source_proxy!	591
E	Rocket	  as_proxy_observable	588
E	Rocket	  #357#val	505
E	Rocket	  as_subscribable	505
E	Rocket	  on_call!	442
E	Rocket	  #439#val	442
E	Rocket	  call_actor_proxy!	386
E	Rocket	  call_operator!	385
E	Rocket	  on_next!	374
E	Rocket	  #319#val	374
E	Rocket	  next!	349
E	RxInfer	specialisations	1251
E	RxInfer	  limitstack	58
E	RxInfer	  #578#val	52
E	RxInfer	  apply_diagnostic_check	52
E	RxInfer	  apply_init!	44
E	RxInfer	  __infer_create_factor_graph_model	35
E	RxInfer	  getvarref	29
E	RxInfer	  save_init!	28
E	RxInfer	  LimitStackSubscription	27
E	RxInfer	  isdeclarednode	21
E	RxInfer	  ConditionedModelGenerator	20
E	RxInfer	  apply_alias_transformation	20
E	RxInfer	  #599#val	20
E	RxInfer	  getconditioned_on	20
E	RxInfer	  condition_on	20
E	RxInfer	  #597#val	20
F	ssm1	first-infer-s	11.449750625	compile-s	11.317459506
F	ssm2	first-infer-s	8.313961666	compile-s	8.105972784
F	iid	first-infer-s	3.603794792	compile-s	3.541207957
F	nl	first-infer-s	6.659001667	compile-s	6.566789416
F	hmm	first-infer-s	9.285275375	compile-s	9.180297336
F	ReactiveMP	specialisations	4396
F	ReactiveMP	  MessageMapping	141
F	ReactiveMP	  as_message	129
F	ReactiveMP	  #157#val	129
F	ReactiveMP	  rule_marginals	108
F	ReactiveMP	  #211#val	108
F	ReactiveMP	  rule_annotations	88
F	ReactiveMP	  #213#val	88
F	ReactiveMP	  connect!	84
F	ReactiveMP	  #124#val	83
F	ReactiveMP	  scratch_for!	83
F	ReactiveMP	  __check_all	77
F	ReactiveMP	  #210#val	72
F	ReactiveMP	  rule_messages	72
F	ReactiveMP	  #212#val	66
F	ReactiveMP	  rule_arguments	66
F	Rocket	specialisations	19581
F	Rocket	  #407#val	1153
F	Rocket	  on_subscribe!	1153
F	Rocket	  subscribe!	998
F	Rocket	  #358#val	998
F	Rocket	  call_source_proxy!	614
F	Rocket	  as_proxy_observable	611
F	Rocket	  on_next!	575
F	Rocket	  #319#val	575
F	Rocket	  #357#val	561
F	Rocket	  as_subscribable	561
F	Rocket	  next!	478
F	Rocket	  #316#val	478
F	Rocket	  on_call!	470
F	Rocket	  #439#val	470
F	Rocket	  call_actor_proxy!	410
F	RxInfer	specialisations	1265
F	RxInfer	  limitstack	65
F	RxInfer	  #578#val	52
F	RxInfer	  apply_diagnostic_check	52
F	RxInfer	  apply_init!	44
F	RxInfer	  __infer_create_factor_graph_model	35
F	RxInfer	  getvarref	29
F	RxInfer	  save_init!	28
F	RxInfer	  LimitStackSubscription	27
F	RxInfer	  isdeclarednode	21
F	RxInfer	  ConditionedModelGenerator	20
F	RxInfer	  apply_alias_transformation	20
F	RxInfer	  #599#val	20
F	RxInfer	  getconditioned_on	20
F	RxInfer	  condition_on	20
F	RxInfer	  #597#val	20
F	ssm1	first-infer-s	11.720865625	compile-s	11.545572172
F	ssm2	first-infer-s	8.387576416	compile-s	8.121134388
F	iid	first-infer-s	3.565945875	compile-s	3.504000329
F	nl	first-infer-s	6.507839167	compile-s	6.417948548
F	hmm	first-infer-s	9.255583542	compile-s	9.10348617
F	ReactiveMP	specialisations	4396
F	ReactiveMP	  MessageMapping	141
F	ReactiveMP	  as_message	129
F	ReactiveMP	  #157#val	129
F	ReactiveMP	  rule_marginals	108
F	ReactiveMP	  #211#val	108
F	ReactiveMP	  rule_annotations	88
F	ReactiveMP	  #213#val	88
F	ReactiveMP	  connect!	84
F	ReactiveMP	  #124#val	83
F	ReactiveMP	  scratch_for!	83
F	ReactiveMP	  __check_all	77
F	ReactiveMP	  #210#val	72
F	ReactiveMP	  rule_messages	72
F	ReactiveMP	  #212#val	66
F	ReactiveMP	  rule_arguments	66
F	Rocket	specialisations	19581
F	Rocket	  #407#val	1153
F	Rocket	  on_subscribe!	1153
F	Rocket	  subscribe!	998
F	Rocket	  #358#val	998
F	Rocket	  call_source_proxy!	614
F	Rocket	  as_proxy_observable	611
F	Rocket	  on_next!	575
F	Rocket	  #319#val	575
F	Rocket	  #357#val	561
F	Rocket	  as_subscribable	561
F	Rocket	  next!	478
F	Rocket	  #316#val	478
F	Rocket	  on_call!	470
F	Rocket	  #439#val	470
F	Rocket	  call_actor_proxy!	410
F	RxInfer	specialisations	1265
F	RxInfer	  limitstack	65
F	RxInfer	  #578#val	52
F	RxInfer	  apply_diagnostic_check	52
F	RxInfer	  apply_init!	44
F	RxInfer	  __infer_create_factor_graph_model	35
F	RxInfer	  getvarref	29
F	RxInfer	  save_init!	28
F	RxInfer	  LimitStackSubscription	27
F	RxInfer	  isdeclarednode	21
F	RxInfer	  ConditionedModelGenerator	20
F	RxInfer	  apply_alias_transformation	20
F	RxInfer	  #599#val	20
F	RxInfer	  getconditioned_on	20
F	RxInfer	  condition_on	20
F	RxInfer	  #597#val	20
E	ssm1	first-infer-s	11.78771575	compile-s	11.645384669
E	ssm2	first-infer-s	8.416273666	compile-s	8.069642522
E	iid	first-infer-s	3.497838417	compile-s	3.418094838
E	nl	first-infer-s	6.628242334	compile-s	6.528592047
E	hmm	first-infer-s	9.022430166	compile-s	8.920560379
E	ReactiveMP	specialisations	3749
E	ReactiveMP	  MessageMapping	141
E	ReactiveMP	  kernel_marginals	135
E	ReactiveMP	  as_message	116
E	ReactiveMP	  #157#val	116
E	ReactiveMP	  #210#val	104
E	ReactiveMP	  rule_marginals	104
E	ReactiveMP	  kernel_arguments	87
E	ReactiveMP	  #124#val	83
E	ReactiveMP	  scratch_for!	83
E	ReactiveMP	  connect!	75
E	ReactiveMP	  kernel_annotations	71
E	ReactiveMP	  with_statics	57
E	ReactiveMP	  #281#val	57
E	ReactiveMP	  set_stream_of_outbound_messages!	53
E	ReactiveMP	  #253#val	53
E	Rocket	specialisations	18123
E	Rocket	  #407#val	1145
E	Rocket	  on_subscribe!	1145
E	Rocket	  subscribe!	990
E	Rocket	  #358#val	990
E	Rocket	  call_source_proxy!	591
E	Rocket	  as_proxy_observable	588
E	Rocket	  #357#val	505
E	Rocket	  as_subscribable	505
E	Rocket	  on_call!	442
E	Rocket	  #439#val	442
E	Rocket	  call_actor_proxy!	386
E	Rocket	  call_operator!	385
E	Rocket	  on_next!	374
E	Rocket	  #319#val	374
E	Rocket	  next!	349
E	RxInfer	specialisations	1251
E	RxInfer	  limitstack	58
E	RxInfer	  #578#val	52
E	RxInfer	  apply_diagnostic_check	52
E	RxInfer	  apply_init!	44
E	RxInfer	  __infer_create_factor_graph_model	35
E	RxInfer	  getvarref	29
E	RxInfer	  save_init!	28
E	RxInfer	  LimitStackSubscription	27
E	RxInfer	  isdeclarednode	21
E	RxInfer	  ConditionedModelGenerator	20
E	RxInfer	  apply_alias_transformation	20
E	RxInfer	  #599#val	20
E	RxInfer	  getconditioned_on	20
E	RxInfer	  condition_on	20
E	RxInfer	  #597#val	20
C	ssm1	first-infer-s	11.851258334	compile-s	11.702809749
C	ssm2	first-infer-s	8.4282435	compile-s	8.192898418
C	iid	first-infer-s	3.552803708	compile-s	3.408008587
C	nl	first-infer-s	6.57186225	compile-s	6.46060883
C	hmm	first-infer-s	9.085698375	compile-s	8.97141825
C	ReactiveMP	specialisations	4487
C	ReactiveMP	  MessageMapping	141
C	ReactiveMP	  kernel_marginals	135
C	ReactiveMP	  as_message	116
C	ReactiveMP	  #158#val	116
C	ReactiveMP	  invoke_callback	115
C	ReactiveMP	  #48#val	115
C	ReactiveMP	  #45#val	115
C	ReactiveMP	  #52#val	115
C	ReactiveMP	  #47#val	115
C	ReactiveMP	  #46#val	115
C	ReactiveMP	  rule_marginals	104
C	ReactiveMP	  #205#val	104
C	ReactiveMP	  kernel_arguments	87
C	ReactiveMP	  #125#val	83
C	ReactiveMP	  scratch_for!	83
C	Rocket	specialisations	18123
C	Rocket	  #407#val	1145
C	Rocket	  on_subscribe!	1145
C	Rocket	  subscribe!	990
C	Rocket	  #358#val	990
C	Rocket	  call_source_proxy!	591
C	Rocket	  as_proxy_observable	588
C	Rocket	  #357#val	505
C	Rocket	  as_subscribable	505
C	Rocket	  on_call!	442
C	Rocket	  #439#val	442
C	Rocket	  call_actor_proxy!	386
C	Rocket	  call_operator!	385
C	Rocket	  on_next!	374
C	Rocket	  #319#val	374
C	Rocket	  next!	349
C	RxInfer	specialisations	1251
C	RxInfer	  limitstack	58
C	RxInfer	  #578#val	52
C	RxInfer	  apply_diagnostic_check	52
C	RxInfer	  apply_init!	44
C	RxInfer	  __infer_create_factor_graph_model	35
C	RxInfer	  getvarref	29
C	RxInfer	  save_init!	28
C	RxInfer	  LimitStackSubscription	27
C	RxInfer	  isdeclarednode	21
C	RxInfer	  ConditionedModelGenerator	20
C	RxInfer	  apply_alias_transformation	20
C	RxInfer	  #599#val	20
C	RxInfer	  getconditioned_on	20
C	RxInfer	  condition_on	20
C	RxInfer	  #597#val	20
A	ssm1	first-infer-s	11.688791083	compile-s	11.548337675
A	ssm2	first-infer-s	8.611088667	compile-s	8.314662796
A	iid	first-infer-s	3.545688458	compile-s	3.460850254
A	nl	first-infer-s	6.463608875	compile-s	6.361194878
A	hmm	first-infer-s	9.297274875	compile-s	9.181865179
A	ReactiveMP	specialisations	5849
A	ReactiveMP	  invoke_callback	226
A	ReactiveMP	  #48#val	226
A	ReactiveMP	  #45#val	226
A	ReactiveMP	  #52#val	226
A	ReactiveMP	  #47#val	226
A	ReactiveMP	  #46#val	226
A	ReactiveMP	  MessageMapping	141
A	ReactiveMP	  as_message	129
A	ReactiveMP	  #158#val	129
A	ReactiveMP	  rule_marginals	108
A	ReactiveMP	  #205#val	108
A	ReactiveMP	  rule_annotations	88
A	ReactiveMP	  #207#val	88
A	ReactiveMP	  connect!	84
A	ReactiveMP	  #125#val	83
A	Rocket	specialisations	19581
A	Rocket	  #407#val	1153
A	Rocket	  on_subscribe!	1153
A	Rocket	  subscribe!	998
A	Rocket	  #358#val	998
A	Rocket	  call_source_proxy!	614
A	Rocket	  as_proxy_observable	611
A	Rocket	  on_next!	575
A	Rocket	  #319#val	575
A	Rocket	  #357#val	561
A	Rocket	  as_subscribable	561
A	Rocket	  next!	478
A	Rocket	  #316#val	478
A	Rocket	  on_call!	470
A	Rocket	  #439#val	470
A	Rocket	  call_actor_proxy!	410
A	RxInfer	specialisations	1265
A	RxInfer	  limitstack	65
A	RxInfer	  #578#val	52
A	RxInfer	  apply_diagnostic_check	52
A	RxInfer	  apply_init!	44
A	RxInfer	  __infer_create_factor_graph_model	35
A	RxInfer	  getvarref	29
A	RxInfer	  save_init!	28
A	RxInfer	  LimitStackSubscription	27
A	RxInfer	  isdeclarednode	21
A	RxInfer	  ConditionedModelGenerator	20
A	RxInfer	  apply_alias_transformation	20
A	RxInfer	  #599#val	20
A	RxInfer	  getconditioned_on	20
A	RxInfer	  condition_on	20
A	RxInfer	  #597#val	20
