FULL	run1	ssm1	load	2.6758739948272705	2.6758739948272705	0	0.0
FULL	run1	ssm1	ttfx	13.766942375	13.766942375	0	0.0
FULL	run1	ssm1	infer(I=1)	0.078234375	0.082019333	64569440	0.0
FULLT	run1	ssm1	load	1.8988149166107178	1.8988149166107178	0	0.0
FULLT	run1	ssm1	ttfx	13.715212333	13.715212333	0	0.0
FULLT	run1	ssm1	infer(I=1)	0.077975833	0.079753792	63913248	0.0
FULLTPC	run1	ssm1	load	2.2263870239257812	2.2263870239257812	0	0.0
FULLTPC	run1	ssm1	ttfx	6.601448	6.601448	0	0.0
FULLTPC	run1	ssm1	infer(I=1)	0.074726	0.076838417	64041376	0.0
v6	run1	ssm1	load	2.102077007293701	2.102077007293701	0	0.0
v6	run1	ssm1	ttfx	11.408989792	11.408989792	0	0.0
v6	run1	ssm1	infer(I=1)	0.0590265	0.06304825	58015632	0.0
FULL	run1	ssm2	load	1.890110969543457	1.890110969543457	0	0.0
FULL	run1	ssm2	ttfx	16.820212708	16.820212708	0	0.0
FULL	run1	ssm2	infer(I=1)	0.130342208	0.140775416	106418672	0.0
FULLT	run1	ssm2	load	1.8654420375823975	1.8654420375823975	0	0.0
FULLT	run1	ssm2	ttfx	16.8635815	16.8635815	0	0.0
FULLT	run1	ssm2	infer(I=1)	0.13319425	0.139349583	105202256	0.0
FULLTPC	run1	ssm2	load	2.1411631107330322	2.1411631107330322	0	0.0
FULLTPC	run1	ssm2	ttfx	11.256747542	11.256747542	0	0.0
FULLTPC	run1	ssm2	infer(I=1)	0.128122292	0.137458333	105202256	0.0
v6	run1	ssm2	load	2.006772041320801	2.006772041320801	0	0.0
v6	run1	ssm2	ttfx	13.386625291	13.386625291	0	0.0
v6	run1	ssm2	infer(I=1)	0.106297667	0.1160115	93951744	0.0
FULL	run1	iid	load	1.8986468315124512	1.8986468315124512	0	0.0
FULL	run1	iid	ttfx	8.781593916	8.781593916	0	0.0
FULL	run1	iid	infer(I=10)	0.034180458	0.03569475	38455776	0.0
FULL	run1	iid	infer(I=20)	0.04315525	0.044162125	51748128	0.0
FULL	run1	iid	per-iteration	0.0008974792000000002	0.0008467375000000006	1.3292352e6	0.0
FULL	run1	iid	setup (T(I) - I*per-iteration)	0.025205665999999995	NaN	25163424	0.0
FULLT	run1	iid	load	1.8563120365142822	1.8563120365142822	0	0.0
FULLT	run1	iid	ttfx	8.917290458	8.917290458	0	0.0
FULLT	run1	iid	infer(I=10)	0.032854709	0.033517125	34615392	0.0
FULLT	run1	iid	infer(I=20)	0.039909208	0.041307417	44067744	0.0
FULLT	run1	iid	per-iteration	0.0007054498999999999	0.0007790291999999997	945235.2	0.0
FULLT	run1	iid	setup (T(I) - I*per-iteration)	0.025800210000000004	NaN	25163040	0.0
FULLTPC	run1	iid	load	2.1420538425445557	2.1420538425445557	0	0.0
FULLTPC	run1	iid	ttfx	0.68963675	0.68963675	0	0.0
FULLTPC	run1	iid	infer(I=10)	0.02995975	0.030865541	34617952	0.0
FULLTPC	run1	iid	infer(I=20)	0.03561675	0.036940791	44072864	0.0
FULLTPC	run1	iid	per-iteration	0.0005657000000000003	0.000607525	945491.2	0.0
FULLTPC	run1	iid	setup (T(I) - I*per-iteration)	0.024302749999999998	NaN	25163040	0.0
v6	run1	iid	load	2.0063230991363525	2.0063230991363525	0	0.0
v6	run1	iid	ttfx	7.53206675	7.53206675	0	0.0
v6	run1	iid	infer(I=10)	0.024590375	0.025160292	27513424	0.0
v6	run1	iid	infer(I=20)	0.031063458	0.032179542	34734736	0.0
v6	run1	iid	per-iteration	0.0006473082999999998	0.0007019249999999997	722131.2	0.0
v6	run1	iid	setup (T(I) - I*per-iteration)	0.018117292000000004	NaN	20292112	0.0
FULL	run1	betabern	load	1.918544054031372	1.918544054031372	0	0.0
FULL	run1	betabern	ttfx	7.966261375	7.966261375	0	0.0
FULL	run1	betabern	infer(I=1)	0.10355325	0.108903583	88311680	0.0
FULLT	run1	betabern	load	1.8509581089019775	1.8509581089019775	0	0.0
FULLT	run1	betabern	ttfx	7.860051292	7.860051292	0	0.0
FULLT	run1	betabern	infer(I=1)	0.102950833	0.108513292	87511488	0.0
FULLTPC	run1	betabern	load	2.153809070587158	2.153809070587158	0	0.0
FULLTPC	run1	betabern	ttfx	0.551779334	0.551779334	0	0.0
FULLTPC	run1	betabern	infer(I=1)	0.099457708	0.102460959	87511616	0.0
v6	run1	betabern	load	2.0236871242523193	2.0236871242523193	0	0.0
v6	run1	betabern	ttfx	6.7237125	6.7237125	0	0.0
v6	run1	betabern	infer(I=1)	0.071373916	0.076989042	71656128	0.0
FULL	run1	nl	load	1.8983230590820312	1.8983230590820312	0	0.0
FULL	run1	nl	ttfx	17.133370208	17.133370208	0	0.0
FULL	run1	nl	infer(I=5)	0.048088459	0.049830167	39711760	0.0
FULL	run1	nl	infer(I=10)	0.0598755	0.063596333	50543024	0.0
FULL	run1	nl	per-iteration	0.0023574081999999997	0.002753233200000001	2.1662528e6	0.0
FULL	run1	nl	setup (T(I) - I*per-iteration)	0.036301418	NaN	28880496	0.0
FULLT	run1	nl	load	1.8582561016082764	1.8582561016082764	0	0.0
FULLT	run1	nl	ttfx	17.064408084	17.064408084	0	0.0
FULLT	run1	nl	infer(I=5)	0.047404708	0.04799625	37926352	0.0
FULLT	run1	nl	infer(I=10)	0.059226042	0.060309459	47054576	0.0
FULLT	run1	nl	per-iteration	0.0023642668000000006	0.002462641800000001	1.8256448e6	0.0
FULLT	run1	nl	setup (T(I) - I*per-iteration)	0.035583373999999994	NaN	28798128	0.0
FULLTPC	run1	nl	load	2.1543490886688232	2.1543490886688232	0	0.0
FULLTPC	run1	nl	ttfx	9.993548667	9.993548667	0	0.0
FULLTPC	run1	nl	infer(I=5)	0.043424792	0.044491167	37926352	0.0
FULLTPC	run1	nl	infer(I=10)	0.050910292	0.05412975	47054576	0.0
FULLTPC	run1	nl	per-iteration	0.0014971000000000012	0.0019277165999999999	1.8256448e6	0.0
FULLTPC	run1	nl	setup (T(I) - I*per-iteration)	0.03593929199999999	NaN	28798128	0.0
v6	run1	nl	load	2.020113945007324	2.020113945007324	0	0.0
v6	run1	nl	ttfx	12.596844125	12.596844125	0	0.0
v6	run1	nl	infer(I=5)	0.043422333	0.044302541	37953872	0.0
v6	run1	nl	infer(I=10)	0.062999916	0.063789167	50584816	0.0
v6	run1	nl	per-iteration	0.0039155166	0.0038973251999999984	2.5261888e6	0.0
v6	run1	nl	setup (T(I) - I*per-iteration)	0.023844749999999998	NaN	25322928	0.0
FULL	run1	hmm	load	1.8993868827819824	1.8993868827819824	0	0.0
FULL	run1	hmm	ttfx	17.67464375	17.67464375	0	0.0
FULL	run1	hmm	infer(I=10)	0.053573291	0.05490675	58765600	0.0
FULL	run1	hmm	infer(I=20)	0.0857125	0.089025333	96531680	0.0
FULL	run1	hmm	per-iteration	0.0032139208999999993	0.0034118583	3.776608e6	0.0
FULL	run1	hmm	setup (T(I) - I*per-iteration)	0.021434082000000007	NaN	20999520	0.0
FULLT	run1	hmm	load	1.8610169887542725	1.8610169887542725	0	0.0
FULLT	run1	hmm	ttfx	17.765678583	17.765678583	0	0.0
FULLT	run1	hmm	infer(I=10)	0.050241375	0.050771	54636736	0.0
FULLT	run1	hmm	infer(I=20)	0.077988292	0.080288958	88274816	0.0
FULLT	run1	hmm	per-iteration	0.0027746917000000004	0.0029517957999999995	3.363808e6	0.0
FULLT	run1	hmm	setup (T(I) - I*per-iteration)	0.022494457999999995	NaN	20998656	0.0
FULLTPC	run1	hmm	load	2.147757053375244	2.147757053375244	0	0.0
FULLTPC	run1	hmm	ttfx	12.661973667	12.661973667	0	0.0
FULLTPC	run1	hmm	infer(I=10)	0.049779541	0.051056542	54634832	0.0
FULLTPC	run1	hmm	infer(I=20)	0.07775675	0.079787792	88272912	0.0
FULLTPC	run1	hmm	per-iteration	0.0027977209000000004	0.0028731249999999994	3.363808e6	0.0
FULLTPC	run1	hmm	setup (T(I) - I*per-iteration)	0.021802331999999994	NaN	20996752	0.0
v6	run1	hmm	load	2.003283977508545	2.003283977508545	0	0.0
v6	run1	hmm	ttfx	14.175824625	14.175824625	0	0.0
v6	run1	hmm	infer(I=10)	0.046491	0.048200584	44647632	0.0
v6	run1	hmm	infer(I=20)	0.076818833	0.079222542	71723952	0.0
v6	run1	hmm	per-iteration	0.0030327833000000004	0.003102195800000001	2.707632e6	0.0
v6	run1	hmm	setup (T(I) - I*per-iteration)	0.016163166999999992	NaN	17571312	0.0
FULL	run1	gmm	load	1.8911221027374268	1.8911221027374268	0	0.0
FULL	run1	gmm	ttfx	13.757748708	13.757748708	0	0.0
FULL	run1	gmm	infer(I=10)	0.073962791	0.075868708	73895376	0.0
FULL	run1	gmm	infer(I=20)	0.101196375	0.1039575	103004976	0.0
FULL	run1	gmm	per-iteration	0.0027233584000000005	0.0028088791999999986	2.91096e6	0.0
FULL	run1	gmm	setup (T(I) - I*per-iteration)	0.046729206999999995	NaN	44785776	0.0
FULLT	run1	gmm	load	1.8390610218048096	1.8390610218048096	0	0.0
FULLT	run1	gmm	ttfx	13.841400667	13.841400667	0	0.0
FULLT	run1	gmm	infer(I=10)	0.070623333	0.072391875	64299120	0.0
FULLT	run1	gmm	infer(I=20)	0.094704541	0.097803209	83808720	0.0
FULLT	run1	gmm	per-iteration	0.002408120800000001	0.0025411334000000007	1.95096e6	0.0
FULLT	run1	gmm	setup (T(I) - I*per-iteration)	0.04654212499999999	NaN	44789520	0.0
FULLTPC	run1	gmm	load	2.1480090618133545	2.1480090618133545	0	0.0
FULLTPC	run1	gmm	ttfx	5.515139875	5.515139875	0	0.0
FULLTPC	run1	gmm	infer(I=10)	0.068527291	0.069849125	64302688	0.0
FULLTPC	run1	gmm	infer(I=20)	0.0916795	0.094847542	83816128	0.0
FULLTPC	run1	gmm	per-iteration	0.0023152208999999992	0.0024998417000000007	1.951344e6	0.0
FULLTPC	run1	gmm	setup (T(I) - I*per-iteration)	0.04537508200000001	NaN	44789248	0.0
v6	run1	gmm	load	2.0173799991607666	2.0173799991607666	0	0.0
v6	run1	gmm	ttfx	10.360063	10.360063	0	0.0
v6	run1	gmm	infer(I=10)	0.051914	0.05488025	51979552	0.0
v6	run1	gmm	infer(I=20)	0.082161	0.085641833	71030112	0.0
v6	run1	gmm	per-iteration	0.0030246999999999995	0.0030761583000000004	1.905056e6	0.0
v6	run1	gmm	setup (T(I) - I*per-iteration)	0.021667000000000006	NaN	32928992	0.0
FULL	run1	linreg	load	1.8843579292297363	1.8843579292297363	0	0.0
FULL	run1	linreg	ttfx	14.660097959	14.660097959	0	0.0
FULL	run1	linreg	infer(I=10)	0.193065041	0.204905667	158590800	0.0
FULL	run1	linreg	infer(I=20)	0.274819084	0.306225458	230442832	0.0
FULL	run1	linreg	per-iteration	0.0081754043	0.010131979099999999	7.1852032e6	0.0
FULL	run1	linreg	setup (T(I) - I*per-iteration)	0.111310998	NaN	86738768	0.0
FULLT	run1	linreg	load	1.8572430610656738	1.8572430610656738	0	0.0
FULLT	run1	linreg	ttfx	14.866597	14.866597	0	0.0
FULLT	run1	linreg	infer(I=10)	0.185877542	0.197260583	144350224	0.0
FULLT	run1	linreg	infer(I=20)	0.2663195	0.293312959	201962256	0.0
FULLT	run1	linreg	per-iteration	0.008044195799999997	0.0096052376	5.7612032e6	0.0
FULLT	run1	linreg	setup (T(I) - I*per-iteration)	0.10543558400000003	NaN	86738192	0.0
FULLTPC	run1	linreg	load	2.158358097076416	2.158358097076416	0	0.0
FULLTPC	run1	linreg	ttfx	8.071624166	8.071624166	0	0.0
FULLTPC	run1	linreg	infer(I=10)	0.179846	0.192497084	144350224	0.0
FULLTPC	run1	linreg	infer(I=20)	0.255754541	0.277561208	201962256	0.0
FULLTPC	run1	linreg	per-iteration	0.0075908541	0.0085064124	5.7612032e6	0.0
FULLTPC	run1	linreg	setup (T(I) - I*per-iteration)	0.10393745900000001	NaN	86738192	0.0
FULL	run1	filter	load	1.8835861682891846	1.8835861682891846	0	0.0
FULL	run1	filter	ttfx	9.369653375	9.369653375	0	0.0
FULL	run1	filter	infer(I=1)	0.00608725	0.00626675	4881200	0.0
FULLT	run1	filter	load	1.8581111431121826	1.8581111431121826	0	0.0
FULLT	run1	filter	ttfx	9.535251667	9.535251667	0	0.0
FULLT	run1	filter	infer(I=1)	0.005311042	0.005347125	4033200	0.0
FULLTPC	run1	filter	load	2.1271300315856934	2.1271300315856934	0	0.0
FULLTPC	run1	filter	ttfx	2.628544042	2.628544042	0	0.0
FULLTPC	run1	filter	infer(I=1)	0.004344291	0.00440325	4289200	0.0
v6	run1	filter	load	2.0078020095825195	2.0078020095825195	0	0.0
v6	run1	filter	ttfx	7.334763	7.334763	0	0.0
v6	run1	filter	infer(I=1)	0.009310875	0.009344125	4927296	0.0
FULL	run1	ssm1+defaults	load	1.882875919342041	1.882875919342041	0	0.0
FULL	run1	ssm1+defaults	ttfx	13.446670708	13.446670708	0	0.0
FULL	run1	ssm1+defaults	infer(I=1)	0.079635042	0.08285975	65221008	0.0
FULLT	run1	ssm1+defaults	load	1.8636951446533203	1.8636951446533203	0	0.0
FULLT	run1	ssm1+defaults	ttfx	13.404638709	13.404638709	0	0.0
FULLT	run1	ssm1+defaults	infer(I=1)	0.077342042	0.082507792	64564816	0.0
FULLTPC	run1	ssm1+defaults	load	2.1619021892547607	2.1619021892547607	0	0.0
FULLTPC	run1	ssm1+defaults	ttfx	6.982382333	6.982382333	0	0.0
FULLTPC	run1	ssm1+defaults	infer(I=1)	0.074047084	0.078584042	64692944	0.0
v6	run1	ssm1+defaults	load	1.9936010837554932	1.9936010837554932	0	0.0
v6	run1	ssm1+defaults	ttfx	11.349987333	11.349987333	0	0.0
v6	run1	ssm1+defaults	infer(I=1)	0.059484292	0.064520917	58667136	0.0
FULL	run1	iid+defaults	load	1.901540994644165	1.901540994644165	0	0.0
FULL	run1	iid+defaults	ttfx	8.507096917	8.507096917	0	0.0
FULL	run1	iid+defaults	infer(I=10)	0.033880625	0.034501583	39265552	0.0
FULL	run1	iid+defaults	infer(I=20)	0.042039583	0.043342209	53206544	0.0
FULL	run1	iid+defaults	per-iteration	0.0008158958000000001	0.0008840625999999997	1.3940992e6	0.0
FULL	run1	iid+defaults	setup (T(I) - I*per-iteration)	0.025721666999999997	NaN	25324560	0.0
FULLT	run1	iid+defaults	load	1.8437650203704834	1.8437650203704834	0	0.0
FULLT	run1	iid+defaults	ttfx	8.520285917	8.520285917	0	0.0
FULLT	run1	iid+defaults	infer(I=10)	0.032986583	0.033947542	35425168	0.0
FULLT	run1	iid+defaults	infer(I=20)	0.04083225	0.042088834	45526160	0.0
FULLT	run1	iid+defaults	per-iteration	0.0007845667	0.0008141292000000001	1.0100992e6	0.0
FULLT	run1	iid+defaults	setup (T(I) - I*per-iteration)	0.025140916	NaN	25324176	0.0
FULLTPC	run1	iid+defaults	load	2.1455860137939453	2.1455860137939453	0	0.0
FULLTPC	run1	iid+defaults	ttfx	2.259974583	2.259974583	0	0.0
FULLTPC	run1	iid+defaults	infer(I=10)	0.030373375	0.031430042	35427728	0.0
FULLTPC	run1	iid+defaults	infer(I=20)	0.036045542	0.037738083	45531280	0.0
FULLTPC	run1	iid+defaults	per-iteration	0.0005672166999999999	0.0006308041	1.0103552e6	0.0
FULLTPC	run1	iid+defaults	setup (T(I) - I*per-iteration)	0.024701208000000002	NaN	25324176	0.0
v6	run1	iid+defaults	load	2.010709047317505	2.010709047317505	0	0.0
v6	run1	iid+defaults	ttfx	7.500461959	7.500461959	0	0.0
v6	run1	iid+defaults	infer(I=10)	0.02493325	0.025794791	28324016	0.0
v6	run1	iid+defaults	infer(I=20)	0.031249709	0.032654583	36194928	0.0
v6	run1	iid+defaults	per-iteration	0.0006316459	0.0006859792	787091.2	0.0
v6	run1	iid+defaults	setup (T(I) - I*per-iteration)	0.018616791	NaN	20453104	0.0
FULL	run1	ssm1@100	load	1.9049839973449707	1.9049839973449707	0	0.0
FULL	run1	ssm1@100	ttfx	12.999895792	12.999895792	0	0.0
FULL	run1	ssm1@100	infer(I=1)	0.007720167	0.008185	6496624	0.0
FULLT	run1	ssm1@100	load	1.850376844406128	1.850376844406128	0	0.0
FULLT	run1	ssm1@100	ttfx	12.960939875	12.960939875	0	0.0
FULLT	run1	ssm1@100	infer(I=1)	0.007635	0.007767417	6430832	0.0
FULLTPC	run1	ssm1@100	load	2.1395270824432373	2.1395270824432373	0	0.0
FULLTPC	run1	ssm1@100	ttfx	5.9948465	5.9948465	0	0.0
FULLTPC	run1	ssm1@100	infer(I=1)	0.007139666	0.007217541	6443760	0.0
v6	run1	ssm1@100	load	2.0099449157714844	2.0099449157714844	0	0.0
v6	run1	ssm1@100	ttfx	9.0781625	9.0781625	0	0.0
v6	run1	ssm1@100	infer(I=1)	0.005990125	0.006019125	5841264	0.0
FULL	run1	ssm1@10000	load	1.9052050113677979	1.9052050113677979	0	0.0
FULL	run1	ssm1@10000	ttfx	15.210321708	15.210321708	0	0.0
FULL	run1	ssm1@10000	infer(I=1)	0.936218542	1.05922025	656786560	0.16968516132504075
FULLT	run1	ssm1@10000	load	1.8642091751098633	1.8642091751098633	0	0.0
FULLT	run1	ssm1@10000	ttfx	15.223783042	15.223783042	0	0.0
FULLT	run1	ssm1@10000	infer(I=1)	0.914144208	1.064019083	650226368	0.17327959145259053
FULLTPC	run1	ssm1@10000	load	2.1413021087646484	2.1413021087646484	0	0.0
FULLTPC	run1	ssm1@10000	ttfx	8.003197083	8.003197083	0	0.0
FULLTPC	run1	ssm1@10000	infer(I=1)	0.885500417	0.988833875	651506496	0.1326887016284712
v6	run1	ssm1@10000	load	2.005997896194458	2.005997896194458	0	0.0
v6	run1	ssm1@10000	ttfx	12.63858025	12.63858025	0	0.0
v6	run1	ssm1@10000	infer(I=1)	0.7251015	0.890486583	590470944	0.220218506088373
FULL	run1	iid@100	load	1.879573106765747	1.879573106765747	0	0.0
FULL	run1	iid@100	ttfx	8.724483958	8.724483958	0	0.0
FULL	run1	iid@100	infer(I=10)	0.003847916	0.003913167	3928608	0.0
FULL	run1	iid@100	infer(I=20)	0.00479675	0.00488275	5268960	0.0
FULL	run1	iid@100	per-iteration	9.48834e-5	9.695829999999996e-5	134035.2	0.0
FULL	run1	iid@100	setup (T(I) - I*per-iteration)	0.002899082	NaN	2588256	0.0
FULLT	run1	iid@100	load	1.8348021507263184	1.8348021507263184	0	0.0
FULLT	run1	iid@100	ttfx	8.880919875	8.880919875	0	0.0
FULLT	run1	iid@100	infer(I=10)	0.003760417	0.00381425	3544224	0.0
FULLT	run1	iid@100	infer(I=20)	0.004640416	0.004672	4500576	0.0
FULLT	run1	iid@100	per-iteration	8.799989999999998e-5	8.5775e-5	95635.2	0.0
FULLT	run1	iid@100	setup (T(I) - I*per-iteration)	0.002880418	NaN	2587872	0.0
FULLTPC	run1	iid@100	load	2.1532089710235596	2.1532089710235596	0	0.0
FULLTPC	run1	iid@100	ttfx	0.643831666	0.643831666	0	0.0
FULLTPC	run1	iid@100	infer(I=10)	0.003322334	0.003388458	3546784	0.0
FULLTPC	run1	iid@100	infer(I=20)	0.00401575	0.0040435	4505696	0.0
FULLTPC	run1	iid@100	per-iteration	6.934160000000001e-5	6.550420000000002e-5	95891.2	0.0
FULLTPC	run1	iid@100	setup (T(I) - I*per-iteration)	0.002628918	NaN	2587872	0.0
v6	run1	iid@100	load	2.012953996658325	2.012953996658325	0	0.0
v6	run1	iid@100	ttfx	7.464014958	7.464014958	0	0.0
v6	run1	iid@100	infer(I=10)	0.002988625	0.003024459	2849824	0.0
v6	run1	iid@100	infer(I=20)	0.00387425	0.003941708	3591136	0.0
v6	run1	iid@100	per-iteration	8.856250000000002e-5	9.172490000000001e-5	74131.2	0.0
v6	run1	iid@100	setup (T(I) - I*per-iteration)	0.002103	NaN	2108512	0.0
FULL	run1	iid@10000	load	1.9016268253326416	1.9016268253326416	0	0.0
FULL	run1	iid@10000	ttfx	9.365113417	9.365113417	0	0.0
FULL	run1	iid@10000	infer(I=10)	0.395283042	0.440501542	381504656	0.0
FULL	run1	iid@10000	infer(I=20)	0.62769	0.725159875	514317008	0.16862091106062374
FULL	run1	iid@10000	per-iteration	0.0232406958	0.0284658333	1.32812352e7	0.0
FULL	run1	iid@10000	setup (T(I) - I*per-iteration)	0.162876084	NaN	248692304	0.0
FULLT	run1	iid@10000	load	1.851330041885376	1.851330041885376	0	0.0
FULLT	run1	iid@10000	ttfx	9.462324709	9.462324709	0	0.0
FULLT	run1	iid@10000	infer(I=10)	0.369787333	0.408464833	343104272	0.0
FULLT	run1	iid@10000	infer(I=20)	0.532942167	0.550647792	437516624	0.0
FULLT	run1	iid@10000	per-iteration	0.016315483399999997	0.0142182959	9.4412352e6	0.0
FULLT	run1	iid@10000	setup (T(I) - I*per-iteration)	0.20663249900000003	NaN	248691920	0.0
FULLTPC	run1	iid@10000	load	2.1418330669403076	2.1418330669403076	0	0.0
FULLTPC	run1	iid@10000	ttfx	1.226593125	1.226593125	0	0.0
FULLTPC	run1	iid@10000	infer(I=10)	0.37890275	0.406595	343106832	0.12222031013662243
FULLTPC	run1	iid@10000	infer(I=20)	0.501577	0.605991333	437521744	0.19463406017660376
FULLTPC	run1	iid@10000	per-iteration	0.012267425000000004	0.0199396333	9.4414912e6	0.0
FULLTPC	run1	iid@10000	setup (T(I) - I*per-iteration)	0.25622849999999997	NaN	248691920	0.0
v6	run1	iid@10000	load	2.012269973754883	2.012269973754883	0	0.0
v6	run1	iid@10000	ttfx	8.008650167	8.008650167	0	0.0
v6	run1	iid@10000	infer(I=10)	0.2870725	0.324835	271946736	0.0
v6	run1	iid@10000	infer(I=20)	0.4025455	0.457247875	343968048	0.0
v6	run1	iid@10000	per-iteration	0.0115473	0.013241287500000004	7.2021312e6	0.0
v6	run1	iid@10000	setup (T(I) - I*per-iteration)	0.17159950000000002	NaN	199925424	0.0
FULL	run1	iid@100000	load	1.8826570510864258	1.8826570510864258	0	0.0
FULL	run1	iid@100000	ttfx	17.9359425	17.9359425	0	0.0
FULL	run1	iid@100000	infer(I=10)	6.058043792	6.697487333	3814358544	0.24585485108994154
FULL	run1	iid@100000	infer(I=20)	8.745328459	10.333930666	5142370896	0.2741434122671306
FULL	run1	iid@100000	per-iteration	0.26872846669999995	0.36364433330000007	1.328012352e8	0.0
FULL	run1	iid@100000	setup (T(I) - I*per-iteration)	3.370759125000001	NaN	2486346192	0.0
FULLT	run1	iid@100000	load	2.1788229942321777	2.1788229942321777	0	0.0
FULLT	run1	iid@100000	ttfx	16.516890292	16.516890292	0	0.0
FULLT	run1	iid@100000	infer(I=10)	5.294258708	5.883104708	3430358160	0.13469197477971578
FULLT	run1	iid@100000	infer(I=20)	7.411148083	8.5827845	4374370512	0.2118856987496307
FULLT	run1	iid@100000	per-iteration	0.21168893749999995	0.26996797920000004	9.44012352e7	0.0
FULLT	run1	iid@100000	setup (T(I) - I*per-iteration)	3.1773693330000006	NaN	2486345808	0.0
FULLTPC	run1	iid@100000	load	2.5058860778808594	2.5058860778808594	0	0.0
FULLTPC	run1	iid@100000	ttfx	8.889678959	8.889678959	0	0.0
FULLTPC	run1	iid@100000	infer(I=10)	5.485234709	6.087607541	3430360720	0.2546285476782512
FULLTPC	run1	iid@100000	infer(I=20)	7.242278375	8.222673833	4374375632	0.22033575936441988
FULLTPC	run1	iid@100000	per-iteration	0.17570436659999994	0.21350662920000002	9.44014912e7	0.0
FULLTPC	run1	iid@100000	setup (T(I) - I*per-iteration)	3.7281910430000007	NaN	2486345808	0.0
v6	run1	iid@100000	load	2.4169890880584717	2.4169890880584717	0	0.0
v6	run1	iid@100000	ttfx	14.577568	14.577568	0	0.0
v6	run1	iid@100000	infer(I=10)	5.294263125	5.743415166	2723127424	0.170998303555338
v6	run1	iid@100000	infer(I=20)	7.472028459	9.081037209	3437643712	0.19696551952617541
v6	run1	iid@100000	per-iteration	0.2177765334	0.3337622043	7.14516288e7	0.0
v6	run1	iid@100000	setup (T(I) - I*per-iteration)	3.1164977909999996	NaN	2008611136	0.0
FULL	run1	betabern@50000	load	2.0794870853424072	2.0794870853424072	0	0.0
FULL	run1	betabern@50000	ttfx	9.533588958	9.533588958	0	0.0
FULL	run1	betabern@50000	infer(I=1)	1.157814916	1.23757275	886235264	0.0
FULLT	run1	betabern@50000	load	1.9003829956054688	1.9003829956054688	0	0.0
FULLT	run1	betabern@50000	ttfx	9.415821459	9.415821459	0	0.0
FULLT	run1	betabern@50000	infer(I=1)	1.1570885	1.25070225	878235072	0.0
FULLTPC	run1	betabern@50000	load	2.191800832748413	2.191800832748413	0	0.0
FULLTPC	run1	betabern@50000	ttfx	2.073847458	2.073847458	0	0.0
FULLTPC	run1	betabern@50000	infer(I=1)	1.101842416	1.382798292	878235200	0.19023704290198823
v6	run1	betabern@50000	load	1.9976880550384521	1.9976880550384521	0	0.0
v6	run1	betabern@50000	ttfx	8.104197042	8.104197042	0	0.0
v6	run1	betabern@50000	infer(I=1)	0.915874459	0.961664833	718824448	0.0
FULLT	run2	ssm1	load	1.8492639064788818	1.8492639064788818	0	0.0
FULLT	run2	ssm1	ttfx	13.582555167	13.582555167	0	0.0
FULLT	run2	ssm1	infer(I=1)	0.077942375	0.08058125	63913248	0.0
FULLTPC	run2	ssm1	load	2.1531119346618652	2.1531119346618652	0	0.0
FULLTPC	run2	ssm1	ttfx	6.59401975	6.59401975	0	0.0
FULLTPC	run2	ssm1	infer(I=1)	0.075082709	0.07653775	64041376	0.0
v6	run2	ssm1	load	1.9919509887695312	1.9919509887695312	0	0.0
v6	run2	ssm1	ttfx	11.316157958	11.316157958	0	0.0
v6	run2	ssm1	infer(I=1)	0.05867525	0.062492917	58015632	0.0
FULL	run2	ssm1	load	1.8411691188812256	1.8411691188812256	0	0.0
FULL	run2	ssm1	ttfx	13.591197542	13.591197542	0	0.0
FULL	run2	ssm1	infer(I=1)	0.078791833	0.080390417	64569440	0.0
FULLT	run2	ssm2	load	1.8279800415039062	1.8279800415039062	0	0.0
FULLT	run2	ssm2	ttfx	16.676987459	16.676987459	0	0.0
FULLT	run2	ssm2	infer(I=1)	0.1325495	0.138116	105202256	0.0
FULLTPC	run2	ssm2	load	2.1179661750793457	2.1179661750793457	0	0.0
FULLTPC	run2	ssm2	ttfx	11.2278195	11.2278195	0	0.0
FULLTPC	run2	ssm2	infer(I=1)	0.130474792	0.134709	105202256	0.0
v6	run2	ssm2	load	2.0013370513916016	2.0013370513916016	0	0.0
v6	run2	ssm2	ttfx	13.233580125	13.233580125	0	0.0
v6	run2	ssm2	infer(I=1)	0.105511666	0.115779916	93951744	0.0
FULL	run2	ssm2	load	1.8310189247131348	1.8310189247131348	0	0.0
FULL	run2	ssm2	ttfx	16.589522833	16.589522833	0	0.0
FULL	run2	ssm2	infer(I=1)	0.131013084	0.140914959	106418672	0.0
FULLT	run2	iid	load	1.844486951828003	1.844486951828003	0	0.0
FULLT	run2	iid	ttfx	8.808638167	8.808638167	0	0.0
FULLT	run2	iid	infer(I=10)	0.032279166	0.033033333	34615392	0.0
FULLT	run2	iid	infer(I=20)	0.039241417	0.040376083	44067744	0.0
FULLT	run2	iid	per-iteration	0.0006962251000000002	0.0007342750000000002	945235.2	0.0
FULLT	run2	iid	setup (T(I) - I*per-iteration)	0.025316914999999995	NaN	25163040	0.0
FULLTPC	run2	iid	load	2.13720703125	2.13720703125	0	0.0
FULLTPC	run2	iid	ttfx	0.677968292	0.677968292	0	0.0
FULLTPC	run2	iid	infer(I=10)	0.029327125	0.03064475	34617952	0.0
FULLTPC	run2	iid	infer(I=20)	0.035688375	0.036246667	44072864	0.0
FULLTPC	run2	iid	per-iteration	0.0006361250000000002	0.0005601917000000005	945491.2	0.0
FULLTPC	run2	iid	setup (T(I) - I*per-iteration)	0.022965874999999997	NaN	25163040	0.0
v6	run2	iid	load	1.974308967590332	1.974308967590332	0	0.0
v6	run2	iid	ttfx	7.505607875	7.505607875	0	0.0
v6	run2	iid	infer(I=10)	0.024460292	0.025112417	27513424	0.0
v6	run2	iid	infer(I=20)	0.03096375	0.032163	34734736	0.0
v6	run2	iid	per-iteration	0.0006503458	0.0007050582999999996	722131.2	0.0
v6	run2	iid	setup (T(I) - I*per-iteration)	0.017956834	NaN	20292112	0.0
FULL	run2	iid	load	1.8310978412628174	1.8310978412628174	0	0.0
FULL	run2	iid	ttfx	8.699627458	8.699627458	0	0.0
FULL	run2	iid	infer(I=10)	0.034413209	0.034995667	38455776	0.0
FULL	run2	iid	infer(I=20)	0.042706417	0.043747625	51748128	0.0
FULL	run2	iid	per-iteration	0.0008293208000000003	0.0008751957999999997	1.3292352e6	0.0
FULL	run2	iid	setup (T(I) - I*per-iteration)	0.026120000999999997	NaN	25163424	0.0
FULLT	run2	betabern	load	1.8391671180725098	1.8391671180725098	0	0.0
FULLT	run2	betabern	ttfx	7.809414041	7.809414041	0	0.0
FULLT	run2	betabern	infer(I=1)	0.100958041	0.106267416	87511488	0.0
FULLTPC	run2	betabern	load	2.1219189167022705	2.1219189167022705	0	0.0
FULLTPC	run2	betabern	ttfx	0.524175833	0.524175833	0	0.0
FULLTPC	run2	betabern	infer(I=1)	0.094476417	0.099879042	87511616	0.0
v6	run2	betabern	load	2.0020530223846436	2.0020530223846436	0	0.0
v6	run2	betabern	ttfx	6.590839042	6.590839042	0	0.0
v6	run2	betabern	infer(I=1)	0.0711705	0.076152708	71656128	0.0
FULL	run2	betabern	load	1.8250811100006104	1.8250811100006104	0	0.0
FULL	run2	betabern	ttfx	7.867912458	7.867912458	0	0.0
FULL	run2	betabern	infer(I=1)	0.100796	0.106085292	88311680	0.0
FULLT	run2	nl	load	1.8489148616790771	1.8489148616790771	0	0.0
FULLT	run2	nl	ttfx	16.952023375	16.952023375	0	0.0
FULLT	run2	nl	infer(I=5)	0.046756167	0.047515375	37926352	0.0
FULLT	run2	nl	infer(I=10)	0.058077209	0.059180167	47054576	0.0
FULLT	run2	nl	per-iteration	0.0022642083999999995	0.0023329584	1.8256448e6	0.0
FULLT	run2	nl	setup (T(I) - I*per-iteration)	0.035435125000000005	NaN	28798128	0.0
FULLTPC	run2	nl	load	2.138201951980591	2.138201951980591	0	0.0
FULLTPC	run2	nl	ttfx	9.937775125	9.937775125	0	0.0
FULLTPC	run2	nl	infer(I=5)	0.042212125	0.043860291	37926352	0.0
FULLTPC	run2	nl	infer(I=10)	0.051577667	0.053340583	47054576	0.0
FULLTPC	run2	nl	per-iteration	0.0018731083999999996	0.0018960583999999988	1.8256448e6	0.0
FULLTPC	run2	nl	setup (T(I) - I*per-iteration)	0.032846583000000006	NaN	28798128	0.0
v6	run2	nl	load	1.9951400756835938	1.9951400756835938	0	0.0
v6	run2	nl	ttfx	12.587564916	12.587564916	0	0.0
v6	run2	nl	infer(I=5)	0.042693334	0.043446917	37953872	0.0
v6	run2	nl	infer(I=10)	0.060515458	0.064320625	50584816	0.0
v6	run2	nl	per-iteration	0.0035644248000000003	0.004174741600000001	2.5261888e6	0.0
v6	run2	nl	setup (T(I) - I*per-iteration)	0.024871209999999998	NaN	25322928	0.0
FULL	run2	nl	load	1.8318970203399658	1.8318970203399658	0	0.0
FULL	run2	nl	ttfx	17.047264916	17.047264916	0	0.0
FULL	run2	nl	infer(I=5)	0.047900125	0.049588584	39711760	0.0
FULL	run2	nl	infer(I=10)	0.060020792	0.062492584	50543024	0.0
FULL	run2	nl	per-iteration	0.0024241334000000003	0.0025808	2.1662528e6	0.0
FULL	run2	nl	setup (T(I) - I*per-iteration)	0.035779458	NaN	28880496	0.0
FULLT	run2	hmm	load	1.845855951309204	1.845855951309204	0	0.0
FULLT	run2	hmm	ttfx	17.498420292	17.498420292	0	0.0
FULLT	run2	hmm	infer(I=10)	0.050413	0.051530459	54636736	0.0
FULLT	run2	hmm	infer(I=20)	0.080804917	0.081357125	88274816	0.0
FULLT	run2	hmm	per-iteration	0.0030391917000000004	0.0029826666000000003	3.363808e6	0.0
FULLT	run2	hmm	setup (T(I) - I*per-iteration)	0.020021083	NaN	20998656	0.0
FULLTPC	run2	hmm	load	2.1231348514556885	2.1231348514556885	0	0.0
FULLTPC	run2	hmm	ttfx	12.459260584	12.459260584	0	0.0
FULLTPC	run2	hmm	infer(I=10)	0.04953525	0.051310958	54634832	0.0
FULLTPC	run2	hmm	infer(I=20)	0.078058916	0.079868333	88272912	0.0
FULLTPC	run2	hmm	per-iteration	0.0028523666000000005	0.0028557375000000003	3.363808e6	0.0
FULLTPC	run2	hmm	setup (T(I) - I*per-iteration)	0.021011584	NaN	20996752	0.0
v6	run2	hmm	load	2.001805067062378	2.001805067062378	0	0.0
v6	run2	hmm	ttfx	14.066943084	14.066943084	0	0.0
v6	run2	hmm	infer(I=10)	0.045602417	0.046222583	44647632	0.0
v6	run2	hmm	infer(I=20)	0.076971542	0.077648041	71723952	0.0
v6	run2	hmm	per-iteration	0.0031369125000000006	0.0031425458000000003	2.707632e6	0.0
v6	run2	hmm	setup (T(I) - I*per-iteration)	0.014233291999999995	NaN	17571312	0.0
FULL	run2	hmm	load	1.8346710205078125	1.8346710205078125	0	0.0
FULL	run2	hmm	ttfx	17.504330834	17.504330834	0	0.0
FULL	run2	hmm	infer(I=10)	0.054728	0.056404	58765600	0.0
FULL	run2	hmm	infer(I=20)	0.0858015	0.087492625	96531680	0.0
FULL	run2	hmm	per-iteration	0.0031073500000000005	0.0031088625	3.776608e6	0.0
FULL	run2	hmm	setup (T(I) - I*per-iteration)	0.023654499999999995	NaN	20999520	0.0
FULLT	run2	gmm	load	1.8385560512542725	1.8385560512542725	0	0.0
FULLT	run2	gmm	ttfx	13.654359375	13.654359375	0	0.0
FULLT	run2	gmm	infer(I=10)	0.069043458	0.071486875	64299120	0.0
FULLT	run2	gmm	infer(I=20)	0.093892583	0.096366	83808720	0.0
FULLT	run2	gmm	per-iteration	0.0024849125	0.002487912499999999	1.95096e6	0.0
FULLT	run2	gmm	setup (T(I) - I*per-iteration)	0.044194333	NaN	44789520	0.0
FULLTPC	run2	gmm	load	2.129552125930786	2.129552125930786	0	0.0
FULLTPC	run2	gmm	ttfx	5.434112792	5.434112792	0	0.0
FULLTPC	run2	gmm	infer(I=10)	0.066778083	0.068770625	64302688	0.0
FULLTPC	run2	gmm	infer(I=20)	0.089191041	0.092348959	83816128	0.0
FULLTPC	run2	gmm	per-iteration	0.0022412957999999998	0.0023578333999999994	1.951344e6	0.0
FULLTPC	run2	gmm	setup (T(I) - I*per-iteration)	0.044365125000000005	NaN	44789248	0.0
v6	run2	gmm	load	1.9855480194091797	1.9855480194091797	0	0.0
v6	run2	gmm	ttfx	10.454753417	10.454753417	0	0.0
v6	run2	gmm	infer(I=10)	0.052732041	0.054900292	51979552	0.0
v6	run2	gmm	infer(I=20)	0.081334792	0.084269625	71030112	0.0
v6	run2	gmm	per-iteration	0.0028602751000000003	0.0029369332999999997	1.905056e6	0.0
v6	run2	gmm	setup (T(I) - I*per-iteration)	0.024129289999999998	NaN	32928992	0.0
FULL	run2	gmm	load	1.836935043334961	1.836935043334961	0	0.0
FULL	run2	gmm	ttfx	13.798156208	13.798156208	0	0.0
FULL	run2	gmm	infer(I=10)	0.074378042	0.075906708	73895376	0.0
FULL	run2	gmm	infer(I=20)	0.100035042	0.102270084	103004976	0.0
FULL	run2	gmm	per-iteration	0.0025656999999999998	0.0026363375999999992	2.91096e6	0.0
FULL	run2	gmm	setup (T(I) - I*per-iteration)	0.048721042000000006	NaN	44785776	0.0
FULLT	run2	linreg	load	1.8428900241851807	1.8428900241851807	0	0.0
FULLT	run2	linreg	ttfx	14.923719042	14.923719042	0	0.0
FULLT	run2	linreg	infer(I=10)	0.191400875	0.201543792	144350224	0.0
FULLT	run2	linreg	infer(I=20)	0.270080458	0.296819583	201962256	0.0
FULLT	run2	linreg	per-iteration	0.007867958300000002	0.0095275791	5.7612032e6	0.0
FULLT	run2	linreg	setup (T(I) - I*per-iteration)	0.11272129199999997	NaN	86738192	0.0
FULLTPC	run2	linreg	load	2.115678071975708	2.115678071975708	0	0.0
FULLTPC	run2	linreg	ttfx	7.9100605	7.9100605	0	0.0
FULLTPC	run2	linreg	infer(I=10)	0.181434708	0.195243583	144350224	0.0
FULLTPC	run2	linreg	infer(I=20)	0.260060708	0.286778958	201962256	0.0
FULLTPC	run2	linreg	per-iteration	0.007862599999999997	0.009153537499999998	5.7612032e6	0.0
FULLTPC	run2	linreg	setup (T(I) - I*per-iteration)	0.10280870800000003	NaN	86738192	0.0
FULL	run2	linreg	load	1.8162510395050049	1.8162510395050049	0	0.0
FULL	run2	linreg	ttfx	14.752366583	14.752366583	0	0.0
FULL	run2	linreg	infer(I=10)	0.19427425	0.209411125	158590800	0.0
FULL	run2	linreg	infer(I=20)	0.286589875	0.314121833	230442832	0.0
FULL	run2	linreg	per-iteration	0.009231562499999998	0.010471070800000001	7.1852032e6	0.0
FULL	run2	linreg	setup (T(I) - I*per-iteration)	0.10195862500000002	NaN	86738768	0.0
FULLT	run2	filter	load	1.838850975036621	1.838850975036621	0	0.0
FULLT	run2	filter	ttfx	9.519959625	9.519959625	0	0.0
FULLT	run2	filter	infer(I=1)	0.006084792	0.006185041	4033200	0.0
FULLTPC	run2	filter	load	2.138962984085083	2.138962984085083	0	0.0
FULLTPC	run2	filter	ttfx	2.587509708	2.587509708	0	0.0
FULLTPC	run2	filter	infer(I=1)	0.004375	0.004455667	4289200	0.0
v6	run2	filter	load	1.999558925628662	1.999558925628662	0	0.0
v6	run2	filter	ttfx	7.305251875	7.305251875	0	0.0
v6	run2	filter	infer(I=1)	0.008923083	0.008996458	4927296	0.0
FULL	run2	filter	load	1.8311429023742676	1.8311429023742676	0	0.0
FULL	run2	filter	ttfx	9.376463083	9.376463083	0	0.0
FULL	run2	filter	infer(I=1)	0.005884833	0.006046875	4881200	0.0
FULLT	run2	ssm1+defaults	load	1.8463780879974365	1.8463780879974365	0	0.0
FULLT	run2	ssm1+defaults	ttfx	13.321074834	13.321074834	0	0.0
FULLT	run2	ssm1+defaults	infer(I=1)	0.076409459	0.0805725	64564816	0.0
FULLTPC	run2	ssm1+defaults	load	2.1322219371795654	2.1322219371795654	0	0.0
FULLTPC	run2	ssm1+defaults	ttfx	6.893833958	6.893833958	0	0.0
FULLTPC	run2	ssm1+defaults	infer(I=1)	0.075894833	0.078170542	64692944	0.0
v6	run2	ssm1+defaults	load	1.981698989868164	1.981698989868164	0	0.0
v6	run2	ssm1+defaults	ttfx	11.259361333	11.259361333	0	0.0
v6	run2	ssm1+defaults	infer(I=1)	0.060729875	0.064431	58667136	0.0
FULL	run2	ssm1+defaults	load	1.8381280899047852	1.8381280899047852	0	0.0
FULL	run2	ssm1+defaults	ttfx	13.342270167	13.342270167	0	0.0
FULL	run2	ssm1+defaults	infer(I=1)	0.078467	0.0824515	65221008	0.0
FULLT	run2	iid+defaults	load	1.8323171138763428	1.8323171138763428	0	0.0
FULLT	run2	iid+defaults	ttfx	8.582971375	8.582971375	0	0.0
FULLT	run2	iid+defaults	infer(I=10)	0.033161375	0.034276	35425168	0.0
FULLT	run2	iid+defaults	infer(I=20)	0.040802167	0.041736083	45526160	0.0
FULLT	run2	iid+defaults	per-iteration	0.0007640792	0.0007460082999999999	1.0100992e6	0.0
FULLT	run2	iid+defaults	setup (T(I) - I*per-iteration)	0.025520583	NaN	25324176	0.0
FULLTPC	run2	iid+defaults	load	2.13116192817688	2.13116192817688	0	0.0
FULLTPC	run2	iid+defaults	ttfx	2.230787	2.230787	0	0.0
FULLTPC	run2	iid+defaults	infer(I=10)	0.029734959	0.031050375	35427728	0.0
FULLTPC	run2	iid+defaults	infer(I=20)	0.035405416	0.037242583	45531280	0.0
FULLTPC	run2	iid+defaults	per-iteration	0.0005670457000000004	0.0006192208000000001	1.0103552e6	0.0
FULLTPC	run2	iid+defaults	setup (T(I) - I*per-iteration)	0.024064501999999995	NaN	25324176	0.0
v6	run2	iid+defaults	load	1.9954910278320312	1.9954910278320312	0	0.0
v6	run2	iid+defaults	ttfx	7.398998	7.398998	0	0.0
v6	run2	iid+defaults	infer(I=10)	0.024574708	0.025402375	28324016	0.0
v6	run2	iid+defaults	infer(I=20)	0.030849292	0.031993042	36194928	0.0
v6	run2	iid+defaults	per-iteration	0.0006274583999999999	0.0006590666999999998	787091.2	0.0
v6	run2	iid+defaults	setup (T(I) - I*per-iteration)	0.018300124	NaN	20453104	0.0
FULL	run2	iid+defaults	load	1.8373239040374756	1.8373239040374756	0	0.0
FULL	run2	iid+defaults	ttfx	8.3684745	8.3684745	0	0.0
FULL	run2	iid+defaults	infer(I=10)	0.034320792	0.035207584	39265552	0.0
FULL	run2	iid+defaults	infer(I=20)	0.042879208	0.043597333	53206544	0.0
FULL	run2	iid+defaults	per-iteration	0.0008558416	0.0008389749000000002	1.3940992e6	0.0
FULL	run2	iid+defaults	setup (T(I) - I*per-iteration)	0.025762376000000003	NaN	25324560	0.0
FULLT	run2	ssm1@100	load	1.8384499549865723	1.8384499549865723	0	0.0
FULLT	run2	ssm1@100	ttfx	12.90945225	12.90945225	0	0.0
FULLT	run2	ssm1@100	infer(I=1)	0.007736875	0.008066291	6430832	0.0
FULLTPC	run2	ssm1@100	load	2.1106979846954346	2.1106979846954346	0	0.0
FULLTPC	run2	ssm1@100	ttfx	5.954352208	5.954352208	0	0.0
FULLTPC	run2	ssm1@100	infer(I=1)	0.0070315	0.007518416	6443760	0.0
v6	run2	ssm1@100	load	1.9818499088287354	1.9818499088287354	0	0.0
v6	run2	ssm1@100	ttfx	8.968684666	8.968684666	0	0.0
v6	run2	ssm1@100	infer(I=1)	0.006125459	0.006143167	5841264	0.0
FULL	run2	ssm1@100	load	1.8356328010559082	1.8356328010559082	0	0.0
FULL	run2	ssm1@100	ttfx	12.875125083	12.875125083	0	0.0
FULL	run2	ssm1@100	infer(I=1)	0.007687375	0.007742334	6496624	0.0
FULLT	run2	ssm1@10000	load	1.85276198387146	1.85276198387146	0	0.0
FULLT	run2	ssm1@10000	ttfx	15.125393959	15.125393959	0	0.0
FULLT	run2	ssm1@10000	infer(I=1)	0.8925095	1.0301435	650226368	0.17411542663716267
FULLTPC	run2	ssm1@10000	load	2.1136398315429688	2.1136398315429688	0	0.0
FULLTPC	run2	ssm1@10000	ttfx	7.862899166	7.862899166	0	0.0
FULLTPC	run2	ssm1@10000	infer(I=1)	0.890603542	0.963833166	651506496	0.1349364750953175
v6	run2	ssm1@10000	load	1.9993200302124023	1.9993200302124023	0	0.0
v6	run2	ssm1@10000	ttfx	12.419558333	12.419558333	0	0.0
v6	run2	ssm1@10000	infer(I=1)	0.722162875	0.876610916	590470944	0.22641782046893882
FULL	run2	ssm1@10000	load	1.8577048778533936	1.8577048778533936	0	0.0
FULL	run2	ssm1@10000	ttfx	14.965144167	14.965144167	0	0.0
FULL	run2	ssm1@10000	infer(I=1)	0.915773666	1.033002625	656786560	0.16064592962675192
FULLT	run2	iid@100	load	1.8529720306396484	1.8529720306396484	0	0.0
FULLT	run2	iid@100	ttfx	8.63718825	8.63718825	0	0.0
FULLT	run2	iid@100	infer(I=10)	0.003806709	0.003832041	3544224	0.0
FULLT	run2	iid@100	infer(I=20)	0.004650834	0.004735208	4500576	0.0
FULLT	run2	iid@100	per-iteration	8.441250000000003e-5	9.031670000000003e-5	95635.2	0.0
FULLT	run2	iid@100	setup (T(I) - I*per-iteration)	0.002962584	NaN	2587872	0.0
FULLTPC	run2	iid@100	load	2.119442939758301	2.119442939758301	0	0.0
FULLTPC	run2	iid@100	ttfx	0.633599958	0.633599958	0	0.0
FULLTPC	run2	iid@100	infer(I=10)	0.003316417	0.003334583	3546784	0.0
FULLTPC	run2	iid@100	infer(I=20)	0.004033291	0.004059875	4505696	0.0
FULLTPC	run2	iid@100	per-iteration	7.168739999999997e-5	7.252920000000002e-5	95891.2	0.0
FULLTPC	run2	iid@100	setup (T(I) - I*per-iteration)	0.002599543	NaN	2587872	0.0
v6	run2	iid@100	load	2.004624843597412	2.004624843597412	0	0.0
v6	run2	iid@100	ttfx	7.416041583	7.416041583	0	0.0
v6	run2	iid@100	infer(I=10)	0.002938084	0.002963541	2849824	0.0
v6	run2	iid@100	infer(I=20)	0.003756833	0.003781625	3591136	0.0
v6	run2	iid@100	per-iteration	8.187489999999996e-5	8.180839999999997e-5	74131.2	0.0
v6	run2	iid@100	setup (T(I) - I*per-iteration)	0.0021193350000000004	NaN	2108512	0.0
FULL	run2	iid@100	load	1.8316619396209717	1.8316619396209717	0	0.0
FULL	run2	iid@100	ttfx	8.669606209	8.669606209	0	0.0
FULL	run2	iid@100	infer(I=10)	0.003909125	0.003946417	3928608	0.0
FULL	run2	iid@100	infer(I=20)	0.004875792	0.004898958	5268960	0.0
FULL	run2	iid@100	per-iteration	9.666670000000001e-5	9.525410000000003e-5	134035.2	0.0
FULL	run2	iid@100	setup (T(I) - I*per-iteration)	0.0029424580000000002	NaN	2588256	0.0
FULLT	run2	iid@10000	load	1.8478131294250488	1.8478131294250488	0	0.0
FULLT	run2	iid@10000	ttfx	9.339071625	9.339071625	0	0.0
FULLT	run2	iid@10000	infer(I=10)	0.365503625	0.399338417	343104272	0.0
FULLT	run2	iid@10000	infer(I=20)	0.510386167	0.519533291	437516624	0.0
FULLT	run2	iid@10000	per-iteration	0.014488254199999995	0.0120194874	9.4412352e6	0.0
FULLT	run2	iid@10000	setup (T(I) - I*per-iteration)	0.22062108300000005	NaN	248691920	0.0
FULLTPC	run2	iid@10000	load	2.124023914337158	2.124023914337158	0	0.0
FULLTPC	run2	iid@10000	ttfx	1.201142166	1.201142166	0	0.0
FULLTPC	run2	iid@10000	infer(I=10)	0.372535375	0.403731958	343106832	0.12264211444960718
FULLTPC	run2	iid@10000	infer(I=20)	0.487762292	0.611717875	437521744	0.16702216200677156
FULLTPC	run2	iid@10000	per-iteration	0.011522691699999999	0.020798591699999997	9.4414912e6	0.0
FULLTPC	run2	iid@10000	setup (T(I) - I*per-iteration)	0.257308458	NaN	248691920	0.0
v6	run2	iid@10000	load	2.0107829570770264	2.0107829570770264	0	0.0
v6	run2	iid@10000	ttfx	7.957414917	7.957414917	0	0.0
v6	run2	iid@10000	infer(I=10)	0.281923375	0.321197584	271946736	0.0
v6	run2	iid@10000	infer(I=20)	0.449943958	0.473100041	343968048	0.16649725151457517
v6	run2	iid@10000	per-iteration	0.0168020583	0.015190245700000004	7.2021312e6	0.0
v6	run2	iid@10000	setup (T(I) - I*per-iteration)	0.11390279199999997	NaN	199925424	0.0
FULL	run2	iid@10000	load	1.8594779968261719	1.8594779968261719	0	0.0
FULL	run2	iid@10000	ttfx	9.355750042	9.355750042	0	0.0
FULL	run2	iid@10000	infer(I=10)	0.388806709	0.424407958	381504656	0.0
FULL	run2	iid@10000	infer(I=20)	0.619197208	0.693190917	514317008	0.17097205160524562
FULL	run2	iid@10000	per-iteration	0.023039049900000004	0.026878295900000005	1.32812352e7	0.0
FULL	run2	iid@10000	setup (T(I) - I*per-iteration)	0.15841620999999995	NaN	248692304	0.0
FULLT	run2	iid@100000	load	1.8518891334533691	1.8518891334533691	0	0.0
FULLT	run2	iid@100000	ttfx	16.7291965	16.7291965	0	0.0
FULLT	run2	iid@100000	infer(I=10)	5.467995125	5.827943	3430358160	0.14194861323559937
FULLT	run2	iid@100000	infer(I=20)	7.425990584	8.602345209	4374370512	0.21011580537509442
FULLT	run2	iid@100000	per-iteration	0.1957995459	0.27744022089999987	9.44012352e7	0.0
FULLT	run2	iid@100000	setup (T(I) - I*per-iteration)	3.5099996659999997	NaN	2486345808	0.0
FULLTPC	run2	iid@100000	load	2.526008129119873	2.526008129119873	0	0.0
FULLTPC	run2	iid@100000	ttfx	8.523981916	8.523981916	0	0.0
FULLTPC	run2	iid@100000	infer(I=10)	5.419240791	6.058373042	3430360720	0.25909098418307663
FULLTPC	run2	iid@100000	infer(I=20)	7.864037333	8.642768416	4374375632	0.2921877295120883
FULLTPC	run2	iid@100000	per-iteration	0.24447965419999998	0.25843953739999986	9.44014912e7	0.0
FULLTPC	run2	iid@100000	setup (T(I) - I*per-iteration)	2.9744442490000003	NaN	2486345808	0.0
v6	run2	iid@100000	load	2.3481149673461914	2.3481149673461914	0	0.0
v6	run2	iid@100000	ttfx	14.572939083	14.572939083	0	0.0
v6	run2	iid@100000	infer(I=10)	5.315449708	5.782791375	2719195264	0.16861436005029662
v6	run2	iid@100000	infer(I=20)	7.59410025	9.06748375	3437643712	0.19857328114869796
v6	run2	iid@100000	per-iteration	0.22786505420000003	0.3284692374999999	7.18448448e7	0.0
v6	run2	iid@100000	setup (T(I) - I*per-iteration)	3.0367991659999998	NaN	2000746816	0.0
FULL	run2	iid@100000	load	2.0144269466400146	2.0144269466400146	0	0.0
FULL	run2	iid@100000	ttfx	17.934666875	17.934666875	0	0.0
FULL	run2	iid@100000	infer(I=10)	5.877577917	6.550760542	3814358544	0.24237095415416576
FULL	run2	iid@100000	infer(I=20)	9.028948417	10.343553166	5142370896	0.2836704336437544
FULL	run2	iid@100000	per-iteration	0.31513705000000003	0.3792792624	1.328012352e8	0.0
FULL	run2	iid@100000	setup (T(I) - I*per-iteration)	2.7262074169999995	NaN	2486346192	0.0
FULLT	run2	betabern@50000	load	2.190437078475952	2.190437078475952	0	0.0
FULLT	run2	betabern@50000	ttfx	9.390054625	9.390054625	0	0.0
FULLT	run2	betabern@50000	infer(I=1)	1.15736575	1.227002875	878235072	0.0
FULLTPC	run2	betabern@50000	load	2.185091018676758	2.185091018676758	0	0.0
FULLTPC	run2	betabern@50000	ttfx	2.050782542	2.050782542	0	0.0
FULLTPC	run2	betabern@50000	infer(I=1)	1.102216875	1.384799375	878235200	0.18866018046838012
v6	run2	betabern@50000	load	2.072746992111206	2.072746992111206	0	0.0
v6	run2	betabern@50000	ttfx	8.254276666	8.254276666	0	0.0
v6	run2	betabern@50000	infer(I=1)	0.897701708	0.950443125	718824448	0.0
FULL	run2	betabern@50000	load	1.8560450077056885	1.8560450077056885	0	0.0
FULL	run2	betabern@50000	ttfx	9.583892917	9.583892917	0	0.0
FULL	run2	betabern@50000	infer(I=1)	1.162780458	1.23490025	886235264	0.0
FULLTPC	run3	ssm1	load	2.124495029449463	2.124495029449463	0	0.0
FULLTPC	run3	ssm1	ttfx	6.579217125	6.579217125	0	0.0
FULLTPC	run3	ssm1	infer(I=1)	0.072889416	0.076478708	64041376	0.0
v6	run3	ssm1	load	1.99851393699646	1.99851393699646	0	0.0
v6	run3	ssm1	ttfx	11.397471291	11.397471291	0	0.0
v6	run3	ssm1	infer(I=1)	0.059434542	0.063938334	58015632	0.0
FULL	run3	ssm1	load	1.838792085647583	1.838792085647583	0	0.0
FULL	run3	ssm1	ttfx	13.716288583	13.716288583	0	0.0
FULL	run3	ssm1	infer(I=1)	0.07889425	0.080263125	64569440	0.0
FULLT	run3	ssm1	load	1.831653118133545	1.831653118133545	0	0.0
FULLT	run3	ssm1	ttfx	13.612060709	13.612060709	0	0.0
FULLT	run3	ssm1	infer(I=1)	0.078124042	0.080443542	63913248	0.0
FULLTPC	run3	ssm2	load	2.138195037841797	2.138195037841797	0	0.0
FULLTPC	run3	ssm2	ttfx	11.1936915	11.1936915	0	0.0
FULLTPC	run3	ssm2	infer(I=1)	0.126825667	0.138286334	105202256	0.0
v6	run3	ssm2	load	1.9910099506378174	1.9910099506378174	0	0.0
v6	run3	ssm2	ttfx	13.243574333	13.243574333	0	0.0
v6	run3	ssm2	infer(I=1)	0.109567167	0.116358666	93951744	0.0
FULL	run3	ssm2	load	1.820094108581543	1.820094108581543	0	0.0
FULL	run3	ssm2	ttfx	16.586883292	16.586883292	0	0.0
FULL	run3	ssm2	infer(I=1)	0.134912333	0.141853959	106418672	0.0
FULLT	run3	ssm2	load	1.8289399147033691	1.8289399147033691	0	0.0
FULLT	run3	ssm2	ttfx	16.707653208	16.707653208	0	0.0
FULLT	run3	ssm2	infer(I=1)	0.132881542	0.140984	105202256	0.0
FULLTPC	run3	iid	load	2.121256113052368	2.121256113052368	0	0.0
FULLTPC	run3	iid	ttfx	0.686768292	0.686768292	0	0.0
FULLTPC	run3	iid	infer(I=10)	0.0294695	0.030232917	34617952	0.0
FULLTPC	run3	iid	infer(I=20)	0.035129458	0.036812041	44072864	0.0
FULLTPC	run3	iid	per-iteration	0.0005659958000000003	0.0006579123999999996	945491.2	0.0
FULLTPC	run3	iid	setup (T(I) - I*per-iteration)	0.023809541999999996	NaN	25163040	0.0
v6	run3	iid	load	1.9779598712921143	1.9779598712921143	0	0.0
v6	run3	iid	ttfx	7.486031542	7.486031542	0	0.0
v6	run3	iid	infer(I=10)	0.024529125	0.025022791	27513424	0.0
v6	run3	iid	infer(I=20)	0.030782166	0.031362208	34734736	0.0
v6	run3	iid	per-iteration	0.0006253041000000001	0.0006339417000000003	722131.2	0.0
v6	run3	iid	setup (T(I) - I*per-iteration)	0.018276083999999998	NaN	20292112	0.0
FULL	run3	iid	load	1.8185648918151855	1.8185648918151855	0	0.0
FULL	run3	iid	ttfx	8.738599666	8.738599666	0	0.0
FULL	run3	iid	infer(I=10)	0.03363975	0.034287833	38455776	0.0
FULL	run3	iid	infer(I=20)	0.041358667	0.043036916	51748128	0.0
FULL	run3	iid	per-iteration	0.0007718916999999998	0.0008749083000000005	1.3292352e6	0.0
FULL	run3	iid	setup (T(I) - I*per-iteration)	0.025920833000000004	NaN	25163424	0.0
FULLT	run3	iid	load	1.8343429565429688	1.8343429565429688	0	0.0
FULLT	run3	iid	ttfx	8.840429208	8.840429208	0	0.0
FULLT	run3	iid	infer(I=10)	0.032886583	0.033701875	34615392	0.0
FULLT	run3	iid	infer(I=20)	0.040318667	0.041220708	44067744	0.0
FULLT	run3	iid	per-iteration	0.0007432084000000005	0.0007518833000000003	945235.2	0.0
FULLT	run3	iid	setup (T(I) - I*per-iteration)	0.02545449899999999	NaN	25163040	0.0
FULLTPC	run3	betabern	load	2.1067750453948975	2.1067750453948975	0	0.0
FULLTPC	run3	betabern	ttfx	0.531762375	0.531762375	0	0.0
FULLTPC	run3	betabern	infer(I=1)	0.095770667	0.100888375	87511616	0.0
v6	run3	betabern	load	1.9805290699005127	1.9805290699005127	0	0.0
v6	run3	betabern	ttfx	6.687510292	6.687510292	0	0.0
v6	run3	betabern	infer(I=1)	0.071772291	0.077411584	71656128	0.0
FULL	run3	betabern	load	1.826491117477417	1.826491117477417	0	0.0
FULL	run3	betabern	ttfx	7.826902375	7.826902375	0	0.0
FULL	run3	betabern	infer(I=1)	0.102513375	0.106616625	88311680	0.0
FULLT	run3	betabern	load	1.8592050075531006	1.8592050075531006	0	0.0
FULLT	run3	betabern	ttfx	7.828995917	7.828995917	0	0.0
FULLT	run3	betabern	infer(I=1)	0.102003083	0.107090166	87511488	0.0
FULLTPC	run3	nl	load	2.1188690662384033	2.1188690662384033	0	0.0
FULLTPC	run3	nl	ttfx	9.914390708	9.914390708	0	0.0
FULLTPC	run3	nl	infer(I=5)	0.043662417	0.044121416	37926352	0.0
FULLTPC	run3	nl	infer(I=10)	0.053149625	0.053639625	47054576	0.0
FULLTPC	run3	nl	per-iteration	0.0018974415999999995	0.0019036418000000013	1.8256448e6	0.0
FULLTPC	run3	nl	setup (T(I) - I*per-iteration)	0.034175209000000005	NaN	28798128	0.0
v6	run3	nl	load	1.9949569702148438	1.9949569702148438	0	0.0
v6	run3	nl	ttfx	12.650780875	12.650780875	0	0.0
v6	run3	nl	infer(I=5)	0.043514583	0.045578792	37953872	0.0
v6	run3	nl	infer(I=10)	0.061805375	0.064181209	50584816	0.0
v6	run3	nl	per-iteration	0.0036581584	0.0037204834000000007	2.5261888e6	0.0
v6	run3	nl	setup (T(I) - I*per-iteration)	0.025223791000000002	NaN	25322928	0.0
FULL	run3	nl	load	1.8401927947998047	1.8401927947998047	0	0.0
FULL	run3	nl	ttfx	17.051497292	17.051497292	0	0.0
FULL	run3	nl	infer(I=5)	0.048309834	0.049909292	39711760	0.0
FULL	run3	nl	infer(I=10)	0.06047475	0.063379458	50543024	0.0
FULL	run3	nl	per-iteration	0.0024329831999999997	0.0026940332	2.1662528e6	0.0
FULL	run3	nl	setup (T(I) - I*per-iteration)	0.036144918000000005	NaN	28880496	0.0
FULLT	run3	nl	load	1.8391380310058594	1.8391380310058594	0	0.0
FULLT	run3	nl	ttfx	16.923429667	16.923429667	0	0.0
FULLT	run3	nl	infer(I=5)	0.047466125	0.047883333	37926352	0.0
FULLT	run3	nl	infer(I=10)	0.058387416	0.059003792	47054576	0.0
FULLT	run3	nl	per-iteration	0.0021842581999999998	0.0022240918	1.8256448e6	0.0
FULLT	run3	nl	setup (T(I) - I*per-iteration)	0.036544834	NaN	28798128	0.0
FULLTPC	run3	hmm	load	2.1258180141448975	2.1258180141448975	0	0.0
FULLTPC	run3	hmm	ttfx	12.515366083	12.515366083	0	0.0
FULLTPC	run3	hmm	infer(I=10)	0.050434208	0.050906209	54634832	0.0
FULLTPC	run3	hmm	infer(I=20)	0.079084041	0.080607834	88272912	0.0
FULLTPC	run3	hmm	per-iteration	0.0028649832999999994	0.0029701625000000003	3.363808e6	0.0
FULLTPC	run3	hmm	setup (T(I) - I*per-iteration)	0.02178437500000001	NaN	20996752	0.0
v6	run3	hmm	load	1.9790360927581787	1.9790360927581787	0	0.0
v6	run3	hmm	ttfx	13.974084	13.974084	0	0.0
v6	run3	hmm	infer(I=10)	0.045568	0.046327834	44647632	0.0
v6	run3	hmm	infer(I=20)	0.076717292	0.077675625	71723952	0.0
v6	run3	hmm	per-iteration	0.0031149292000000007	0.0031347791	2.707632e6	0.0
v6	run3	hmm	setup (T(I) - I*per-iteration)	0.014418707999999992	NaN	17571312	0.0
FULL	run3	hmm	load	1.8212149143218994	1.8212149143218994	0	0.0
FULL	run3	hmm	ttfx	17.405620459	17.405620459	0	0.0
FULL	run3	hmm	infer(I=10)	0.054150958	0.054683	58765600	0.0
FULL	run3	hmm	infer(I=20)	0.084972791	0.08656425	96531680	0.0
FULL	run3	hmm	per-iteration	0.0030821833000000006	0.003188124999999999	3.776608e6	0.0
FULL	run3	hmm	setup (T(I) - I*per-iteration)	0.02332912499999999	NaN	20999520	0.0
FULLT	run3	hmm	load	1.8294169902801514	1.8294169902801514	0	0.0
FULLT	run3	hmm	ttfx	17.674181083	17.674181083	0	0.0
FULLT	run3	hmm	infer(I=10)	0.049500209	0.051263125	54636736	0.0
FULLT	run3	hmm	infer(I=20)	0.079084125	0.08118925	88274816	0.0
FULLT	run3	hmm	per-iteration	0.0029583916	0.0029926125000000006	3.363808e6	0.0
FULLT	run3	hmm	setup (T(I) - I*per-iteration)	0.019916293000000005	NaN	20998656	0.0
FULLTPC	run3	gmm	load	2.127709150314331	2.127709150314331	0	0.0
FULLTPC	run3	gmm	ttfx	5.477124625	5.477124625	0	0.0
FULLTPC	run3	gmm	infer(I=10)	0.066702375	0.069989125	64302688	0.0
FULLTPC	run3	gmm	infer(I=20)	0.092039459	0.0930535	83816128	0.0
FULLTPC	run3	gmm	per-iteration	0.002533708400000001	0.0023064375	1.951344e6	0.0
FULLTPC	run3	gmm	setup (T(I) - I*per-iteration)	0.041365290999999985	NaN	44789248	0.0
v6	run3	gmm	load	1.9876139163970947	1.9876139163970947	0	0.0
v6	run3	gmm	ttfx	10.487688458	10.487688458	0	0.0
v6	run3	gmm	infer(I=10)	0.051535542	0.052952334	51979552	0.0
v6	run3	gmm	infer(I=20)	0.081860458	0.083398584	71030112	0.0
v6	run3	gmm	per-iteration	0.0030324916	0.003044625	1.905056e6	0.0
v6	run3	gmm	setup (T(I) - I*per-iteration)	0.021210625999999996	NaN	32928992	0.0
FULL	run3	gmm	load	1.8354930877685547	1.8354930877685547	0	0.0
FULL	run3	gmm	ttfx	13.674243708	13.674243708	0	0.0
FULL	run3	gmm	infer(I=10)	0.07376225	0.075991083	73895376	0.0
FULL	run3	gmm	infer(I=20)	0.100318583	0.104372959	103004976	0.0
FULL	run3	gmm	per-iteration	0.0026556333000000002	0.0028381876	2.91096e6	0.0
FULL	run3	gmm	setup (T(I) - I*per-iteration)	0.047205917	NaN	44785776	0.0
FULLT	run3	gmm	load	1.8498990535736084	1.8498990535736084	0	0.0
FULLT	run3	gmm	ttfx	13.6237665	13.6237665	0	0.0
FULLT	run3	gmm	infer(I=10)	0.07107675	0.0718905	64299120	0.0
FULLT	run3	gmm	infer(I=20)	0.093989042	0.097013625	83808720	0.0
FULLT	run3	gmm	per-iteration	0.0022912292	0.002512312500000001	1.95096e6	0.0
FULLT	run3	gmm	setup (T(I) - I*per-iteration)	0.04816445799999999	NaN	44789520	0.0
FULLTPC	run3	linreg	load	2.1341898441314697	2.1341898441314697	0	0.0
FULLTPC	run3	linreg	ttfx	7.977599542	7.977599542	0	0.0
FULLTPC	run3	linreg	infer(I=10)	0.17758775	0.1935795	144350224	0.0
FULLTPC	run3	linreg	infer(I=20)	0.257910458	0.28553025	201962256	0.0
FULLTPC	run3	linreg	per-iteration	0.008032270800000001	0.009195075	5.7612032e6	0.0
FULLTPC	run3	linreg	setup (T(I) - I*per-iteration)	0.09726504199999997	NaN	86738192	0.0
FULL	run3	linreg	load	1.840528964996338	1.840528964996338	0	0.0
FULL	run3	linreg	ttfx	14.722648833	14.722648833	0	0.0
FULL	run3	linreg	infer(I=10)	0.200314708	0.211121625	158590800	0.0
FULL	run3	linreg	infer(I=20)	0.289830625	0.319789334	230442832	0.0
FULL	run3	linreg	per-iteration	0.0089515917	0.010866770899999998	7.1852032e6	0.0
FULL	run3	linreg	setup (T(I) - I*per-iteration)	0.11079879100000001	NaN	86738768	0.0
FULLT	run3	linreg	load	1.8277168273925781	1.8277168273925781	0	0.0
FULLT	run3	linreg	ttfx	14.824500083	14.824500083	0	0.0
FULLT	run3	linreg	infer(I=10)	0.185164833	0.202861458	144350224	0.0
FULLT	run3	linreg	infer(I=20)	0.263199209	0.293983208	201962256	0.0
FULLT	run3	linreg	per-iteration	0.007803437599999999	0.009112175	5.7612032e6	0.0
FULLT	run3	linreg	setup (T(I) - I*per-iteration)	0.10713045700000001	NaN	86738192	0.0
FULLTPC	run3	filter	load	2.115920066833496	2.115920066833496	0	0.0
FULLTPC	run3	filter	ttfx	2.568742084	2.568742084	0	0.0
FULLTPC	run3	filter	infer(I=1)	0.004355667	0.004432416	4289200	0.0
v6	run3	filter	load	1.9830689430236816	1.9830689430236816	0	0.0
v6	run3	filter	ttfx	7.338993125	7.338993125	0	0.0
v6	run3	filter	infer(I=1)	0.009001042	0.009080708	4927296	0.0
FULL	run3	filter	load	1.820425033569336	1.820425033569336	0	0.0
FULL	run3	filter	ttfx	9.42725625	9.42725625	0	0.0
FULL	run3	filter	infer(I=1)	0.005379666	0.005563709	4881200	0.0
FULLT	run3	filter	load	1.8274810314178467	1.8274810314178467	0	0.0
FULLT	run3	filter	ttfx	9.5353495	9.5353495	0	0.0
FULLT	run3	filter	infer(I=1)	0.005318042	0.005377542	4033200	0.0
FULLTPC	run3	ssm1+defaults	load	2.114780902862549	2.114780902862549	0	0.0
FULLTPC	run3	ssm1+defaults	ttfx	6.924943083	6.924943083	0	0.0
FULLTPC	run3	ssm1+defaults	infer(I=1)	0.073916334	0.078130042	64692944	0.0
v6	run3	ssm1+defaults	load	1.9762539863586426	1.9762539863586426	0	0.0
v6	run3	ssm1+defaults	ttfx	11.298778084	11.298778084	0	0.0
v6	run3	ssm1+defaults	infer(I=1)	0.06191675	0.065180666	58667136	0.0
FULL	run3	ssm1+defaults	load	1.815680980682373	1.815680980682373	0	0.0
FULL	run3	ssm1+defaults	ttfx	13.377536083	13.377536083	0	0.0
FULL	run3	ssm1+defaults	infer(I=1)	0.078138209	0.082875916	65221008	0.0
FULLT	run3	ssm1+defaults	load	1.8575780391693115	1.8575780391693115	0	0.0
FULLT	run3	ssm1+defaults	ttfx	13.355501833	13.355501833	0	0.0
FULLT	run3	ssm1+defaults	infer(I=1)	0.077651792	0.082127042	64564816	0.0
FULLTPC	run3	iid+defaults	load	2.121742010116577	2.121742010116577	0	0.0
FULLTPC	run3	iid+defaults	ttfx	2.214855042	2.214855042	0	0.0
FULLTPC	run3	iid+defaults	infer(I=10)	0.030139834	0.031074625	35427728	0.0
FULLTPC	run3	iid+defaults	infer(I=20)	0.03533475	0.03762375	45531280	0.0
FULLTPC	run3	iid+defaults	per-iteration	0.0005194915999999997	0.0006549124999999996	1.0103552e6	0.0
FULLTPC	run3	iid+defaults	setup (T(I) - I*per-iteration)	0.024944918000000003	NaN	25324176	0.0
v6	run3	iid+defaults	load	1.984755039215088	1.984755039215088	0	0.0
v6	run3	iid+defaults	ttfx	7.461954583	7.461954583	0	0.0
v6	run3	iid+defaults	infer(I=10)	0.024430625	0.025398917	28324016	0.0
v6	run3	iid+defaults	infer(I=20)	0.03147625	0.032198542	36194928	0.0
v6	run3	iid+defaults	per-iteration	0.0007045624999999997	0.0006799624999999996	787091.2	0.0
v6	run3	iid+defaults	setup (T(I) - I*per-iteration)	0.017385000000000005	NaN	20453104	0.0
FULL	run3	iid+defaults	load	1.8404490947723389	1.8404490947723389	0	0.0
FULL	run3	iid+defaults	ttfx	8.427604541	8.427604541	0	0.0
FULL	run3	iid+defaults	infer(I=10)	0.035600292	0.036015291	39265552	0.0
FULL	run3	iid+defaults	infer(I=20)	0.043991541	0.044676917	53206544	0.0
FULL	run3	iid+defaults	per-iteration	0.0008391249000000003	0.0008661625999999998	1.3940992e6	0.0
FULL	run3	iid+defaults	setup (T(I) - I*per-iteration)	0.027209042999999995	NaN	25324560	0.0
FULLT	run3	iid+defaults	load	1.8318848609924316	1.8318848609924316	0	0.0
FULLT	run3	iid+defaults	ttfx	8.494577792	8.494577792	0	0.0
FULLT	run3	iid+defaults	infer(I=10)	0.033122834	0.033905125	35425168	0.0
FULLT	run3	iid+defaults	infer(I=20)	0.040024959	0.041796333	45526160	0.0
FULLT	run3	iid+defaults	per-iteration	0.0006902125000000002	0.0007891207999999997	1.0100992e6	0.0
FULLT	run3	iid+defaults	setup (T(I) - I*per-iteration)	0.026220708999999995	NaN	25324176	0.0
FULLTPC	run3	ssm1@100	load	2.116041898727417	2.116041898727417	0	0.0
FULLTPC	run3	ssm1@100	ttfx	5.95192425	5.95192425	0	0.0
FULLTPC	run3	ssm1@100	infer(I=1)	0.007096958	0.007254458	6443760	0.0
v6	run3	ssm1@100	load	1.9769680500030518	1.9769680500030518	0	0.0
v6	run3	ssm1@100	ttfx	9.05843825	9.05843825	0	0.0
v6	run3	ssm1@100	infer(I=1)	0.006022792	0.006084542	5841264	0.0
FULL	run3	ssm1@100	load	1.844909906387329	1.844909906387329	0	0.0
FULL	run3	ssm1@100	ttfx	12.993402125	12.993402125	0	0.0
FULL	run3	ssm1@100	infer(I=1)	0.007693583	0.007769083	6496624	0.0
FULLT	run3	ssm1@100	load	1.8462560176849365	1.8462560176849365	0	0.0
FULLT	run3	ssm1@100	ttfx	12.941619084	12.941619084	0	0.0
FULLT	run3	ssm1@100	infer(I=1)	0.007650416	0.007700167	6430832	0.0
FULLTPC	run3	ssm1@10000	load	2.1216630935668945	2.1216630935668945	0	0.0
FULLTPC	run3	ssm1@10000	ttfx	7.974417292	7.974417292	0	0.0
FULLTPC	run3	ssm1@10000	infer(I=1)	0.879186417	0.983404625	651506496	0.13508613811939313
v6	run3	ssm1@10000	load	1.9874789714813232	1.9874789714813232	0	0.0
v6	run3	ssm1@10000	ttfx	12.619150959	12.619150959	0	0.0
v6	run3	ssm1@10000	infer(I=1)	0.745598875	0.992741209	590470944	0.24681820772047483
FULL	run3	ssm1@10000	load	1.8342509269714355	1.8342509269714355	0	0.0
FULL	run3	ssm1@10000	ttfx	15.360309	15.360309	0	0.0
FULL	run3	ssm1@10000	infer(I=1)	0.91491175	1.0905215	656786560	0.1838358931045227
FULLT	run3	ssm1@10000	load	1.8377399444580078	1.8377399444580078	0	0.0
FULLT	run3	ssm1@10000	ttfx	15.165920916	15.165920916	0	0.0
FULLT	run3	ssm1@10000	infer(I=1)	0.9232255	1.043709333	650226368	0.1746781036018579
FULLTPC	run3	iid@100	load	2.109805107116699	2.109805107116699	0	0.0
FULLTPC	run3	iid@100	ttfx	0.629892333	0.629892333	0	0.0
FULLTPC	run3	iid@100	infer(I=10)	0.003327292	0.003373791	3546784	0.0
FULLTPC	run3	iid@100	infer(I=20)	0.004058792	0.004103708	4505696	0.0
FULLTPC	run3	iid@100	per-iteration	7.315000000000004e-5	7.29917e-5	95891.2	0.0
FULLTPC	run3	iid@100	setup (T(I) - I*per-iteration)	0.0025957919999999995	NaN	2587872	0.0
v6	run3	iid@100	load	1.9740569591522217	1.9740569591522217	0	0.0
v6	run3	iid@100	ttfx	7.383249084	7.383249084	0	0.0
v6	run3	iid@100	infer(I=10)	0.00306375	0.00312	2849824	0.0
v6	run3	iid@100	infer(I=20)	0.003885042	0.003984625	3591136	0.0
v6	run3	iid@100	per-iteration	8.21292e-5	8.646250000000003e-5	74131.2	0.0
v6	run3	iid@100	setup (T(I) - I*per-iteration)	0.002242458	NaN	2108512	0.0
FULL	run3	iid@100	load	1.8404479026794434	1.8404479026794434	0	0.0
FULL	run3	iid@100	ttfx	8.697748459	8.697748459	0	0.0
FULL	run3	iid@100	infer(I=10)	0.003828833	0.003883167	3928608	0.0
FULL	run3	iid@100	infer(I=20)	0.004844292	0.004879042	5268960	0.0
FULL	run3	iid@100	per-iteration	0.00010154590000000003	9.958750000000003e-5	134035.2	0.0
FULL	run3	iid@100	setup (T(I) - I*per-iteration)	0.0028133739999999996	NaN	2588256	0.0
FULLT	run3	iid@100	load	1.8442039489746094	1.8442039489746094	0	0.0
FULLT	run3	iid@100	ttfx	8.759916125	8.759916125	0	0.0
FULLT	run3	iid@100	infer(I=10)	0.003662375	0.003712958	3544224	0.0
FULLT	run3	iid@100	infer(I=20)	0.004461833	0.004535583	4500576	0.0
FULLT	run3	iid@100	per-iteration	7.994580000000002e-5	8.22625e-5	95635.2	0.0
FULLT	run3	iid@100	setup (T(I) - I*per-iteration)	0.0028629169999999995	NaN	2587872	0.0
FULLTPC	run3	iid@10000	load	2.1312389373779297	2.1312389373779297	0	0.0
FULLTPC	run3	iid@10000	ttfx	1.195013458	1.195013458	0	0.0
FULLTPC	run3	iid@10000	infer(I=10)	0.376565459	0.404556375	343106832	0.12365458336925231
FULLTPC	run3	iid@10000	infer(I=20)	0.494331541	0.609835375	437521744	0.1902282521199851
FULLTPC	run3	iid@10000	per-iteration	0.0117766082	0.020527899999999995	9.4414912e6	0.0
FULLTPC	run3	iid@10000	setup (T(I) - I*per-iteration)	0.258799377	NaN	248691920	0.0
v6	run3	iid@10000	load	1.9813041687011719	1.9813041687011719	0	0.0
v6	run3	iid@10000	ttfx	7.986537166	7.986537166	0	0.0
v6	run3	iid@10000	infer(I=10)	0.281172375	0.325513125	271946736	0.0
v6	run3	iid@10000	infer(I=20)	0.453299916	0.486998875	343968048	0.17476433817206924
v6	run3	iid@10000	per-iteration	0.017212754100000005	0.016148575	7.2021312e6	0.0
v6	run3	iid@10000	setup (T(I) - I*per-iteration)	0.10904483399999992	NaN	199925424	0.0
FULL	run3	iid@10000	load	1.818939208984375	1.818939208984375	0	0.0
FULL	run3	iid@10000	ttfx	9.439279541	9.439279541	0	0.0
FULL	run3	iid@10000	infer(I=10)	0.390172083	0.429721	381504656	0.0
FULL	run3	iid@10000	infer(I=20)	0.634251709	0.691386583	514317008	0.1731025865958921
FULL	run3	iid@10000	per-iteration	0.024407962600000006	0.026166558299999997	1.32812352e7	0.0
FULL	run3	iid@10000	setup (T(I) - I*per-iteration)	0.14609245699999995	NaN	248692304	0.0
FULLT	run3	iid@10000	load	1.8451578617095947	1.8451578617095947	0	0.0
FULLT	run3	iid@10000	ttfx	9.439022583	9.439022583	0	0.0
FULLT	run3	iid@10000	infer(I=10)	0.367191417	0.400750584	343104272	0.0
FULLT	run3	iid@10000	infer(I=20)	0.509132583	0.527235041	437516624	0.0
FULLT	run3	iid@10000	per-iteration	0.014194116599999996	0.012648445699999993	9.4412352e6	0.0
FULLT	run3	iid@10000	setup (T(I) - I*per-iteration)	0.22525025100000007	NaN	248691920	0.0
FULLTPC	run3	iid@100000	load	2.1313958168029785	2.1313958168029785	0	0.0
FULLTPC	run3	iid@100000	ttfx	8.553944166	8.553944166	0	0.0
FULLTPC	run3	iid@100000	infer(I=10)	5.513842834	6.080632125	3430360720	0.26546488223870307
FULLTPC	run3	iid@100000	infer(I=20)	7.174828333	8.392211208	4374375632	0.213299846014266
FULLTPC	run3	iid@100000	per-iteration	0.16609854989999998	0.23115790830000008	9.44014912e7	0.0
FULLTPC	run3	iid@100000	setup (T(I) - I*per-iteration)	3.8528573350000004	NaN	2486345808	0.0
v6	run3	iid@100000	load	2.34968900680542	2.34968900680542	0	0.0
v6	run3	iid@100000	ttfx	14.719147125	14.719147125	0	0.0
v6	run3	iid@100000	infer(I=10)	5.289638542	5.703483916	2723127424	0.16980487527686755
v6	run3	iid@100000	infer(I=20)	7.433274083	9.014094958	3437643712	0.1999612976564341
v6	run3	iid@100000	per-iteration	0.21436355410000002	0.33106110419999996	7.14516288e7	0.0
v6	run3	iid@100000	setup (T(I) - I*per-iteration)	3.1460030009999995	NaN	2008611136	0.0
FULL	run3	iid@100000	load	2.204848051071167	2.204848051071167	0	0.0
FULL	run3	iid@100000	ttfx	17.898099208	17.898099208	0	0.0
FULL	run3	iid@100000	infer(I=10)	5.894643708	6.522845667	3814358544	0.24695466547044387
FULL	run3	iid@100000	infer(I=20)	8.993155916	9.992473583	5142370896	0.2751953441916845
FULL	run3	iid@100000	per-iteration	0.3098512207999999	0.34696279160000004	1.328012352e8	0.0
FULL	run3	iid@100000	setup (T(I) - I*per-iteration)	2.7961315000000013	NaN	2486346192	0.0
FULLT	run3	iid@100000	load	2.282819986343384	2.282819986343384	0	0.0
FULLT	run3	iid@100000	ttfx	16.565461125	16.565461125	0	0.0
FULLT	run3	iid@100000	infer(I=10)	5.362188708	5.849863959	3430358160	0.1364820023792009
FULLT	run3	iid@100000	infer(I=20)	7.405957583	8.58199475	4374370512	0.21404497771336903
FULLT	run3	iid@100000	per-iteration	0.20437688750000005	0.2732130790999999	9.44012352e7	0.0
FULLT	run3	iid@100000	setup (T(I) - I*per-iteration)	3.318419832999999	NaN	2486345808	0.0
FULLTPC	run3	betabern@50000	load	2.5911059379577637	2.5911059379577637	0	0.0
FULLTPC	run3	betabern@50000	ttfx	2.039580083	2.039580083	0	0.0
FULLTPC	run3	betabern@50000	infer(I=1)	1.104353583	1.17865425	878235200	0.0
v6	run3	betabern@50000	load	2.0852460861206055	2.0852460861206055	0	0.0
v6	run3	betabern@50000	ttfx	8.321706375	8.321706375	0	0.0
v6	run3	betabern@50000	infer(I=1)	0.899108875	0.954589208	718824448	0.0
FULL	run3	betabern@50000	load	1.9048781394958496	1.9048781394958496	0	0.0
FULL	run3	betabern@50000	ttfx	9.565112584	9.565112584	0	0.0
FULL	run3	betabern@50000	infer(I=1)	1.156732584	1.223366042	886235264	0.0
FULLT	run3	betabern@50000	load	1.8702850341796875	1.8702850341796875	0	0.0
FULLT	run3	betabern@50000	ttfx	9.596834709	9.596834709	0	0.0
FULLT	run3	betabern@50000	infer(I=1)	1.151312542	1.240552625	878235072	0.0
