A	run1	map/direct  NMV->out m[μ]::NMV m[v]::PM (BP)	872.6	887.0	15	752
A	run1	map/barrier NMV->out m[μ]::NMV m[v]::PM (BP)	894.3	932.9	16	784
A	run1	map/callbacks=(;) NMV->out m[μ]::NMV m[v]::PM (BP)	1616.7	1733.3	16	800
A	run1	resolve/barrier NMV->out m[μ]::NMV m[v]::PM (BP)	25.9	26.4	2	160
A	run1	exec/execute_rule NMV->out m[μ]::NMV m[v]::PM (BP)	49.8	51.8	4	240
A	run1	deferred/barrier NMV->out m[μ]::NMV m[v]::PM (BP)	906.0	924.2	16	784
A	run1	map/direct  NMP->μ q[out]::PM q[τ]::Gamma (VMP)	1041.6	1091.7	17	880
A	run1	map/barrier NMP->μ q[out]::PM q[τ]::Gamma (VMP)	1062.5	1116.7	18	912
A	run1	map/callbacks=(;) NMP->μ q[out]::PM q[τ]::Gamma (VMP)	1883.3	1916.7	18	928
A	run1	resolve/barrier NMP->μ q[out]::PM q[τ]::Gamma (VMP)	25.5	26.6	2	160
A	run1	exec/execute_rule NMP->μ q[out]::PM q[τ]::Gamma (VMP)	48.9	51.9	4	240
A	run1	deferred/barrier NMP->μ q[out]::PM q[τ]::Gamma (VMP)	1104.2	1137.5	18	912
A	run1	map/direct  NMP->τ q[out]::PM q[μ]::NMV (VMP)	1079.2	1112.5	17	880
A	run1	map/barrier NMP->τ q[out]::PM q[μ]::NMV (VMP)	1091.7	1133.3	18	912
A	run1	map/callbacks=(;) NMP->τ q[out]::PM q[μ]::NMV (VMP)	1883.3	1916.7	18	928
A	run1	resolve/barrier NMP->τ q[out]::PM q[μ]::NMV (VMP)	26.4	26.9	2	160
A	run1	exec/execute_rule NMP->τ q[out]::PM q[μ]::NMV (VMP)	50.3	52.9	4	240
A	run1	deferred/barrier NMP->τ q[out]::PM q[μ]::NMV (VMP)	1070.8	1133.3	18	912
A	run1	map/direct  MvNMC->out m[μ]::MvNMC(3) m[Σ]::PM (BP)	902.8	941.5	17	896
A	run1	map/barrier MvNMC->out m[μ]::MvNMC(3) m[Σ]::PM (BP)	916.7	958.3	18	928
A	run1	map/callbacks=(;) MvNMC->out m[μ]::MvNMC(3) m[Σ]::PM (BP)	1720.8	1754.1	18	944
A	run1	resolve/barrier MvNMC->out m[μ]::MvNMC(3) m[Σ]::PM (BP)	25.8	26.2	2	160
A	run1	exec/execute_rule MvNMC->out m[μ]::MvNMC(3) m[Σ]::PM (BP)	72.3	75.6	6	384
A	run1	deferred/barrier MvNMC->out m[μ]::MvNMC(3) m[Σ]::PM (BP)	925.0	963.9	18	928
A	run1	map/direct  Bernoulli->out m[p]::Beta	1033.3	1070.8	17	784
A	run1	map/barrier Bernoulli->out m[p]::Beta	1079.2	1112.5	18	816
A	run1	map/callbacks=(;) Bernoulli->out m[p]::Beta	1879.1	1920.8	18	832
A	run1	resolve/barrier Bernoulli->out m[p]::Beta	25.6	26.8	2	160
A	run1	exec/execute_rule Bernoulli->out m[p]::Beta	51.8	53.9	4	224
A	run1	deferred/barrier Bernoulli->out m[p]::Beta	1091.6	1129.1	18	816
A	run1	map/direct  Categorical->p q[out]::Categorical	1137.5	1200.0	19	944
A	run1	map/barrier Categorical->p q[out]::Categorical	1150.0	1212.5	20	976
A	run1	map/callbacks=(;) Categorical->p q[out]::Categorical	1975.0	2016.7	20	992
A	run1	resolve/barrier Categorical->p q[out]::Categorical	25.7	26.9	2	160
A	run1	exec/execute_rule Categorical->p q[out]::Categorical	129.8	141.5	6	320
A	run1	deferred/barrier Categorical->p q[out]::Categorical	1158.3	1216.7	20	976
A	run1	joint-marginal/barrier NMV (out,μ)	236.3	251.2	15	784
A	run1	product/NMV x2	1262.5	1295.8	9	304
A	run1	product/NMV x5	1329.2	1358.4	18	544
A	run1	product/NMV x10	1445.8	1504.1	33	944
A	run1	product/NMV x100	3474.0	3572.9	303	8144
A	run1	product/deferred NMV x10	1641.6	1687.5	33	944
A	run1	product/MvNMC(3) x3	2083.3	2194.4	34	1648
A	run1	product/Gamma x10	1479.1	1533.3	33	944
A	run1	marginal-at-variable/NMV x3	1579.2	1616.7	14	464
A	run1	rocket/subject fan-out k=1	15.9	17.1	0	0
A	run1	rocket/subject fan-out k=10	108.2	112.0	0	0
A	run1	rocket/subject fan-out k=100	960.8	1002.4	0	0
A	run1	rocket/combineLatest PushNew k=2 round	67.8	70.0	0	0
A	run1	rocket/combineLatest PushNew k=5 round	158.7	164.2	0	0
A	run1	rocket/combineLatest PushNew k=10 round	360.2	373.8	0	0
A	run1	rocket/combineLatest PushNew k=20 round	734.0	739.4	0	0
A	run1	rocket/collectLatest N=100 round	2083.0	2166.0	100	1600
A	run1	rocket/collectLatest N=1000 round	22958.0	23417.0	1000	16000
A	run1	rocket/collectLatest N=10000 round	484416.0	491563.0	10000	160000
A	run1	event/AfterMessageRuleCallEvent, result::Any	296.7	300.9	3	144
A	run1	event/generate_span_id((;))	801.5	812.3	0	0
A	run1	ctor/Message from Any	381.9	397.5	2	80
A	run1	ctor/AnnotationDict()	4.0	4.2	1	16
A	run1	graph/iid n=100 per-iteration	135908.4	138937.5	-1	141355
A	run1	graph/iid n=100 build+activate	2.49225e6	2.521958e6	-1	1937616
A	run1	graph/iid n=1000 per-iteration	1.3678583e6	1.3723083e6	-1	1408555
A	run1	graph/iid n=1000 build+activate	2.4423416e7	2.4602958e7	-1	19144912
A	run1	graph/iid n=10000 per-iteration	2.06386667e7	2.14314208e7	-1	14080555
A	run1	graph/iid n=10000 build+activate	2.47947542e8	2.54462666e8	-1	191624592
A	run1	graph/iid n=1000 no-FE per-iteration	1.1917959e6	1.2056458e6	-1	1248395
A	run1	graph/iid n=1000 no-FE build+activate	2.0476541e7	2.0695584e7	-1	16093936
A	run1	graph/chain n=300 per-iteration	2.5861417e6	2.591175e6	-1	1867595
A	run1	graph/chain n=300 build+activate	2.1503416e7	2.1865042e7	-1	16184288
A	run1	graph/chain n=1000 per-iteration	9.4632583e6	9.5616792e6	-1	6235595
A	run1	graph/chain n=1000 build+activate	7.3521208e7	7.4838917e7	-1	53951696
A	run1	graph/chain n=1000 no-FE per-iteration	7.4719667e6	7.5061292e6	-1	4509003
A	run1	graph/chain n=1000 no-FE build+activate	6.2752625e7	6.3639958e7	-1	44031312
P12	run1	map/direct  NMV->out m[μ]::NMV m[v]::PM (BP)	183.7	196.4	11	576
P12	run1	map/barrier NMV->out m[μ]::NMV m[v]::PM (BP)	209.1	221.8	12	608
P12	run1	map/callbacks=(;) NMV->out m[μ]::NMV m[v]::PM (BP)	184.2	196.9	11	576
P12	run1	resolve/barrier NMV->out m[μ]::NMV m[v]::PM (BP)	25.8	26.3	2	160
P12	run1	exec/execute_rule NMV->out m[μ]::NMV m[v]::PM (BP)	48.8	51.9	4	240
P12	run1	deferred/barrier NMV->out m[μ]::NMV m[v]::PM (BP)	222.0	231.3	12	608
P12	run1	map/direct  NMP->μ q[out]::PM q[τ]::Gamma (VMP)	184.3	192.6	11	576
P12	run1	map/barrier NMP->μ q[out]::PM q[τ]::Gamma (VMP)	214.1	222.0	12	608
P12	run1	map/callbacks=(;) NMP->μ q[out]::PM q[τ]::Gamma (VMP)	185.5	195.3	11	576
P12	run1	resolve/barrier NMP->μ q[out]::PM q[τ]::Gamma (VMP)	25.4	26.8	2	160
P12	run1	exec/execute_rule NMP->μ q[out]::PM q[τ]::Gamma (VMP)	49.3	52.7	4	240
P12	run1	deferred/barrier NMP->μ q[out]::PM q[τ]::Gamma (VMP)	222.9	233.2	12	608
P12	run1	map/direct  NMP->τ q[out]::PM q[μ]::NMV (VMP)	196.4	204.3	11	576
P12	run1	map/barrier NMP->τ q[out]::PM q[μ]::NMV (VMP)	216.9	229.7	12	608
P12	run1	map/callbacks=(;) NMP->τ q[out]::PM q[μ]::NMV (VMP)	190.6	205.0	11	576
P12	run1	resolve/barrier NMP->τ q[out]::PM q[μ]::NMV (VMP)	26.3	27.1	2	160
P12	run1	exec/execute_rule NMP->τ q[out]::PM q[μ]::NMV (VMP)	49.5	53.1	4	240
P12	run1	deferred/barrier NMP->τ q[out]::PM q[μ]::NMV (VMP)	226.6	237.7	12	608
P12	run1	map/direct  MvNMC->out m[μ]::MvNMC(3) m[Σ]::PM (BP)	211.1	224.6	13	720
P12	run1	map/barrier MvNMC->out m[μ]::MvNMC(3) m[Σ]::PM (BP)	234.1	248.0	14	752
P12	run1	map/callbacks=(;) MvNMC->out m[μ]::MvNMC(3) m[Σ]::PM (BP)	218.8	227.6	13	720
P12	run1	resolve/barrier MvNMC->out m[μ]::MvNMC(3) m[Σ]::PM (BP)	25.2	26.7	2	160
P12	run1	exec/execute_rule MvNMC->out m[μ]::MvNMC(3) m[Σ]::PM (BP)	72.1	75.5	6	384
P12	run1	deferred/barrier MvNMC->out m[μ]::MvNMC(3) m[Σ]::PM (BP)	251.6	258.8	14	752
P12	run1	map/direct  Bernoulli->out m[p]::Beta	183.7	196.3	11	512
P12	run1	map/barrier Bernoulli->out m[p]::Beta	209.7	222.7	12	544
P12	run1	map/callbacks=(;) Bernoulli->out m[p]::Beta	184.1	199.7	11	512
P12	run1	resolve/barrier Bernoulli->out m[p]::Beta	26.2	27.0	2	160
P12	run1	exec/execute_rule Bernoulli->out m[p]::Beta	49.3	52.4	4	224
P12	run1	deferred/barrier Bernoulli->out m[p]::Beta	215.5	227.9	12	544
P12	run1	map/direct  Categorical->p q[out]::Categorical	276.2	297.0	13	656
P12	run1	map/barrier Categorical->p q[out]::Categorical	301.4	309.5	14	688
P12	run1	map/callbacks=(;) Categorical->p q[out]::Categorical	286.9	299.4	13	656
P12	run1	resolve/barrier Categorical->p q[out]::Categorical	25.9	27.4	2	160
P12	run1	exec/execute_rule Categorical->p q[out]::Categorical	129.8	139.5	6	320
P12	run1	deferred/barrier Categorical->p q[out]::Categorical	320.4	330.8	14	688
P12	run1	joint-marginal/barrier NMV (out,μ)	242.0	250.3	15	784
P12	run1	product/NMV x2	540.4	550.6	6	192
P12	run1	product/NMV x5	596.2	622.2	15	432
P12	run1	product/NMV x10	711.8	741.0	30	832
P12	run1	product/NMV x100	2638.9	2722.2	300	8032
P12	run1	product/deferred NMV x10	941.7	958.3	30	832
P12	run1	product/MvNMC(3) x3	1362.5	1404.2	31	1536
P12	run1	product/Gamma x10	714.9	741.4	30	832
P12	run1	marginal-at-variable/NMV x3	603.2	626.6	10	320
P12	run1	rocket/subject fan-out k=1	15.9	16.7	0	0
P12	run1	rocket/subject fan-out k=10	107.6	111.5	0	0
P12	run1	rocket/subject fan-out k=100	956.5	965.9	0	0
P12	run1	rocket/combineLatest PushNew k=2 round	69.5	70.2	0	0
P12	run1	rocket/combineLatest PushNew k=5 round	159.3	164.2	0	0
P12	run1	rocket/combineLatest PushNew k=10 round	359.5	369.9	0	0
P12	run1	rocket/combineLatest PushNew k=20 round	707.5	731.0	0	0
P12	run1	rocket/collectLatest N=100 round	2125.0	2167.0	100	1600
P12	run1	rocket/collectLatest N=1000 round	22958.0	23187.5	1000	16000
P12	run1	rocket/collectLatest N=10000 round	481542.0	488541.5	10000	160000
P12	run1	event/AfterMessageRuleCallEvent, result::Any	302.5	305.9	3	144
P12	run1	event/generate_span_id((;))	3.6	3.7	0	0
P12	run1	ctor/Message from Any	380.1	397.6	2	80
P12	run1	ctor/AnnotationDict()	4.0	4.2	1	16
P12	run1	graph/iid n=100 per-iteration	59850.0	61725.0	-1	110780
P12	run1	graph/iid n=100 build+activate	2.550083e6	2.589125e6	-1	1937616
P12	run1	graph/iid n=1000 per-iteration	597808.4	606975.0	-1	1104380
P12	run1	graph/iid n=1000 build+activate	2.4472417e7	2.4903209e7	-1	19144912
P12	run1	graph/iid n=10000 per-iteration	1.23224042e7	1.35269625e7	-1	11040380
P12	run1	graph/iid n=10000 build+activate	2.5458125e8	2.571315e8	-1	191624592
P12	run1	graph/iid n=1000 no-FE per-iteration	457916.7	461370.8	-1	944220
P12	run1	graph/iid n=1000 no-FE build+activate	2.0898375e7	2.1092375e7	-1	16093936
P12	run1	graph/chain n=300 per-iteration	1.3443958e6	1.357875e6	-1	1513100
P12	run1	graph/chain n=300 build+activate	2.1986125e7	2.2320791e7	-1	16184288
P12	run1	graph/chain n=1000 per-iteration	5.2231833e6	5.2553958e6	-1	5052300
P12	run1	graph/chain n=1000 build+activate	7.5037666e7	7.5755583e7	-1	53951696
P12	run1	graph/chain n=1000 no-FE per-iteration	3.8909334e6	3.934425e6	-1	3485548
P12	run1	graph/chain n=1000 no-FE build+activate	6.2637667e7	6.3341291e7	-1	44031312
E4	run1	map/direct  NMV->out m[μ]::NMV m[v]::PM (BP)	69.4	73.4	5	192
E4	run1	map/barrier NMV->out m[μ]::NMV m[v]::PM (BP)	97.0	105.7	6	224
E4	run1	map/callbacks=(;) NMV->out m[μ]::NMV m[v]::PM (BP)	68.7	72.3	5	224
E4	run1	resolve/barrier NMV->out m[μ]::NMV m[v]::PM (BP)	26.2	26.9	2	160
E4	run1	exec/execute_rule NMV->out m[μ]::NMV m[v]::PM (BP)	49.0	51.7	4	240
E4	run1	deferred/barrier NMV->out m[μ]::NMV m[v]::PM (BP)	105.8	114.2	6	224
E4	run1	map/direct  NMP->μ q[out]::PM q[τ]::Gamma (VMP)	70.5	72.3	5	192
E4	run1	map/barrier NMP->μ q[out]::PM q[τ]::Gamma (VMP)	104.0	110.6	6	224
E4	run1	map/callbacks=(;) NMP->μ q[out]::PM q[τ]::Gamma (VMP)	70.3	73.3	5	224
E4	run1	resolve/barrier NMP->μ q[out]::PM q[τ]::Gamma (VMP)	26.2	27.2	2	160
E4	run1	exec/execute_rule NMP->μ q[out]::PM q[τ]::Gamma (VMP)	48.0	51.8	4	240
E4	run1	deferred/barrier NMP->μ q[out]::PM q[τ]::Gamma (VMP)	109.1	116.1	6	224
E4	run1	map/direct  NMP->τ q[out]::PM q[μ]::NMV (VMP)	70.7	72.6	5	192
E4	run1	map/barrier NMP->τ q[out]::PM q[μ]::NMV (VMP)	99.2	104.8	6	224
E4	run1	map/callbacks=(;) NMP->τ q[out]::PM q[μ]::NMV (VMP)	73.2	74.8	5	224
E4	run1	resolve/barrier NMP->τ q[out]::PM q[μ]::NMV (VMP)	26.4	27.5	2	160
E4	run1	exec/execute_rule NMP->τ q[out]::PM q[μ]::NMV (VMP)	50.9	53.4	4	240
E4	run1	deferred/barrier NMP->τ q[out]::PM q[μ]::NMV (VMP)	105.2	112.1	6	224
E4	run1	map/direct  MvNMC->out m[μ]::MvNMC(3) m[Σ]::PM (BP)	98.1	103.7	7	336
E4	run1	map/barrier MvNMC->out m[μ]::MvNMC(3) m[Σ]::PM (BP)	118.6	125.8	8	368
E4	run1	map/callbacks=(;) MvNMC->out m[μ]::MvNMC(3) m[Σ]::PM (BP)	100.2	106.8	7	368
E4	run1	resolve/barrier MvNMC->out m[μ]::MvNMC(3) m[Σ]::PM (BP)	25.9	26.8	2	160
E4	run1	exec/execute_rule MvNMC->out m[μ]::MvNMC(3) m[Σ]::PM (BP)	71.0	74.4	6	384
E4	run1	deferred/barrier MvNMC->out m[μ]::MvNMC(3) m[Σ]::PM (BP)	135.6	144.8	8	368
E4	run1	map/direct  Bernoulli->out m[p]::Beta	66.8	70.4	5	176
E4	run1	map/barrier Bernoulli->out m[p]::Beta	96.4	103.2	6	208
E4	run1	map/callbacks=(;) Bernoulli->out m[p]::Beta	74.2	76.1	5	208
E4	run1	resolve/barrier Bernoulli->out m[p]::Beta	26.3	27.3	2	160
E4	run1	exec/execute_rule Bernoulli->out m[p]::Beta	49.4	53.1	4	224
E4	run1	deferred/barrier Bernoulli->out m[p]::Beta	100.8	111.2	6	208
E4	run1	map/direct  Categorical->p q[out]::Categorical	171.9	185.1	7	272
E4	run1	map/barrier Categorical->p q[out]::Categorical	183.0	197.6	8	304
E4	run1	map/callbacks=(;) Categorical->p q[out]::Categorical	170.7	182.3	7	304
E4	run1	resolve/barrier Categorical->p q[out]::Categorical	26.4	27.4	2	160
E4	run1	exec/execute_rule Categorical->p q[out]::Categorical	165.2	177.0	6	320
E4	run1	deferred/barrier Categorical->p q[out]::Categorical	199.7	212.5	8	304
E4	run1	joint-marginal/barrier NMV (out,μ)	148.2	158.3	9	352
E4	run1	product/NMV x2	526.7	542.8	6	192
E4	run1	product/NMV x5	598.3	622.5	15	432
E4	run1	product/NMV x10	722.3	738.7	30	832
E4	run1	product/NMV x100	2708.3	2791.7	300	8032
E4	run1	product/deferred NMV x10	916.7	934.7	30	832
E4	run1	product/MvNMC(3) x3	1345.8	1408.3	31	1536
E4	run1	product/Gamma x10	734.4	749.7	30	832
E4	run1	marginal-at-variable/NMV x3	597.8	620.1	10	320
E4	run1	rocket/subject fan-out k=1	16.0	16.2	0	0
E4	run1	rocket/subject fan-out k=10	109.6	113.6	0	0
E4	run1	rocket/subject fan-out k=100	980.8	993.5	0	0
E4	run1	rocket/combineLatest PushNew k=2 round	70.1	70.6	0	0
E4	run1	rocket/combineLatest PushNew k=5 round	162.9	168.4	0	0
E4	run1	rocket/combineLatest PushNew k=10 round	364.6	376.1	0	0
E4	run1	rocket/combineLatest PushNew k=20 round	723.4	749.0	0	0
E4	run1	rocket/collectLatest N=100 round	2125.0	2167.0	100	1600
E4	run1	rocket/collectLatest N=1000 round	23250.0	23375.0	1000	16000
E4	run1	rocket/collectLatest N=10000 round	482375.0	487292.0	10000	160000
E4	run1	event/AfterMessageRuleCallEvent, result::Any	305.6	310.7	3	144
E4	run1	event/generate_span_id((;))	3.6	3.7	0	0
E4	run1	ctor/Message from Any	380.1	407.0	2	80
E4	run1	ctor/AnnotationDict()	4.0	4.2	1	16
E4	run1	graph/iid n=100 per-iteration	47500.0	47950.0	-1	78748
E4	run1	graph/iid n=100 build+activate	1.340208e6	1.357709e6	-1	1490656
E4	run1	graph/iid n=1000 per-iteration	462425.0	468154.1	-1	784348
E4	run1	graph/iid n=1000 build+activate	1.2284125e7	1.2404917e7	-1	14709152
E4	run1	graph/iid n=10000 per-iteration	6.8444375e6	6.89875e6	-1	7840348
E4	run1	graph/iid n=10000 build+activate	1.30687125e8	1.32513542e8	-1	147300832
E4	run1	graph/iid n=1000 no-FE per-iteration	322629.1	328525.0	-1	624188
E4	run1	graph/iid n=1000 no-FE build+activate	1.1280708e7	1.1427833e7	-1	12330848
E4	run1	graph/chain n=300 per-iteration	1.097975e6	1.1364625e6	-1	1134812
E4	run1	graph/chain n=300 build+activate	1.0006125e7	1.0475417e7	-1	12683776
FULL	run1	map/direct  NMV->out m[μ]::NMV m[v]::PM (BP)	69.3	72.7	5	192
FULL	run1	map/barrier NMV->out m[μ]::NMV m[v]::PM (BP)	102.4	106.7	6	224
FULL	run1	map/callbacks=(;) NMV->out m[μ]::NMV m[v]::PM (BP)	71.3	74.5	5	224
FULL	run1	resolve/barrier NMV->out m[μ]::NMV m[v]::PM (BP)	25.2	26.4	2	160
FULL	run1	exec/execute_rule NMV->out m[μ]::NMV m[v]::PM (BP)	48.2	51.7	4	240
FULL	run1	deferred/barrier NMV->out m[μ]::NMV m[v]::PM (BP)	105.2	113.7	6	224
FULL	run1	map/direct  NMP->μ q[out]::PM q[τ]::Gamma (VMP)	71.0	72.5	5	192
FULL	run1	map/barrier NMP->μ q[out]::PM q[τ]::Gamma (VMP)	99.3	106.8	6	224
FULL	run1	map/callbacks=(;) NMP->μ q[out]::PM q[τ]::Gamma (VMP)	70.2	73.8	5	224
FULL	run1	resolve/barrier NMP->μ q[out]::PM q[τ]::Gamma (VMP)	26.1	26.9	2	160
FULL	run1	exec/execute_rule NMP->μ q[out]::PM q[τ]::Gamma (VMP)	49.3	52.6	4	240
FULL	run1	deferred/barrier NMP->μ q[out]::PM q[τ]::Gamma (VMP)	107.6	112.8	6	224
FULL	run1	map/direct  NMP->τ q[out]::PM q[μ]::NMV (VMP)	71.2	72.6	5	192
FULL	run1	map/barrier NMP->τ q[out]::PM q[μ]::NMV (VMP)	97.2	104.1	6	224
FULL	run1	map/callbacks=(;) NMP->τ q[out]::PM q[μ]::NMV (VMP)	73.6	75.2	5	224
FULL	run1	resolve/barrier NMP->τ q[out]::PM q[μ]::NMV (VMP)	26.4	27.3	2	160
FULL	run1	exec/execute_rule NMP->τ q[out]::PM q[μ]::NMV (VMP)	50.8	53.6	4	240
FULL	run1	deferred/barrier NMP->τ q[out]::PM q[μ]::NMV (VMP)	104.5	111.6	6	224
FULL	run1	map/direct  MvNMC->out m[μ]::MvNMC(3) m[Σ]::PM (BP)	98.3	104.3	7	336
FULL	run1	map/barrier MvNMC->out m[μ]::MvNMC(3) m[Σ]::PM (BP)	119.8	127.5	8	368
FULL	run1	map/callbacks=(;) MvNMC->out m[μ]::MvNMC(3) m[Σ]::PM (BP)	106.4	115.1	7	368
FULL	run1	resolve/barrier MvNMC->out m[μ]::MvNMC(3) m[Σ]::PM (BP)	25.9	26.7	2	160
FULL	run1	exec/execute_rule MvNMC->out m[μ]::MvNMC(3) m[Σ]::PM (BP)	69.0	74.3	6	384
FULL	run1	deferred/barrier MvNMC->out m[μ]::MvNMC(3) m[Σ]::PM (BP)	134.9	145.3	8	368
FULL	run1	map/direct  Bernoulli->out m[p]::Beta	68.0	69.9	5	176
FULL	run1	map/barrier Bernoulli->out m[p]::Beta	97.4	102.5	6	208
FULL	run1	map/callbacks=(;) Bernoulli->out m[p]::Beta	75.2	77.5	5	208
FULL	run1	resolve/barrier Bernoulli->out m[p]::Beta	26.2	27.1	2	160
FULL	run1	exec/execute_rule Bernoulli->out m[p]::Beta	50.3	52.6	4	224
FULL	run1	deferred/barrier Bernoulli->out m[p]::Beta	100.9	108.2	6	208
FULL	run1	map/direct  Categorical->p q[out]::Categorical	164.0	181.8	7	272
FULL	run1	map/barrier Categorical->p q[out]::Categorical	185.3	203.2	8	304
FULL	run1	map/callbacks=(;) Categorical->p q[out]::Categorical	170.0	185.0	7	304
FULL	run1	resolve/barrier Categorical->p q[out]::Categorical	26.3	27.3	2	160
FULL	run1	exec/execute_rule Categorical->p q[out]::Categorical	127.9	138.0	6	320
FULL	run1	deferred/barrier Categorical->p q[out]::Categorical	194.5	208.3	8	304
FULL	run1	joint-marginal/barrier NMV (out,μ)	147.3	160.3	9	352
FULL	run1	product/NMV x2	520.7	552.8	6	192
FULL	run1	product/NMV x5	599.6	628.0	15	432
FULL	run1	product/NMV x10	716.1	749.4	30	832
FULL	run1	product/NMV x100	2712.9	2800.9	300	8032
FULL	run1	product/deferred NMV x10	924.8	947.9	30	832
FULL	run1	product/MvNMC(3) x3	1370.9	1416.7	31	1536
FULL	run1	product/Gamma x10	739.8	759.6	30	832
FULL	run1	marginal-at-variable/NMV x3	606.3	633.8	10	320
FULL	run1	rocket/subject fan-out k=1	15.4	16.6	0	0
FULL	run1	rocket/subject fan-out k=10	106.0	110.0	0	0
FULL	run1	rocket/subject fan-out k=100	951.4	958.3	0	0
FULL	run1	rocket/combineLatest PushNew k=2 round	66.7	69.0	0	0
FULL	run1	rocket/combineLatest PushNew k=5 round	159.4	164.1	0	0
FULL	run1	rocket/combineLatest PushNew k=10 round	341.2	351.6	0	0
FULL	run1	rocket/combineLatest PushNew k=20 round	703.1	724.9	0	0
FULL	run1	rocket/collectLatest N=100 round	1875.0	1979.0	100	1600
FULL	run1	rocket/collectLatest N=1000 round	19708.0	19958.0	1000	16000
FULL	run1	rocket/collectLatest N=10000 round	199042.0	206979.0	10000	160000
FULL	run1	event/AfterMessageRuleCallEvent, result::Any	297.5	299.9	3	144
FULL	run1	event/generate_span_id((;))	3.6	3.7	0	0
FULL	run1	ctor/Message from Any	387.8	404.1	2	80
FULL	run1	ctor/AnnotationDict()	4.0	4.2	1	16
FULL	run1	graph/iid n=100 per-iteration	44858.4	45850.0	-1	70668
FULL	run1	graph/iid n=100 build+activate	1.359333e6	1.376e6	-1	1343104
FULL	run1	graph/iid n=1000 per-iteration	436166.7	442012.5	-1	704268
FULL	run1	graph/iid n=1000 build+activate	1.2574e7	1.2819833e7	-1	13251200
FULL	run1	graph/iid n=10000 per-iteration	5.592475e6	5.6980709e6	-1	7040268
FULL	run1	graph/iid n=10000 build+activate	1.32107125e8	1.34323375e8	-1	132738880
FULL	run1	graph/iid n=1000 no-FE per-iteration	324433.4	327012.5	-1	624188
FULL	run1	graph/iid n=1000 no-FE build+activate	1.1395333e7	1.1465667e7	-1	11705920
FULL	run1	graph/chain n=300 per-iteration	1.0895041e6	1.1090125e6	-1	1086812
FULL	run1	graph/chain n=300 build+activate	1.1146e7	1.1501042e7	-1	11028176
FULL	run1	graph/chain n=1000 per-iteration	4.312775e6	4.3747041e6	-1	3629212
FULL	run1	graph/chain n=1000 build+activate	4.1356375e7	4.2403583e7	-1	36753584
FULL	run1	graph/chain n=1000 no-FE per-iteration	3.21315e6	3.2196667e6	-1	2654028
FULL	run1	graph/chain n=1000 no-FE build+activate	3.6089083e7	3.6558042e7	-1	32287104
FULLPC	run1	map/direct  NMV->out m[μ]::NMV m[v]::PM (BP)	68.3	71.8	5	192
FULLPC	run1	map/barrier NMV->out m[μ]::NMV m[v]::PM (BP)	98.2	105.1	6	224
FULLPC	run1	map/callbacks=(;) NMV->out m[μ]::NMV m[v]::PM (BP)	71.5	72.9	5	224
FULLPC	run1	resolve/barrier NMV->out m[μ]::NMV m[v]::PM (BP)	25.9	26.5	2	160
FULLPC	run1	exec/execute_rule NMV->out m[μ]::NMV m[v]::PM (BP)	49.3	51.7	4	240
FULLPC	run1	deferred/barrier NMV->out m[μ]::NMV m[v]::PM (BP)	104.1	111.3	6	224
FULLPC	run1	map/direct  NMP->μ q[out]::PM q[τ]::Gamma (VMP)	70.7	72.3	5	192
FULLPC	run1	map/barrier NMP->μ q[out]::PM q[τ]::Gamma (VMP)	100.2	111.5	6	224
FULLPC	run1	map/callbacks=(;) NMP->μ q[out]::PM q[τ]::Gamma (VMP)	71.6	73.6	5	224
FULLPC	run1	resolve/barrier NMP->μ q[out]::PM q[τ]::Gamma (VMP)	26.2	27.2	2	160
FULLPC	run1	exec/execute_rule NMP->μ q[out]::PM q[τ]::Gamma (VMP)	49.9	52.5	4	240
FULLPC	run1	deferred/barrier NMP->μ q[out]::PM q[τ]::Gamma (VMP)	106.4	114.7	6	224
FULLPC	run1	map/direct  NMP->τ q[out]::PM q[μ]::NMV (VMP)	69.2	72.5	5	192
FULLPC	run1	map/barrier NMP->τ q[out]::PM q[μ]::NMV (VMP)	97.3	104.0	6	224
FULLPC	run1	map/callbacks=(;) NMP->τ q[out]::PM q[μ]::NMV (VMP)	72.4	74.2	5	224
FULLPC	run1	resolve/barrier NMP->τ q[out]::PM q[μ]::NMV (VMP)	26.4	27.2	2	160
FULLPC	run1	exec/execute_rule NMP->τ q[out]::PM q[μ]::NMV (VMP)	49.3	53.3	4	240
FULLPC	run1	deferred/barrier NMP->τ q[out]::PM q[μ]::NMV (VMP)	104.8	111.5	6	224
FULLPC	run1	map/direct  MvNMC->out m[μ]::MvNMC(3) m[Σ]::PM (BP)	98.0	107.3	7	336
FULLPC	run1	map/barrier MvNMC->out m[μ]::MvNMC(3) m[Σ]::PM (BP)	119.8	127.2	8	368
FULLPC	run1	map/callbacks=(;) MvNMC->out m[μ]::MvNMC(3) m[Σ]::PM (BP)	99.0	107.2	7	368
FULLPC	run1	resolve/barrier MvNMC->out m[μ]::MvNMC(3) m[Σ]::PM (BP)	25.9	26.7	2	160
FULLPC	run1	exec/execute_rule MvNMC->out m[μ]::MvNMC(3) m[Σ]::PM (BP)	70.7	75.6	6	384
FULLPC	run1	deferred/barrier MvNMC->out m[μ]::MvNMC(3) m[Σ]::PM (BP)	136.7	142.3	8	368
FULLPC	run1	map/direct  Bernoulli->out m[p]::Beta	67.0	71.1	5	176
FULLPC	run1	map/barrier Bernoulli->out m[p]::Beta	94.6	103.0	6	208
FULLPC	run1	map/callbacks=(;) Bernoulli->out m[p]::Beta	72.4	75.3	5	208
FULLPC	run1	resolve/barrier Bernoulli->out m[p]::Beta	26.2	27.1	2	160
FULLPC	run1	exec/execute_rule Bernoulli->out m[p]::Beta	49.6	52.6	4	224
FULLPC	run1	deferred/barrier Bernoulli->out m[p]::Beta	102.0	110.7	6	208
FULLPC	run1	map/direct  Categorical->p q[out]::Categorical	167.4	179.1	7	272
FULLPC	run1	map/barrier Categorical->p q[out]::Categorical	178.8	197.2	8	304
FULLPC	run1	map/callbacks=(;) Categorical->p q[out]::Categorical	170.2	180.2	7	304
FULLPC	run1	resolve/barrier Categorical->p q[out]::Categorical	25.6	27.3	2	160
FULLPC	run1	exec/execute_rule Categorical->p q[out]::Categorical	129.5	139.1	6	320
FULLPC	run1	deferred/barrier Categorical->p q[out]::Categorical	195.7	214.8	8	304
FULLPC	run1	joint-marginal/barrier NMV (out,μ)	150.2	162.6	9	352
FULLPC	run1	product/NMV x2	534.9	544.9	6	192
FULLPC	run1	product/NMV x5	601.5	631.5	15	432
FULLPC	run1	product/NMV x10	727.4	750.6	30	832
FULLPC	run1	product/NMV x100	2722.2	2814.8	300	8032
FULLPC	run1	product/deferred NMV x10	900.9	944.8	30	832
FULLPC	run1	product/MvNMC(3) x3	1375.0	1416.7	31	1536
FULLPC	run1	product/Gamma x10	718.2	747.3	30	832
FULLPC	run1	marginal-at-variable/NMV x3	614.9	632.5	10	320
FULLPC	run1	rocket/subject fan-out k=1	16.2	17.1	0	0
FULLPC	run1	rocket/subject fan-out k=10	104.4	107.7	0	0
FULLPC	run1	rocket/subject fan-out k=100	898.2	930.6	0	0
FULLPC	run1	rocket/combineLatest PushNew k=2 round	68.9	69.7	0	0
FULLPC	run1	rocket/combineLatest PushNew k=5 round	161.1	165.6	0	0
FULLPC	run1	rocket/combineLatest PushNew k=10 round	338.5	349.0	0	0
FULLPC	run1	rocket/combineLatest PushNew k=20 round	682.5	705.3	0	0
FULLPC	run1	rocket/collectLatest N=100 round	1834.0	1875.0	100	1600
FULLPC	run1	rocket/collectLatest N=1000 round	19542.0	19709.0	1000	16000
FULLPC	run1	rocket/collectLatest N=10000 round	195834.0	202979.0	10000	160000
FULLPC	run1	event/AfterMessageRuleCallEvent, result::Any	309.4	318.7	3	144
FULLPC	run1	event/generate_span_id((;))	3.6	3.7	0	0
FULLPC	run1	ctor/Message from Any	381.8	402.5	2	80
FULLPC	run1	ctor/AnnotationDict()	4.0	4.2	1	16
FULLPC	run1	graph/iid n=100 per-iteration	48329.2	49483.3	-1	70668
FULLPC	run1	graph/iid n=100 build+activate	1.364541e6	1.37525e6	-1	1343104
FULLPC	run1	graph/iid n=1000 per-iteration	451883.4	461225.0	-1	704268
FULLPC	run1	graph/iid n=1000 build+activate	1.2573042e7	1.2668792e7	-1	13251200
FULLPC	run1	graph/iid n=10000 per-iteration	5.815425e6	5.8871041e6	-1	7040268
FULLPC	run1	graph/iid n=10000 build+activate	1.33696584e8	1.34659875e8	-1	132738880
FULLPC	run1	graph/iid n=1000 no-FE per-iteration	347258.3	356954.2	-1	624188
FULLPC	run1	graph/iid n=1000 no-FE build+activate	1.1374792e7	1.1455209e7	-1	11705920
FULLPC	run1	graph/chain n=300 per-iteration	1.0419209e6	1.0573042e6	-1	1086812
FULLPC	run1	graph/chain n=300 build+activate	1.0657667e7	1.10245e7	-1	11028176
FULLPC	run1	graph/chain n=1000 per-iteration	4.0310625e6	4.11095e6	-1	3629212
FULLPC	run1	graph/chain n=1000 build+activate	3.8288541e7	3.9907458e7	-1	36753584
FULLPC	run1	graph/chain n=1000 no-FE per-iteration	3.0309125e6	3.0840458e6	-1	2654028
FULLPC	run1	graph/chain n=1000 no-FE build+activate	3.4415416e7	3.4543958e7	-1	32287104
P12	run2	map/direct  NMV->out m[μ]::NMV m[v]::PM (BP)	180.8	191.8	11	576
P12	run2	map/barrier NMV->out m[μ]::NMV m[v]::PM (BP)	210.8	218.9	12	608
P12	run2	map/callbacks=(;) NMV->out m[μ]::NMV m[v]::PM (BP)	182.4	193.3	11	576
P12	run2	resolve/barrier NMV->out m[μ]::NMV m[v]::PM (BP)	25.9	26.6	2	160
P12	run2	exec/execute_rule NMV->out m[μ]::NMV m[v]::PM (BP)	49.1	52.9	4	240
P12	run2	deferred/barrier NMV->out m[μ]::NMV m[v]::PM (BP)	221.8	228.0	12	608
P12	run2	map/direct  NMP->μ q[out]::PM q[τ]::Gamma (VMP)	185.5	192.9	11	576
P12	run2	map/barrier NMP->μ q[out]::PM q[τ]::Gamma (VMP)	212.1	222.8	12	608
P12	run2	map/callbacks=(;) NMP->μ q[out]::PM q[τ]::Gamma (VMP)	186.0	193.6	11	576
P12	run2	resolve/barrier NMP->μ q[out]::PM q[τ]::Gamma (VMP)	26.1	26.9	2	160
P12	run2	exec/execute_rule NMP->μ q[out]::PM q[τ]::Gamma (VMP)	48.7	52.6	4	240
P12	run2	deferred/barrier NMP->μ q[out]::PM q[τ]::Gamma (VMP)	225.0	233.6	12	608
P12	run2	map/direct  NMP->τ q[out]::PM q[μ]::NMV (VMP)	196.9	202.9	11	576
P12	run2	map/barrier NMP->τ q[out]::PM q[μ]::NMV (VMP)	220.9	227.1	12	608
P12	run2	map/callbacks=(;) NMP->τ q[out]::PM q[μ]::NMV (VMP)	189.0	194.9	11	576
P12	run2	resolve/barrier NMP->τ q[out]::PM q[μ]::NMV (VMP)	26.2	27.1	2	160
P12	run2	exec/execute_rule NMP->τ q[out]::PM q[μ]::NMV (VMP)	50.5	53.1	4	240
P12	run2	deferred/barrier NMP->τ q[out]::PM q[μ]::NMV (VMP)	219.5	231.8	12	608
P12	run2	map/direct  MvNMC->out m[μ]::MvNMC(3) m[Σ]::PM (BP)	233.4	254.5	13	720
P12	run2	map/barrier MvNMC->out m[μ]::MvNMC(3) m[Σ]::PM (BP)	238.3	248.1	14	752
P12	run2	map/callbacks=(;) MvNMC->out m[μ]::MvNMC(3) m[Σ]::PM (BP)	212.9	225.5	13	720
P12	run2	resolve/barrier MvNMC->out m[μ]::MvNMC(3) m[Σ]::PM (BP)	25.8	26.6	2	160
P12	run2	exec/execute_rule MvNMC->out m[μ]::MvNMC(3) m[Σ]::PM (BP)	70.3	75.3	6	384
P12	run2	deferred/barrier MvNMC->out m[μ]::MvNMC(3) m[Σ]::PM (BP)	248.8	262.1	14	752
P12	run2	map/direct  Bernoulli->out m[p]::Beta	180.0	196.6	11	512
P12	run2	map/barrier Bernoulli->out m[p]::Beta	205.2	215.5	12	544
P12	run2	map/callbacks=(;) Bernoulli->out m[p]::Beta	185.9	196.5	11	512
P12	run2	resolve/barrier Bernoulli->out m[p]::Beta	26.2	27.1	2	160
P12	run2	exec/execute_rule Bernoulli->out m[p]::Beta	49.4	52.6	4	224
P12	run2	deferred/barrier Bernoulli->out m[p]::Beta	218.0	227.7	12	544
P12	run2	map/direct  Categorical->p q[out]::Categorical	271.0	289.6	13	656
P12	run2	map/barrier Categorical->p q[out]::Categorical	298.5	316.1	14	688
P12	run2	map/callbacks=(;) Categorical->p q[out]::Categorical	278.2	295.5	13	656
P12	run2	resolve/barrier Categorical->p q[out]::Categorical	26.2	27.4	2	160
P12	run2	exec/execute_rule Categorical->p q[out]::Categorical	133.4	141.1	6	320
P12	run2	deferred/barrier Categorical->p q[out]::Categorical	308.3	325.5	14	688
P12	run2	joint-marginal/barrier NMV (out,μ)	235.1	256.9	15	784
P12	run2	product/NMV x2	514.5	540.8	6	192
P12	run2	product/NMV x5	585.2	614.6	15	432
P12	run2	product/NMV x10	698.7	734.3	30	832
P12	run2	product/NMV x100	2689.8	2791.7	300	8032
P12	run2	product/deferred NMV x10	919.7	937.0	30	832
P12	run2	product/MvNMC(3) x3	1408.3	1450.0	31	1536
P12	run2	product/Gamma x10	727.8	742.6	30	832
P12	run2	marginal-at-variable/NMV x3	593.5	622.7	10	320
P12	run2	rocket/subject fan-out k=1	15.4	16.5	0	0
P12	run2	rocket/subject fan-out k=10	108.6	111.1	0	0
P12	run2	rocket/subject fan-out k=100	927.5	960.1	0	0
P12	run2	rocket/combineLatest PushNew k=2 round	67.6	70.1	0	0
P12	run2	rocket/combineLatest PushNew k=5 round	159.7	164.8	0	0
P12	run2	rocket/combineLatest PushNew k=10 round	358.6	370.4	0	0
P12	run2	rocket/combineLatest PushNew k=20 round	738.3	743.2	0	0
P12	run2	rocket/collectLatest N=100 round	2125.0	2208.0	100	1600
P12	run2	rocket/collectLatest N=1000 round	22958.0	23062.5	1000	16000
P12	run2	rocket/collectLatest N=10000 round	491167.0	502416.5	10000	160000
P12	run2	event/AfterMessageRuleCallEvent, result::Any	296.2	299.3	3	144
P12	run2	event/generate_span_id((;))	3.6	3.7	0	0
P12	run2	ctor/Message from Any	382.2	404.3	2	80
P12	run2	ctor/AnnotationDict()	4.0	4.2	1	16
P12	run2	graph/iid n=100 per-iteration	59558.3	60345.8	-1	110780
P12	run2	graph/iid n=100 build+activate	2.500583e6	2.564708e6	-1	1937616
P12	run2	graph/iid n=1000 per-iteration	585645.8	595033.4	-1	1104380
P12	run2	graph/iid n=1000 build+activate	2.4350542e7	2.4437833e7	-1	19144912
P12	run2	graph/iid n=10000 per-iteration	1.21096833e7	1.3331425e7	-1	11040380
P12	run2	graph/iid n=10000 build+activate	2.50260667e8	2.54256208e8	-1	191624592
P12	run2	graph/iid n=1000 no-FE per-iteration	449770.9	450662.5	-1	944220
P12	run2	graph/iid n=1000 no-FE build+activate	2.0819833e7	2.0944792e7	-1	16093936
P12	run2	graph/chain n=300 per-iteration	1.3333833e6	1.3519375e6	-1	1513100
P12	run2	graph/chain n=300 build+activate	2.1718333e7	2.1967709e7	-1	16184288
P12	run2	graph/chain n=1000 per-iteration	5.21005e6	5.2511667e6	-1	5052300
P12	run2	graph/chain n=1000 build+activate	7.4248916e7	7.5925458e7	-1	53951696
P12	run2	graph/chain n=1000 no-FE per-iteration	3.8103167e6	3.8574292e6	-1	3485548
P12	run2	graph/chain n=1000 no-FE build+activate	6.32675e7	6.4221375e7	-1	44031312
E4	run2	map/direct  NMV->out m[μ]::NMV m[v]::PM (BP)	68.7	72.5	5	192
E4	run2	map/barrier NMV->out m[μ]::NMV m[v]::PM (BP)	102.3	107.6	6	224
E4	run2	map/callbacks=(;) NMV->out m[μ]::NMV m[v]::PM (BP)	71.2	74.7	5	224
E4	run2	resolve/barrier NMV->out m[μ]::NMV m[v]::PM (BP)	25.4	26.4	2	160
E4	run2	exec/execute_rule NMV->out m[μ]::NMV m[v]::PM (BP)	49.3	51.5	4	240
E4	run2	deferred/barrier NMV->out m[μ]::NMV m[v]::PM (BP)	105.4	109.0	6	224
E4	run2	map/direct  NMP->μ q[out]::PM q[τ]::Gamma (VMP)	70.3	72.0	5	192
E4	run2	map/barrier NMP->μ q[out]::PM q[τ]::Gamma (VMP)	101.1	109.1	6	224
E4	run2	map/callbacks=(;) NMP->μ q[out]::PM q[τ]::Gamma (VMP)	71.4	72.9	5	224
E4	run2	resolve/barrier NMP->μ q[out]::PM q[τ]::Gamma (VMP)	26.2	27.2	2	160
E4	run2	exec/execute_rule NMP->μ q[out]::PM q[τ]::Gamma (VMP)	49.0	52.5	4	240
E4	run2	deferred/barrier NMP->μ q[out]::PM q[τ]::Gamma (VMP)	106.6	112.2	6	224
E4	run2	map/direct  NMP->τ q[out]::PM q[μ]::NMV (VMP)	69.1	72.8	5	192
E4	run2	map/barrier NMP->τ q[out]::PM q[μ]::NMV (VMP)	96.8	101.9	6	224
E4	run2	map/callbacks=(;) NMP->τ q[out]::PM q[μ]::NMV (VMP)	71.7	74.5	5	224
E4	run2	resolve/barrier NMP->τ q[out]::PM q[μ]::NMV (VMP)	26.4	27.2	2	160
E4	run2	exec/execute_rule NMP->τ q[out]::PM q[μ]::NMV (VMP)	49.9	53.3	4	240
E4	run2	deferred/barrier NMP->τ q[out]::PM q[μ]::NMV (VMP)	105.5	110.4	6	224
E4	run2	map/direct  MvNMC->out m[μ]::MvNMC(3) m[Σ]::PM (BP)	97.5	104.6	7	336
E4	run2	map/barrier MvNMC->out m[μ]::MvNMC(3) m[Σ]::PM (BP)	119.5	127.5	8	368
E4	run2	map/callbacks=(;) MvNMC->out m[μ]::MvNMC(3) m[Σ]::PM (BP)	96.8	104.7	7	368
E4	run2	resolve/barrier MvNMC->out m[μ]::MvNMC(3) m[Σ]::PM (BP)	25.8	26.7	2	160
E4	run2	exec/execute_rule MvNMC->out m[μ]::MvNMC(3) m[Σ]::PM (BP)	70.6	75.7	6	384
E4	run2	deferred/barrier MvNMC->out m[μ]::MvNMC(3) m[Σ]::PM (BP)	138.6	146.1	8	368
E4	run2	map/direct  Bernoulli->out m[p]::Beta	69.5	73.1	5	176
E4	run2	map/barrier Bernoulli->out m[p]::Beta	98.7	102.7	6	208
E4	run2	map/callbacks=(;) Bernoulli->out m[p]::Beta	73.0	76.5	5	208
E4	run2	resolve/barrier Bernoulli->out m[p]::Beta	25.6	27.2	2	160
E4	run2	exec/execute_rule Bernoulli->out m[p]::Beta	49.0	52.5	4	224
E4	run2	deferred/barrier Bernoulli->out m[p]::Beta	102.4	111.9	6	208
E4	run2	map/direct  Categorical->p q[out]::Categorical	168.6	182.2	7	272
E4	run2	map/barrier Categorical->p q[out]::Categorical	186.7	202.3	8	304
E4	run2	map/callbacks=(;) Categorical->p q[out]::Categorical	165.2	182.8	7	304
E4	run2	resolve/barrier Categorical->p q[out]::Categorical	26.4	27.6	2	160
E4	run2	exec/execute_rule Categorical->p q[out]::Categorical	130.0	145.8	6	320
E4	run2	deferred/barrier Categorical->p q[out]::Categorical	198.1	212.2	8	304
E4	run2	joint-marginal/barrier NMV (out,μ)	148.1	160.4	9	352
E4	run2	product/NMV x2	527.6	551.0	6	192
E4	run2	product/NMV x5	599.2	625.7	15	432
E4	run2	product/NMV x10	730.7	746.7	30	832
E4	run2	product/NMV x100	2726.9	2819.4	300	8032
E4	run2	product/deferred NMV x10	909.4	943.8	30	832
E4	run2	product/MvNMC(3) x3	1383.3	1433.3	31	1536
E4	run2	product/Gamma x10	726.2	754.7	30	832
E4	run2	marginal-at-variable/NMV x3	608.8	633.1	10	320
E4	run2	rocket/subject fan-out k=1	15.6	16.6	0	0
E4	run2	rocket/subject fan-out k=10	105.7	109.7	0	0
E4	run2	rocket/subject fan-out k=100	962.3	976.2	0	0
E4	run2	rocket/combineLatest PushNew k=2 round	68.0	70.4	0	0
E4	run2	rocket/combineLatest PushNew k=5 round	160.9	166.1	0	0
E4	run2	rocket/combineLatest PushNew k=10 round	364.3	376.7	0	0
E4	run2	rocket/combineLatest PushNew k=20 round	711.2	733.0	0	0
E4	run2	rocket/collectLatest N=100 round	2125.0	2167.0	100	1600
E4	run2	rocket/collectLatest N=1000 round	23292.0	23584.0	1000	16000
E4	run2	rocket/collectLatest N=10000 round	464667.0	482313.0	10000	160000
E4	run2	event/AfterMessageRuleCallEvent, result::Any	301.5	305.4	3	144
E4	run2	event/generate_span_id((;))	3.6	3.7	0	0
E4	run2	ctor/Message from Any	384.7	401.4	2	80
E4	run2	ctor/AnnotationDict()	4.0	4.2	1	16
E4	run2	graph/iid n=100 per-iteration	47525.0	48258.3	-1	78748
E4	run2	graph/iid n=100 build+activate	1.331e6	1.339959e6	-1	1490656
E4	run2	graph/iid n=1000 per-iteration	450412.5	466362.5	-1	784348
E4	run2	graph/iid n=1000 build+activate	1.2329333e7	1.2456542e7	-1	14709152
E4	run2	graph/iid n=10000 per-iteration	6.7911375e6	6.854475e6	-1	7840348
E4	run2	graph/iid n=10000 build+activate	1.29997958e8	1.33070666e8	-1	147300832
E4	run2	graph/iid n=1000 no-FE per-iteration	319608.3	331129.2	-1	624188
E4	run2	graph/iid n=1000 no-FE build+activate	1.1326792e7	1.1502083e7	-1	12330848
E4	run2	graph/chain n=300 per-iteration	1.1104417e6	1.1323667e6	-1	1134812
E4	run2	graph/chain n=300 build+activate	1.007925e7	1.0528125e7	-1	12683776
FULL	run2	map/direct  NMV->out m[μ]::NMV m[v]::PM (BP)	69.0	72.8	5	192
FULL	run2	map/barrier NMV->out m[μ]::NMV m[v]::PM (BP)	100.9	108.1	6	224
FULL	run2	map/callbacks=(;) NMV->out m[μ]::NMV m[v]::PM (BP)	69.5	73.2	5	224
FULL	run2	resolve/barrier NMV->out m[μ]::NMV m[v]::PM (BP)	25.9	26.6	2	160
FULL	run2	exec/execute_rule NMV->out m[μ]::NMV m[v]::PM (BP)	49.3	51.6	4	240
FULL	run2	deferred/barrier NMV->out m[μ]::NMV m[v]::PM (BP)	106.4	115.1	6	224
FULL	run2	map/direct  NMP->μ q[out]::PM q[τ]::Gamma (VMP)	70.0	72.2	5	192
FULL	run2	map/barrier NMP->μ q[out]::PM q[τ]::Gamma (VMP)	100.1	109.0	6	224
FULL	run2	map/callbacks=(;) NMP->μ q[out]::PM q[τ]::Gamma (VMP)	68.5	71.9	5	224
FULL	run2	resolve/barrier NMP->μ q[out]::PM q[τ]::Gamma (VMP)	26.1	27.1	2	160
FULL	run2	exec/execute_rule NMP->μ q[out]::PM q[τ]::Gamma (VMP)	49.7	52.2	4	240
FULL	run2	deferred/barrier NMP->μ q[out]::PM q[τ]::Gamma (VMP)	105.9	113.8	6	224
FULL	run2	map/direct  NMP->τ q[out]::PM q[μ]::NMV (VMP)	71.6	73.2	5	192
FULL	run2	map/barrier NMP->τ q[out]::PM q[μ]::NMV (VMP)	98.4	105.4	6	224
FULL	run2	map/callbacks=(;) NMP->τ q[out]::PM q[μ]::NMV (VMP)	70.3	73.5	5	224
FULL	run2	resolve/barrier NMP->τ q[out]::PM q[μ]::NMV (VMP)	26.4	27.1	2	160
FULL	run2	exec/execute_rule NMP->τ q[out]::PM q[μ]::NMV (VMP)	50.6	53.2	4	240
FULL	run2	deferred/barrier NMP->τ q[out]::PM q[μ]::NMV (VMP)	103.3	108.1	6	224
FULL	run2	map/direct  MvNMC->out m[μ]::MvNMC(3) m[Σ]::PM (BP)	95.2	103.1	7	336
FULL	run2	map/barrier MvNMC->out m[μ]::MvNMC(3) m[Σ]::PM (BP)	120.6	125.1	8	368
FULL	run2	map/callbacks=(;) MvNMC->out m[μ]::MvNMC(3) m[Σ]::PM (BP)	99.9	109.9	7	368
FULL	run2	resolve/barrier MvNMC->out m[μ]::MvNMC(3) m[Σ]::PM (BP)	25.9	26.7	2	160
FULL	run2	exec/execute_rule MvNMC->out m[μ]::MvNMC(3) m[Σ]::PM (BP)	70.4	75.3	6	384
FULL	run2	deferred/barrier MvNMC->out m[μ]::MvNMC(3) m[Σ]::PM (BP)	135.5	143.3	8	368
FULL	run2	map/direct  Bernoulli->out m[p]::Beta	69.4	71.2	5	176
FULL	run2	map/barrier Bernoulli->out m[p]::Beta	95.2	103.9	6	208
FULL	run2	map/callbacks=(;) Bernoulli->out m[p]::Beta	73.0	75.0	5	208
FULL	run2	resolve/barrier Bernoulli->out m[p]::Beta	26.2	27.2	2	160
FULL	run2	exec/execute_rule Bernoulli->out m[p]::Beta	51.0	53.4	4	224
FULL	run2	deferred/barrier Bernoulli->out m[p]::Beta	104.5	109.5	6	208
FULL	run2	map/direct  Categorical->p q[out]::Categorical	170.6	180.7	7	272
FULL	run2	map/barrier Categorical->p q[out]::Categorical	181.9	197.5	8	304
FULL	run2	map/callbacks=(;) Categorical->p q[out]::Categorical	167.1	181.2	7	304
FULL	run2	resolve/barrier Categorical->p q[out]::Categorical	26.3	27.3	2	160
FULL	run2	exec/execute_rule Categorical->p q[out]::Categorical	131.3	139.0	6	320
FULL	run2	deferred/barrier Categorical->p q[out]::Categorical	194.6	213.0	8	304
FULL	run2	joint-marginal/barrier NMV (out,μ)	151.4	161.1	9	352
FULL	run2	product/NMV x2	527.8	557.2	6	192
FULL	run2	product/NMV x5	612.7	620.6	15	432
FULL	run2	product/NMV x10	717.6	747.0	30	832
FULL	run2	product/NMV x100	2703.7	2796.3	300	8032
FULL	run2	product/deferred NMV x10	932.9	950.2	30	832
FULL	run2	product/MvNMC(3) x3	1383.3	1429.2	31	1536
FULL	run2	product/Gamma x10	733.2	757.0	30	832
FULL	run2	marginal-at-variable/NMV x3	613.5	635.5	10	320
FULL	run2	rocket/subject fan-out k=1	16.2	16.6	0	0
FULL	run2	rocket/subject fan-out k=10	106.1	109.9	0	0
FULL	run2	rocket/subject fan-out k=100	951.1	960.1	0	0
FULL	run2	rocket/combineLatest PushNew k=2 round	69.5	70.1	0	0
FULL	run2	rocket/combineLatest PushNew k=5 round	161.7	166.5	0	0
FULL	run2	rocket/combineLatest PushNew k=10 round	344.0	354.4	0	0
FULL	run2	rocket/combineLatest PushNew k=20 round	679.2	702.4	0	0
FULL	run2	rocket/collectLatest N=100 round	1833.0	1875.0	100	1600
FULL	run2	rocket/collectLatest N=1000 round	19375.0	19604.5	1000	16000
FULL	run2	rocket/collectLatest N=10000 round	194083.0	195958.5	10000	160000
FULL	run2	event/AfterMessageRuleCallEvent, result::Any	295.4	298.1	3	144
FULL	run2	event/generate_span_id((;))	3.6	3.7	0	0
FULL	run2	ctor/Message from Any	391.4	405.5	2	80
FULL	run2	ctor/AnnotationDict()	4.0	4.2	1	16
FULL	run2	graph/iid n=100 per-iteration	44462.5	44945.8	-1	70668
FULL	run2	graph/iid n=100 build+activate	1.350458e6	1.367542e6	-1	1343104
FULL	run2	graph/iid n=1000 per-iteration	428287.5	433666.7	-1	704268
FULL	run2	graph/iid n=1000 build+activate	1.2580584e7	1.2648583e7	-1	13251200
FULL	run2	graph/iid n=10000 per-iteration	5.586875e6	5.6213834e6	-1	7040268
FULL	run2	graph/iid n=10000 build+activate	1.33016208e8	1.33771e8	-1	132738880
FULL	run2	graph/iid n=1000 no-FE per-iteration	319941.7	322850.0	-1	624188
FULL	run2	graph/iid n=1000 no-FE build+activate	1.1326e7	1.1486292e7	-1	11705920
FULL	run2	graph/chain n=300 per-iteration	1.0797583e6	1.0877209e6	-1	1086812
FULL	run2	graph/chain n=300 build+activate	1.1231583e7	1.1567667e7	-1	11028176
FULL	run2	graph/chain n=1000 per-iteration	4.2094334e6	4.2421792e6	-1	3629212
FULL	run2	graph/chain n=1000 build+activate	4.0298917e7	4.1388917e7	-1	36753584
FULL	run2	graph/chain n=1000 no-FE per-iteration	3.129325e6	3.1752833e6	-1	2654028
FULL	run2	graph/chain n=1000 no-FE build+activate	3.5686708e7	3.5945792e7	-1	32287104
FULLPC	run2	map/direct  NMV->out m[μ]::NMV m[v]::PM (BP)	68.7	72.1	5	192
FULLPC	run2	map/barrier NMV->out m[μ]::NMV m[v]::PM (BP)	99.3	106.1	6	224
FULLPC	run2	map/callbacks=(;) NMV->out m[μ]::NMV m[v]::PM (BP)	69.6	72.5	5	224
FULLPC	run2	resolve/barrier NMV->out m[μ]::NMV m[v]::PM (BP)	25.8	26.4	2	160
FULLPC	run2	exec/execute_rule NMV->out m[μ]::NMV m[v]::PM (BP)	49.6	51.9	4	240
FULLPC	run2	deferred/barrier NMV->out m[μ]::NMV m[v]::PM (BP)	107.2	115.2	6	224
FULLPC	run2	map/direct  NMP->μ q[out]::PM q[τ]::Gamma (VMP)	68.8	72.3	5	192
FULLPC	run2	map/barrier NMP->μ q[out]::PM q[τ]::Gamma (VMP)	102.7	110.9	6	224
FULLPC	run2	map/callbacks=(;) NMP->μ q[out]::PM q[τ]::Gamma (VMP)	69.5	72.9	5	224
FULLPC	run2	resolve/barrier NMP->μ q[out]::PM q[τ]::Gamma (VMP)	26.1	27.1	2	160
FULLPC	run2	exec/execute_rule NMP->μ q[out]::PM q[τ]::Gamma (VMP)	48.8	52.3	4	240
FULLPC	run2	deferred/barrier NMP->μ q[out]::PM q[τ]::Gamma (VMP)	107.2	113.6	6	224
FULLPC	run2	map/direct  NMP->τ q[out]::PM q[μ]::NMV (VMP)	69.5	72.7	5	192
FULLPC	run2	map/barrier NMP->τ q[out]::PM q[μ]::NMV (VMP)	100.4	104.0	6	224
FULLPC	run2	map/callbacks=(;) NMP->τ q[out]::PM q[μ]::NMV (VMP)	73.5	75.0	5	224
FULLPC	run2	resolve/barrier NMP->τ q[out]::PM q[μ]::NMV (VMP)	25.9	27.5	2	160
FULLPC	run2	exec/execute_rule NMP->τ q[out]::PM q[μ]::NMV (VMP)	49.8	53.4	4	240
FULLPC	run2	deferred/barrier NMP->τ q[out]::PM q[μ]::NMV (VMP)	107.7	118.9	6	224
FULLPC	run2	map/direct  MvNMC->out m[μ]::MvNMC(3) m[Σ]::PM (BP)	98.7	106.1	7	336
FULLPC	run2	map/barrier MvNMC->out m[μ]::MvNMC(3) m[Σ]::PM (BP)	116.1	130.3	8	368
FULLPC	run2	map/callbacks=(;) MvNMC->out m[μ]::MvNMC(3) m[Σ]::PM (BP)	103.4	112.1	7	368
FULLPC	run2	resolve/barrier MvNMC->out m[μ]::MvNMC(3) m[Σ]::PM (BP)	25.3	26.7	2	160
FULLPC	run2	exec/execute_rule MvNMC->out m[μ]::MvNMC(3) m[Σ]::PM (BP)	73.0	76.3	6	384
FULLPC	run2	deferred/barrier MvNMC->out m[μ]::MvNMC(3) m[Σ]::PM (BP)	138.5	145.0	8	368
FULLPC	run2	map/direct  Bernoulli->out m[p]::Beta	68.8	71.9	5	176
FULLPC	run2	map/barrier Bernoulli->out m[p]::Beta	93.6	101.7	6	208
FULLPC	run2	map/callbacks=(;) Bernoulli->out m[p]::Beta	71.5	75.5	5	208
FULLPC	run2	resolve/barrier Bernoulli->out m[p]::Beta	25.7	27.4	2	160
FULLPC	run2	exec/execute_rule Bernoulli->out m[p]::Beta	50.1	52.7	4	224
FULLPC	run2	deferred/barrier Bernoulli->out m[p]::Beta	106.0	116.3	6	208
FULLPC	run2	map/direct  Categorical->p q[out]::Categorical	170.8	182.1	7	272
FULLPC	run2	map/barrier Categorical->p q[out]::Categorical	190.3	203.2	8	304
FULLPC	run2	map/callbacks=(;) Categorical->p q[out]::Categorical	170.1	185.5	7	304
FULLPC	run2	resolve/barrier Categorical->p q[out]::Categorical	25.7	27.5	2	160
FULLPC	run2	exec/execute_rule Categorical->p q[out]::Categorical	135.7	143.5	6	320
FULLPC	run2	deferred/barrier Categorical->p q[out]::Categorical	204.2	223.4	8	304
FULLPC	run2	joint-marginal/barrier NMV (out,μ)	149.0	156.5	9	352
FULLPC	run2	product/NMV x2	530.3	552.8	6	192
FULLPC	run2	product/NMV x5	603.5	626.8	15	432
FULLPC	run2	product/NMV x10	722.2	746.7	30	832
FULLPC	run2	product/NMV x100	2712.9	2782.4	300	8032
FULLPC	run2	product/deferred NMV x10	929.5	947.7	30	832
FULLPC	run2	product/MvNMC(3) x3	1362.5	1404.2	31	1536
FULLPC	run2	product/Gamma x10	740.0	756.1	30	832
FULLPC	run2	marginal-at-variable/NMV x3	610.0	632.0	10	320
FULLPC	run2	rocket/subject fan-out k=1	15.8	16.5	0	0
FULLPC	run2	rocket/subject fan-out k=10	104.3	108.4	0	0
FULLPC	run2	rocket/subject fan-out k=100	926.7	936.8	0	0
FULLPC	run2	rocket/combineLatest PushNew k=2 round	38.0	39.6	0	0
FULLPC	run2	rocket/combineLatest PushNew k=5 round	89.7	92.8	0	0
FULLPC	run2	rocket/combineLatest PushNew k=10 round	193.1	197.4	0	0
FULLPC	run2	rocket/combineLatest PushNew k=20 round	383.7	391.2	0	0
FULLPC	run2	rocket/collectLatest N=100 round	1833.0	1875.0	100	1600
FULLPC	run2	rocket/collectLatest N=1000 round	19250.0	19667.0	1000	16000
FULLPC	run2	rocket/collectLatest N=10000 round	196125.0	201958.5	10000	160000
FULLPC	run2	event/AfterMessageRuleCallEvent, result::Any	305.6	311.5	3	144
FULLPC	run2	event/generate_span_id((;))	3.6	3.7	0	0
FULLPC	run2	ctor/Message from Any	380.1	401.1	2	80
FULLPC	run2	ctor/AnnotationDict()	4.0	4.2	1	16
FULLPC	run2	graph/iid n=100 per-iteration	45900.0	46612.5	-1	70668
FULLPC	run2	graph/iid n=100 build+activate	1.367042e6	1.400333e6	-1	1343104
FULLPC	run2	graph/iid n=1000 per-iteration	439658.3	442666.7	-1	704268
FULLPC	run2	graph/iid n=1000 build+activate	1.2647625e7	1.2878166e7	-1	13251200
FULLPC	run2	graph/iid n=10000 per-iteration	5.6251541e6	5.6764167e6	-1	7040268
FULLPC	run2	graph/iid n=10000 build+activate	1.30921583e8	1.34737833e8	-1	132738880
FULLPC	run2	graph/iid n=1000 no-FE per-iteration	324000.0	327387.5	-1	624188
FULLPC	run2	graph/iid n=1000 no-FE build+activate	1.1384958e7	1.1439792e7	-1	11705920
FULLPC	run2	graph/chain n=300 per-iteration	1.0686625e6	1.0932708e6	-1	1086812
FULLPC	run2	graph/chain n=300 build+activate	1.0963625e7	1.1074959e7	-1	11028176
FULLPC	run2	graph/chain n=1000 per-iteration	4.1571583e6	4.2634959e6	-1	3629212
FULLPC	run2	graph/chain n=1000 build+activate	3.8673416e7	3.9938917e7	-1	36753584
FULLPC	run2	graph/chain n=1000 no-FE per-iteration	3.089475e6	3.1116417e6	-1	2654028
FULLPC	run2	graph/chain n=1000 no-FE build+activate	3.4098125e7	3.4540791e7	-1	32287104
A	run2	map/direct  NMV->out m[μ]::NMV m[v]::PM (BP)	858.2	897.7	15	752
A	run2	map/barrier NMV->out m[μ]::NMV m[v]::PM (BP)	875.8	921.6	16	784
A	run2	map/callbacks=(;) NMV->out m[μ]::NMV m[v]::PM (BP)	1691.6	1720.8	16	800
A	run2	resolve/barrier NMV->out m[μ]::NMV m[v]::PM (BP)	22.9	24.2	2	160
A	run2	exec/execute_rule NMV->out m[μ]::NMV m[v]::PM (BP)	42.7	43.6	4	240
A	run2	deferred/barrier NMV->out m[μ]::NMV m[v]::PM (BP)	916.7	933.7	16	784
A	run2	map/direct  NMP->μ q[out]::PM q[τ]::Gamma (VMP)	1062.5	1095.9	17	880
A	run2	map/barrier NMP->μ q[out]::PM q[τ]::Gamma (VMP)	1079.2	1116.7	18	912
A	run2	map/callbacks=(;) NMP->μ q[out]::PM q[τ]::Gamma (VMP)	1870.8	1904.1	18	928
A	run2	resolve/barrier NMP->μ q[out]::PM q[τ]::Gamma (VMP)	22.9	24.4	2	160
A	run2	exec/execute_rule NMP->μ q[out]::PM q[τ]::Gamma (VMP)	43.1	44.2	4	240
A	run2	deferred/barrier NMP->μ q[out]::PM q[τ]::Gamma (VMP)	1058.3	1104.1	18	912
A	run2	map/direct  NMP->τ q[out]::PM q[μ]::NMV (VMP)	1016.6	1079.2	17	880
A	run2	map/barrier NMP->τ q[out]::PM q[μ]::NMV (VMP)	1037.5	1100.0	18	912
A	run2	map/callbacks=(;) NMP->τ q[out]::PM q[μ]::NMV (VMP)	1875.0	1904.2	18	928
A	run2	resolve/barrier NMP->τ q[out]::PM q[μ]::NMV (VMP)	23.7	24.6	2	160
A	run2	exec/execute_rule NMP->τ q[out]::PM q[μ]::NMV (VMP)	43.5	44.5	4	240
A	run2	deferred/barrier NMP->τ q[out]::PM q[μ]::NMV (VMP)	1050.0	1112.5	18	912
A	run2	map/direct  MvNMC->out m[μ]::MvNMC(3) m[Σ]::PM (BP)	891.8	933.5	17	896
A	run2	map/barrier MvNMC->out m[μ]::MvNMC(3) m[Σ]::PM (BP)	907.3	944.8	18	928
A	run2	map/callbacks=(;) MvNMC->out m[μ]::MvNMC(3) m[Σ]::PM (BP)	1716.7	1745.8	18	944
A	run2	resolve/barrier MvNMC->out m[μ]::MvNMC(3) m[Σ]::PM (BP)	23.3	23.9	2	160
A	run2	exec/execute_rule MvNMC->out m[μ]::MvNMC(3) m[Σ]::PM (BP)	62.1	63.8	6	384
A	run2	deferred/barrier MvNMC->out m[μ]::MvNMC(3) m[Σ]::PM (BP)	938.1	960.7	18	928
A	run2	map/direct  Bernoulli->out m[p]::Beta	1025.0	1075.0	17	784
A	run2	map/barrier Bernoulli->out m[p]::Beta	1058.3	1091.7	18	816
A	run2	map/callbacks=(;) Bernoulli->out m[p]::Beta	1862.5	1895.8	18	832
A	run2	resolve/barrier Bernoulli->out m[p]::Beta	23.7	24.6	2	160
A	run2	exec/execute_rule Bernoulli->out m[p]::Beta	42.4	44.8	4	224
A	run2	deferred/barrier Bernoulli->out m[p]::Beta	1054.2	1112.5	18	816
A	run2	map/direct  Categorical->p q[out]::Categorical	1116.7	1183.3	19	944
A	run2	map/barrier Categorical->p q[out]::Categorical	1145.8	1200.0	20	976
A	run2	map/callbacks=(;) Categorical->p q[out]::Categorical	1966.6	2008.3	20	992
A	run2	resolve/barrier Categorical->p q[out]::Categorical	23.8	24.7	2	160
A	run2	exec/execute_rule Categorical->p q[out]::Categorical	129.9	140.9	6	320
A	run2	deferred/barrier Categorical->p q[out]::Categorical	1145.9	1208.4	20	976
A	run2	joint-marginal/barrier NMV (out,μ)	213.4	229.0	15	784
A	run2	product/NMV x2	1245.9	1300.0	9	304
A	run2	product/NMV x5	1300.0	1366.6	18	544
A	run2	product/NMV x10	1395.8	1462.5	33	944
A	run2	product/NMV x100	3013.9	3106.6	303	8144
A	run2	product/deferred NMV x10	1537.5	1575.0	33	944
A	run2	product/MvNMC(3) x3	2083.3	2134.2	34	1648
A	run2	product/Gamma x10	1458.3	1491.7	33	944
A	run2	marginal-at-variable/NMV x3	1554.2	1583.3	14	464
A	run2	rocket/subject fan-out k=1	13.2	13.3	0	0
A	run2	rocket/subject fan-out k=10	102.0	105.2	0	0
A	run2	rocket/subject fan-out k=100	992.6	1002.5	0	0
A	run2	rocket/combineLatest PushNew k=2 round	67.0	69.4	0	0
A	run2	rocket/combineLatest PushNew k=5 round	159.4	164.7	0	0
A	run2	rocket/combineLatest PushNew k=10 round	358.1	369.4	0	0
A	run2	rocket/combineLatest PushNew k=20 round	716.2	737.5	0	0
A	run2	rocket/collectLatest N=100 round	2083.0	2125.0	100	1600
A	run2	rocket/collectLatest N=1000 round	22708.0	22937.5	1000	16000
A	run2	rocket/collectLatest N=10000 round	477292.0	486812.0	10000	160000
A	run2	event/AfterMessageRuleCallEvent, result::Any	298.3	302.0	3	144
A	run2	event/generate_span_id((;))	758.0	812.3	0	0
A	run2	ctor/Message from Any	381.4	399.9	2	80
A	run2	ctor/AnnotationDict()	4.0	4.2	1	16
A	run2	graph/iid n=100 per-iteration	134925.0	135912.5	-1	141355
A	run2	graph/iid n=100 build+activate	2.515875e6	2.560458e6	-1	1937616
A	run2	graph/iid n=1000 per-iteration	1.3168542e6	1.3293416e6	-1	1408555
A	run2	graph/iid n=1000 build+activate	2.4065209e7	2.4196042e7	-1	19144912
A	run2	graph/iid n=10000 per-iteration	1.94128583e7	2.1122775e7	-1	14080555
A	run2	graph/iid n=10000 build+activate	2.46527958e8	2.52839792e8	-1	191624592
A	run2	graph/iid n=1000 no-FE per-iteration	1.1815875e6	1.2078e6	-1	1248395
A	run2	graph/iid n=1000 no-FE build+activate	2.046775e7	2.0828208e7	-1	16093936
A	run2	graph/chain n=300 per-iteration	2.5208667e6	2.5496625e6	-1	1867595
A	run2	graph/chain n=300 build+activate	2.1472583e7	2.1813875e7	-1	16184288
A	run2	graph/chain n=1000 per-iteration	9.4402917e6	9.5065333e6	-1	6235595
A	run2	graph/chain n=1000 build+activate	7.5467291e7	7.6030084e7	-1	53951696
A	run2	graph/chain n=1000 no-FE per-iteration	7.455575e6	7.4951041e6	-1	4509003
A	run2	graph/chain n=1000 no-FE build+activate	6.21855e7	6.3383542e7	-1	44031312
E4	run3	map/direct  NMV->out m[μ]::NMV m[v]::PM (BP)	69.8	72.9	5	192
E4	run3	map/barrier NMV->out m[μ]::NMV m[v]::PM (BP)	97.7	110.2	6	224
E4	run3	map/callbacks=(;) NMV->out m[μ]::NMV m[v]::PM (BP)	71.1	73.2	5	224
E4	run3	resolve/barrier NMV->out m[μ]::NMV m[v]::PM (BP)	25.9	26.4	2	160
E4	run3	exec/execute_rule NMV->out m[μ]::NMV m[v]::PM (BP)	49.5	51.9	4	240
E4	run3	deferred/barrier NMV->out m[μ]::NMV m[v]::PM (BP)	106.5	113.3	6	224
E4	run3	map/direct  NMP->μ q[out]::PM q[τ]::Gamma (VMP)	68.4	72.2	5	192
E4	run3	map/barrier NMP->μ q[out]::PM q[τ]::Gamma (VMP)	99.0	108.1	6	224
E4	run3	map/callbacks=(;) NMP->μ q[out]::PM q[τ]::Gamma (VMP)	69.7	72.1	5	224
E4	run3	resolve/barrier NMP->μ q[out]::PM q[τ]::Gamma (VMP)	26.2	26.9	2	160
E4	run3	exec/execute_rule NMP->μ q[out]::PM q[τ]::Gamma (VMP)	49.8	52.3	4	240
E4	run3	deferred/barrier NMP->μ q[out]::PM q[τ]::Gamma (VMP)	105.3	115.8	6	224
E4	run3	map/direct  NMP->τ q[out]::PM q[μ]::NMV (VMP)	71.6	73.7	5	192
E4	run3	map/barrier NMP->τ q[out]::PM q[μ]::NMV (VMP)	98.0	104.5	6	224
E4	run3	map/callbacks=(;) NMP->τ q[out]::PM q[μ]::NMV (VMP)	72.5	74.0	5	224
E4	run3	resolve/barrier NMP->τ q[out]::PM q[μ]::NMV (VMP)	26.4	27.4	2	160
E4	run3	exec/execute_rule NMP->τ q[out]::PM q[μ]::NMV (VMP)	50.0	53.6	4	240
E4	run3	deferred/barrier NMP->τ q[out]::PM q[μ]::NMV (VMP)	103.1	111.4	6	224
E4	run3	map/direct  MvNMC->out m[μ]::MvNMC(3) m[Σ]::PM (BP)	98.7	102.9	7	336
E4	run3	map/barrier MvNMC->out m[μ]::MvNMC(3) m[Σ]::PM (BP)	117.7	125.6	8	368
E4	run3	map/callbacks=(;) MvNMC->out m[μ]::MvNMC(3) m[Σ]::PM (BP)	97.8	106.5	7	368
E4	run3	resolve/barrier MvNMC->out m[μ]::MvNMC(3) m[Σ]::PM (BP)	25.2	26.7	2	160
E4	run3	exec/execute_rule MvNMC->out m[μ]::MvNMC(3) m[Σ]::PM (BP)	70.6	74.2	6	384
E4	run3	deferred/barrier MvNMC->out m[μ]::MvNMC(3) m[Σ]::PM (BP)	132.2	141.9	8	368
E4	run3	map/direct  Bernoulli->out m[p]::Beta	68.4	71.1	5	176
E4	run3	map/barrier Bernoulli->out m[p]::Beta	96.3	103.7	6	208
E4	run3	map/callbacks=(;) Bernoulli->out m[p]::Beta	71.0	74.9	5	208
E4	run3	resolve/barrier Bernoulli->out m[p]::Beta	25.8	27.4	2	160
E4	run3	exec/execute_rule Bernoulli->out m[p]::Beta	50.0	52.5	4	224
E4	run3	deferred/barrier Bernoulli->out m[p]::Beta	103.5	112.3	6	208
E4	run3	map/direct  Categorical->p q[out]::Categorical	164.7	180.8	7	272
E4	run3	map/barrier Categorical->p q[out]::Categorical	183.5	196.7	8	304
E4	run3	map/callbacks=(;) Categorical->p q[out]::Categorical	171.4	184.0	7	304
E4	run3	resolve/barrier Categorical->p q[out]::Categorical	25.9	27.7	2	160
E4	run3	exec/execute_rule Categorical->p q[out]::Categorical	131.7	137.8	6	320
E4	run3	deferred/barrier Categorical->p q[out]::Categorical	203.4	218.2	8	304
E4	run3	joint-marginal/barrier NMV (out,μ)	146.4	161.4	9	352
E4	run3	product/NMV x2	523.9	553.2	6	192
E4	run3	product/NMV x5	594.4	627.5	15	432
E4	run3	product/NMV x10	730.5	750.0	30	832
E4	run3	product/NMV x100	2662.0	2833.3	300	8032
E4	run3	product/deferred NMV x10	906.5	951.2	30	832
E4	run3	product/MvNMC(3) x3	1333.3	1400.0	31	1536
E4	run3	product/Gamma x10	734.2	762.8	30	832
E4	run3	marginal-at-variable/NMV x3	597.5	629.0	10	320
E4	run3	rocket/subject fan-out k=1	16.5	17.7	0	0
E4	run3	rocket/subject fan-out k=10	110.7	115.4	0	0
E4	run3	rocket/subject fan-out k=100	977.7	988.9	0	0
E4	run3	rocket/combineLatest PushNew k=2 round	68.3	68.9	0	0
E4	run3	rocket/combineLatest PushNew k=5 round	160.9	165.6	0	0
E4	run3	rocket/combineLatest PushNew k=10 round	356.3	369.3	0	0
E4	run3	rocket/combineLatest PushNew k=20 round	717.6	740.8	0	0
E4	run3	rocket/collectLatest N=100 round	2166.0	2208.0	100	1600
E4	run3	rocket/collectLatest N=1000 round	23000.0	23125.0	1000	16000
E4	run3	rocket/collectLatest N=10000 round	495083.0	497167.0	10000	160000
E4	run3	event/AfterMessageRuleCallEvent, result::Any	300.3	303.5	3	144
E4	run3	event/generate_span_id((;))	3.6	3.7	0	0
E4	run3	ctor/Message from Any	387.7	404.3	2	80
E4	run3	ctor/AnnotationDict()	4.0	4.2	1	16
E4	run3	graph/iid n=100 per-iteration	49041.7	49566.7	-1	78748
E4	run3	graph/iid n=100 build+activate	1.344625e6	1.351167e6	-1	1490656
E4	run3	graph/iid n=1000 per-iteration	455962.5	463341.7	-1	784348
E4	run3	graph/iid n=1000 build+activate	1.2146208e7	1.238775e7	-1	14709152
E4	run3	graph/iid n=10000 per-iteration	6.7559875e6	6.8186541e6	-1	7840348
E4	run3	graph/iid n=10000 build+activate	1.271745e8	1.31835084e8	-1	147300832
E4	run3	graph/iid n=1000 no-FE per-iteration	333254.1	337733.3	-1	624188
E4	run3	graph/iid n=1000 no-FE build+activate	1.1208792e7	1.1375542e7	-1	12330848
E4	run3	graph/chain n=300 per-iteration	1.0846917e6	1.1032458e6	-1	1134812
E4	run3	graph/chain n=300 build+activate	1.0197084e7	1.03525e7	-1	12683776
FULL	run3	map/direct  NMV->out m[μ]::NMV m[v]::PM (BP)	67.8	70.8	5	192
FULL	run3	map/barrier NMV->out m[μ]::NMV m[v]::PM (BP)	98.6	105.1	6	224
FULL	run3	map/callbacks=(;) NMV->out m[μ]::NMV m[v]::PM (BP)	71.0	73.0	5	224
FULL	run3	resolve/barrier NMV->out m[μ]::NMV m[v]::PM (BP)	25.9	26.5	2	160
FULL	run3	exec/execute_rule NMV->out m[μ]::NMV m[v]::PM (BP)	48.4	51.7	4	240
FULL	run3	deferred/barrier NMV->out m[μ]::NMV m[v]::PM (BP)	105.1	113.1	6	224
FULL	run3	map/direct  NMP->μ q[out]::PM q[τ]::Gamma (VMP)	68.8	72.1	5	192
FULL	run3	map/barrier NMP->μ q[out]::PM q[τ]::Gamma (VMP)	99.1	106.9	6	224
FULL	run3	map/callbacks=(;) NMP->μ q[out]::PM q[τ]::Gamma (VMP)	71.3	73.2	5	224
FULL	run3	resolve/barrier NMP->μ q[out]::PM q[τ]::Gamma (VMP)	26.4	27.3	2	160
FULL	run3	exec/execute_rule NMP->μ q[out]::PM q[τ]::Gamma (VMP)	49.9	52.5	4	240
FULL	run3	deferred/barrier NMP->μ q[out]::PM q[τ]::Gamma (VMP)	106.7	114.2	6	224
FULL	run3	map/direct  NMP->τ q[out]::PM q[μ]::NMV (VMP)	71.0	72.6	5	192
FULL	run3	map/barrier NMP->τ q[out]::PM q[μ]::NMV (VMP)	97.7	101.6	6	224
FULL	run3	map/callbacks=(;) NMP->τ q[out]::PM q[μ]::NMV (VMP)	73.2	74.7	5	224
FULL	run3	resolve/barrier NMP->τ q[out]::PM q[μ]::NMV (VMP)	26.7	27.5	2	160
FULL	run3	exec/execute_rule NMP->τ q[out]::PM q[μ]::NMV (VMP)	50.6	53.2	4	240
FULL	run3	deferred/barrier NMP->τ q[out]::PM q[μ]::NMV (VMP)	102.9	110.8	6	224
FULL	run3	map/direct  MvNMC->out m[μ]::MvNMC(3) m[Σ]::PM (BP)	96.7	106.2	7	336
FULL	run3	map/barrier MvNMC->out m[μ]::MvNMC(3) m[Σ]::PM (BP)	123.1	128.9	8	368
FULL	run3	map/callbacks=(;) MvNMC->out m[μ]::MvNMC(3) m[Σ]::PM (BP)	97.1	102.9	7	368
FULL	run3	resolve/barrier MvNMC->out m[μ]::MvNMC(3) m[Σ]::PM (BP)	25.8	26.9	2	160
FULL	run3	exec/execute_rule MvNMC->out m[μ]::MvNMC(3) m[Σ]::PM (BP)	69.4	74.3	6	384
FULL	run3	deferred/barrier MvNMC->out m[μ]::MvNMC(3) m[Σ]::PM (BP)	141.1	148.9	8	368
FULL	run3	map/direct  Bernoulli->out m[p]::Beta	68.2	70.3	5	176
FULL	run3	map/barrier Bernoulli->out m[p]::Beta	96.6	102.1	6	208
FULL	run3	map/callbacks=(;) Bernoulli->out m[p]::Beta	73.3	75.6	5	208
FULL	run3	resolve/barrier Bernoulli->out m[p]::Beta	26.4	27.4	2	160
FULL	run3	exec/execute_rule Bernoulli->out m[p]::Beta	50.7	53.1	4	224
FULL	run3	deferred/barrier Bernoulli->out m[p]::Beta	100.1	105.8	6	208
FULL	run3	map/direct  Categorical->p q[out]::Categorical	171.7	180.8	7	272
FULL	run3	map/barrier Categorical->p q[out]::Categorical	186.4	199.9	8	304
FULL	run3	map/callbacks=(;) Categorical->p q[out]::Categorical	173.8	186.9	7	304
FULL	run3	resolve/barrier Categorical->p q[out]::Categorical	26.3	27.4	2	160
FULL	run3	exec/execute_rule Categorical->p q[out]::Categorical	127.7	144.4	6	320
FULL	run3	deferred/barrier Categorical->p q[out]::Categorical	199.9	217.0	8	304
FULL	run3	joint-marginal/barrier NMV (out,μ)	146.5	161.8	9	352
FULL	run3	product/NMV x2	532.9	553.7	6	192
FULL	run3	product/NMV x5	605.8	627.8	15	432
FULL	run3	product/NMV x10	711.6	748.8	30	832
FULL	run3	product/NMV x100	2648.1	2791.7	300	8032
FULL	run3	product/deferred NMV x10	910.9	949.1	30	832
FULL	run3	product/MvNMC(3) x3	1370.8	1412.5	31	1536
FULL	run3	product/Gamma x10	729.6	757.2	30	832
FULL	run3	marginal-at-variable/NMV x3	619.8	635.8	10	320
FULL	run3	rocket/subject fan-out k=1	15.6	16.4	0	0
FULL	run3	rocket/subject fan-out k=10	109.2	111.0	0	0
FULL	run3	rocket/subject fan-out k=100	931.9	963.9	0	0
FULL	run3	rocket/combineLatest PushNew k=2 round	67.2	69.3	0	0
FULL	run3	rocket/combineLatest PushNew k=5 round	159.4	164.5	0	0
FULL	run3	rocket/combineLatest PushNew k=10 round	341.7	357.2	0	0
FULL	run3	rocket/combineLatest PushNew k=20 round	680.4	702.7	0	0
FULL	run3	rocket/collectLatest N=100 round	1875.0	1916.5	100	1600
FULL	run3	rocket/collectLatest N=1000 round	19000.0	19167.0	1000	16000
FULL	run3	rocket/collectLatest N=10000 round	192500.0	196646.0	10000	160000
FULL	run3	event/AfterMessageRuleCallEvent, result::Any	293.1	297.6	3	144
FULL	run3	event/generate_span_id((;))	3.6	3.7	0	0
FULL	run3	ctor/Message from Any	396.7	412.3	2	80
FULL	run3	ctor/AnnotationDict()	4.0	4.2	1	16
FULL	run3	graph/iid n=100 per-iteration	47720.9	48650.0	-1	70668
FULL	run3	graph/iid n=100 build+activate	1.355708e6	1.377292e6	-1	1343104
FULL	run3	graph/iid n=1000 per-iteration	445575.0	451333.3	-1	704268
FULL	run3	graph/iid n=1000 build+activate	1.2438625e7	1.2527042e7	-1	13251200
FULL	run3	graph/iid n=10000 per-iteration	5.6655875e6	5.7320625e6	-1	7040268
FULL	run3	graph/iid n=10000 build+activate	1.27912667e8	1.32701583e8	-1	132738880
FULL	run3	graph/iid n=1000 no-FE per-iteration	337870.9	344587.5	-1	624188
FULL	run3	graph/iid n=1000 no-FE build+activate	1.1186042e7	1.1341625e7	-1	11705920
FULL	run3	graph/chain n=300 per-iteration	1.0706708e6	1.0836e6	-1	1086812
FULL	run3	graph/chain n=300 build+activate	1.1475e7	1.1605667e7	-1	11028176
FULL	run3	graph/chain n=1000 per-iteration	4.1046584e6	4.2718083e6	-1	3629212
FULL	run3	graph/chain n=1000 build+activate	4.0260875e7	4.1478833e7	-1	36753584
FULL	run3	graph/chain n=1000 no-FE per-iteration	3.0882917e6	3.1208958e6	-1	2654028
FULL	run3	graph/chain n=1000 no-FE build+activate	3.5891208e7	3.6116375e7	-1	32287104
FULLPC	run3	map/direct  NMV->out m[μ]::NMV m[v]::PM (BP)	68.7	71.8	5	192
FULLPC	run3	map/barrier NMV->out m[μ]::NMV m[v]::PM (BP)	98.9	106.0	6	224
FULLPC	run3	map/callbacks=(;) NMV->out m[μ]::NMV m[v]::PM (BP)	71.2	72.6	5	224
FULLPC	run3	resolve/barrier NMV->out m[μ]::NMV m[v]::PM (BP)	25.9	26.5	2	160
FULLPC	run3	exec/execute_rule NMV->out m[μ]::NMV m[v]::PM (BP)	49.5	51.9	4	240
FULLPC	run3	deferred/barrier NMV->out m[μ]::NMV m[v]::PM (BP)	105.8	112.8	6	224
FULLPC	run3	map/direct  NMP->μ q[out]::PM q[τ]::Gamma (VMP)	68.3	72.4	5	192
FULLPC	run3	map/barrier NMP->μ q[out]::PM q[τ]::Gamma (VMP)	99.9	107.8	6	224
FULLPC	run3	map/callbacks=(;) NMP->μ q[out]::PM q[τ]::Gamma (VMP)	71.7	73.3	5	224
FULLPC	run3	resolve/barrier NMP->μ q[out]::PM q[τ]::Gamma (VMP)	26.1	27.1	2	160
FULLPC	run3	exec/execute_rule NMP->μ q[out]::PM q[τ]::Gamma (VMP)	49.0	52.5	4	240
FULLPC	run3	deferred/barrier NMP->μ q[out]::PM q[τ]::Gamma (VMP)	109.1	114.3	6	224
FULLPC	run3	map/direct  NMP->τ q[out]::PM q[μ]::NMV (VMP)	69.2	72.7	5	192
FULLPC	run3	map/barrier NMP->τ q[out]::PM q[μ]::NMV (VMP)	97.5	105.6	6	224
FULLPC	run3	map/callbacks=(;) NMP->τ q[out]::PM q[μ]::NMV (VMP)	77.8	81.8	5	224
FULLPC	run3	resolve/barrier NMP->τ q[out]::PM q[μ]::NMV (VMP)	26.6	27.6	2	160
FULLPC	run3	exec/execute_rule NMP->τ q[out]::PM q[μ]::NMV (VMP)	50.9	54.7	4	240
FULLPC	run3	deferred/barrier NMP->τ q[out]::PM q[μ]::NMV (VMP)	103.3	110.6	6	224
FULLPC	run3	map/direct  MvNMC->out m[μ]::MvNMC(3) m[Σ]::PM (BP)	94.5	103.9	7	336
FULLPC	run3	map/barrier MvNMC->out m[μ]::MvNMC(3) m[Σ]::PM (BP)	118.7	126.9	8	368
FULLPC	run3	map/callbacks=(;) MvNMC->out m[μ]::MvNMC(3) m[Σ]::PM (BP)	98.0	106.9	7	368
FULLPC	run3	resolve/barrier MvNMC->out m[μ]::MvNMC(3) m[Σ]::PM (BP)	25.2	26.9	2	160
FULLPC	run3	exec/execute_rule MvNMC->out m[μ]::MvNMC(3) m[Σ]::PM (BP)	69.7	74.5	6	384
FULLPC	run3	deferred/barrier MvNMC->out m[μ]::MvNMC(3) m[Σ]::PM (BP)	138.2	143.9	8	368
FULLPC	run3	map/direct  Bernoulli->out m[p]::Beta	67.8	71.4	5	176
FULLPC	run3	map/barrier Bernoulli->out m[p]::Beta	96.6	104.1	6	208
FULLPC	run3	map/callbacks=(;) Bernoulli->out m[p]::Beta	72.3	75.9	5	208
FULLPC	run3	resolve/barrier Bernoulli->out m[p]::Beta	26.3	27.3	2	160
FULLPC	run3	exec/execute_rule Bernoulli->out m[p]::Beta	50.1	52.5	4	224
FULLPC	run3	deferred/barrier Bernoulli->out m[p]::Beta	103.0	111.7	6	208
FULLPC	run3	map/direct  Categorical->p q[out]::Categorical	166.1	178.5	7	272
FULLPC	run3	map/barrier Categorical->p q[out]::Categorical	187.2	203.9	8	304
FULLPC	run3	map/callbacks=(;) Categorical->p q[out]::Categorical	169.9	178.6	7	304
FULLPC	run3	resolve/barrier Categorical->p q[out]::Categorical	26.6	27.8	2	160
FULLPC	run3	exec/execute_rule Categorical->p q[out]::Categorical	133.2	144.7	6	320
FULLPC	run3	deferred/barrier Categorical->p q[out]::Categorical	198.3	213.7	8	304
FULLPC	run3	joint-marginal/barrier NMV (out,μ)	148.5	156.9	9	352
FULLPC	run3	product/NMV x2	523.0	542.3	6	192
FULLPC	run3	product/NMV x5	588.4	616.2	15	432
FULLPC	run3	product/NMV x10	703.0	737.3	30	832
FULLPC	run3	product/NMV x100	2611.1	2773.1	300	8032
FULLPC	run3	product/deferred NMV x10	943.2	963.4	30	832
FULLPC	run3	product/MvNMC(3) x3	1341.6	1416.6	31	1536
FULLPC	run3	product/Gamma x10	721.0	736.2	30	832
FULLPC	run3	marginal-at-variable/NMV x3	597.6	628.0	10	320
FULLPC	run3	rocket/subject fan-out k=1	16.2	16.8	0	0
FULLPC	run3	rocket/subject fan-out k=10	106.7	110.7	0	0
FULLPC	run3	rocket/subject fan-out k=100	928.8	960.0	0	0
FULLPC	run3	rocket/combineLatest PushNew k=2 round	39.1	39.8	0	0
FULLPC	run3	rocket/combineLatest PushNew k=5 round	83.8	87.1	0	0
FULLPC	run3	rocket/combineLatest PushNew k=10 round	201.4	209.8	0	0
FULLPC	run3	rocket/combineLatest PushNew k=20 round	380.3	393.8	0	0
FULLPC	run3	rocket/collectLatest N=100 round	1834.0	1916.0	100	1600
FULLPC	run3	rocket/collectLatest N=1000 round	19583.0	19791.0	1000	16000
FULLPC	run3	rocket/collectLatest N=10000 round	199208.0	204187.5	10000	160000
FULLPC	run3	event/AfterMessageRuleCallEvent, result::Any	305.8	309.8	3	144
FULLPC	run3	event/generate_span_id((;))	3.6	3.7	0	0
FULLPC	run3	ctor/Message from Any	380.5	395.8	2	80
FULLPC	run3	ctor/AnnotationDict()	4.0	4.2	1	16
FULLPC	run3	graph/iid n=100 per-iteration	45425.0	46358.3	-1	70668
FULLPC	run3	graph/iid n=100 build+activate	1.375e6	1.397542e6	-1	1343104
FULLPC	run3	graph/iid n=1000 per-iteration	441062.5	443558.4	-1	704268
FULLPC	run3	graph/iid n=1000 build+activate	1.2799917e7	1.2935291e7	-1	13251200
FULLPC	run3	graph/iid n=10000 per-iteration	5.5930208e6	5.6510334e6	-1	7040268
FULLPC	run3	graph/iid n=10000 build+activate	1.32222959e8	1.36422959e8	-1	132738880
FULLPC	run3	graph/iid n=1000 no-FE per-iteration	319570.9	322179.1	-1	624188
FULLPC	run3	graph/iid n=1000 no-FE build+activate	1.1426334e7	1.1508709e7	-1	11705920
FULLPC	run3	graph/chain n=300 per-iteration	1.0785959e6	1.0965458e6	-1	1086812
FULLPC	run3	graph/chain n=300 build+activate	1.0876209e7	1.1111542e7	-1	11028176
FULLPC	run3	graph/chain n=1000 per-iteration	4.1877834e6	4.3239875e6	-1	3629212
FULLPC	run3	graph/chain n=1000 build+activate	3.8501833e7	3.9915375e7	-1	36753584
FULLPC	run3	graph/chain n=1000 no-FE per-iteration	3.1602291e6	3.1798625e6	-1	2654028
FULLPC	run3	graph/chain n=1000 no-FE build+activate	3.3721958e7	3.4111e7	-1	32287104
A	run3	map/direct  NMV->out m[μ]::NMV m[v]::PM (BP)	878.6	921.1	15	752
A	run3	map/barrier NMV->out m[μ]::NMV m[v]::PM (BP)	898.3	940.9	16	784
A	run3	map/callbacks=(;) NMV->out m[μ]::NMV m[v]::PM (BP)	1662.5	1741.6	16	800
A	run3	resolve/barrier NMV->out m[μ]::NMV m[v]::PM (BP)	25.8	26.4	2	160
A	run3	exec/execute_rule NMV->out m[μ]::NMV m[v]::PM (BP)	49.3	51.5	4	240
A	run3	deferred/barrier NMV->out m[μ]::NMV m[v]::PM (BP)	904.3	922.3	16	784
A	run3	map/direct  NMP->μ q[out]::PM q[τ]::Gamma (VMP)	1045.8	1083.4	17	880
A	run3	map/barrier NMP->μ q[out]::PM q[τ]::Gamma (VMP)	1070.8	1129.2	18	912
A	run3	map/callbacks=(;) NMP->μ q[out]::PM q[τ]::Gamma (VMP)	1887.5	1925.0	18	928
A	run3	resolve/barrier NMP->μ q[out]::PM q[τ]::Gamma (VMP)	26.1	26.6	2	160
A	run3	exec/execute_rule NMP->μ q[out]::PM q[τ]::Gamma (VMP)	49.6	51.7	4	240
A	run3	deferred/barrier NMP->μ q[out]::PM q[τ]::Gamma (VMP)	1083.3	1125.0	18	912
A	run3	map/direct  NMP->τ q[out]::PM q[μ]::NMV (VMP)	1041.6	1075.0	17	880
A	run3	map/barrier NMP->τ q[out]::PM q[μ]::NMV (VMP)	1050.0	1091.6	18	912
A	run3	map/callbacks=(;) NMP->τ q[out]::PM q[μ]::NMV (VMP)	1883.3	1920.8	18	928
A	run3	resolve/barrier NMP->τ q[out]::PM q[μ]::NMV (VMP)	26.3	27.1	2	160
A	run3	exec/execute_rule NMP->τ q[out]::PM q[μ]::NMV (VMP)	49.3	52.6	4	240
A	run3	deferred/barrier NMP->τ q[out]::PM q[μ]::NMV (VMP)	1062.5	1100.0	18	912
A	run3	map/direct  MvNMC->out m[μ]::MvNMC(3) m[Σ]::PM (BP)	905.1	923.6	17	896
A	run3	map/barrier MvNMC->out m[μ]::MvNMC(3) m[Σ]::PM (BP)	922.2	961.1	18	928
A	run3	map/callbacks=(;) MvNMC->out m[μ]::MvNMC(3) m[Σ]::PM (BP)	1675.0	1754.2	18	944
A	run3	resolve/barrier MvNMC->out m[μ]::MvNMC(3) m[Σ]::PM (BP)	25.8	26.4	2	160
A	run3	exec/execute_rule MvNMC->out m[μ]::MvNMC(3) m[Σ]::PM (BP)	70.4	75.1	6	384
A	run3	deferred/barrier MvNMC->out m[μ]::MvNMC(3) m[Σ]::PM (BP)	932.7	956.7	18	928
A	run3	map/direct  Bernoulli->out m[p]::Beta	1075.0	1108.3	17	784
A	run3	map/barrier Bernoulli->out m[p]::Beta	1058.3	1114.6	18	816
A	run3	map/callbacks=(;) Bernoulli->out m[p]::Beta	1883.3	1920.8	18	832
A	run3	resolve/barrier Bernoulli->out m[p]::Beta	26.3	26.8	2	160
A	run3	exec/execute_rule Bernoulli->out m[p]::Beta	51.4	53.7	4	224
A	run3	deferred/barrier Bernoulli->out m[p]::Beta	1075.0	1120.9	18	816
A	run3	map/direct  Categorical->p q[out]::Categorical	1129.2	1183.3	19	944
A	run3	map/barrier Categorical->p q[out]::Categorical	1150.0	1216.7	20	976
A	run3	map/callbacks=(;) Categorical->p q[out]::Categorical	1966.6	2008.3	20	992
A	run3	resolve/barrier Categorical->p q[out]::Categorical	26.3	26.9	2	160
A	run3	exec/execute_rule Categorical->p q[out]::Categorical	134.0	140.9	6	320
A	run3	deferred/barrier Categorical->p q[out]::Categorical	1162.5	1212.5	20	976
A	run3	joint-marginal/barrier NMV (out,μ)	237.1	254.5	15	784
A	run3	product/NMV x2	1266.6	1291.7	9	304
A	run3	product/NMV x5	1333.3	1358.4	18	544
A	run3	product/NMV x10	1445.9	1475.0	33	944
A	run3	product/NMV x100	3479.1	3572.9	303	8144
A	run3	product/deferred NMV x10	1641.6	1679.2	33	944
A	run3	product/MvNMC(3) x3	2143.4	2199.1	34	1648
A	run3	product/Gamma x10	1470.8	1533.4	33	944
A	run3	marginal-at-variable/NMV x3	1575.0	1616.6	14	464
A	run3	rocket/subject fan-out k=1	15.6	16.5	0	0
A	run3	rocket/subject fan-out k=10	105.2	108.8	0	0
A	run3	rocket/subject fan-out k=100	962.3	970.2	0	0
A	run3	rocket/combineLatest PushNew k=2 round	68.6	70.9	0	0
A	run3	rocket/combineLatest PushNew k=5 round	161.2	166.2	0	0
A	run3	rocket/combineLatest PushNew k=10 round	356.6	368.1	0	0
A	run3	rocket/combineLatest PushNew k=20 round	716.0	737.7	0	0
A	run3	rocket/collectLatest N=100 round	2125.0	2166.5	100	1600
A	run3	rocket/collectLatest N=1000 round	23042.0	23166.5	1000	16000
A	run3	rocket/collectLatest N=10000 round	494083.0	503792.0	10000	160000
A	run3	event/AfterMessageRuleCallEvent, result::Any	301.5	305.1	3	144
A	run3	event/generate_span_id((;))	758.5	814.6	0	0
A	run3	ctor/Message from Any	386.5	411.7	2	80
A	run3	ctor/AnnotationDict()	4.0	4.2	1	16
A	run3	graph/iid n=100 per-iteration	138600.0	139516.6	-1	141355
A	run3	graph/iid n=100 build+activate	2.513333e6	2.533625e6	-1	1937616
A	run3	graph/iid n=1000 per-iteration	1.33245e6	1.3383292e6	-1	1408555
A	run3	graph/iid n=1000 build+activate	2.4042875e7	2.4218709e7	-1	19144912
A	run3	graph/iid n=10000 per-iteration	2.02933834e7	2.13558292e7	-1	14080555
A	run3	graph/iid n=10000 build+activate	2.50067417e8	2.51410833e8	-1	191624592
A	run3	graph/iid n=1000 no-FE per-iteration	1.2114125e6	1.2298917e6	-1	1248395
A	run3	graph/iid n=1000 no-FE build+activate	2.0547875e7	2.0776875e7	-1	16093936
A	run3	graph/chain n=300 per-iteration	2.5679416e6	2.5770416e6	-1	1867595
A	run3	graph/chain n=300 build+activate	2.1464834e7	2.1831083e7	-1	16184288
A	run3	graph/chain n=1000 per-iteration	9.4002042e6	9.5962791e6	-1	6235595
A	run3	graph/chain n=1000 build+activate	7.4794e7	7.55415e7	-1	53951696
A	run3	graph/chain n=1000 no-FE per-iteration	7.4535042e6	7.5485542e6	-1	4509003
A	run3	graph/chain n=1000 no-FE build+activate	6.2744333e7	6.3310666e7	-1	44031312
P12	run3	map/direct  NMV->out m[μ]::NMV m[v]::PM (BP)	168.3	181.8	11	576
P12	run3	map/barrier NMV->out m[μ]::NMV m[v]::PM (BP)	187.9	205.0	12	608
P12	run3	map/callbacks=(;) NMV->out m[μ]::NMV m[v]::PM (BP)	170.1	181.0	11	576
P12	run3	resolve/barrier NMV->out m[μ]::NMV m[v]::PM (BP)	23.5	24.3	2	160
P12	run3	exec/execute_rule NMV->out m[μ]::NMV m[v]::PM (BP)	42.6	44.4	4	240
P12	run3	deferred/barrier NMV->out m[μ]::NMV m[v]::PM (BP)	199.5	213.5	12	608
P12	run3	map/direct  NMP->μ q[out]::PM q[τ]::Gamma (VMP)	170.0	177.5	11	576
P12	run3	map/barrier NMP->μ q[out]::PM q[τ]::Gamma (VMP)	194.0	202.7	12	608
P12	run3	map/callbacks=(;) NMP->μ q[out]::PM q[τ]::Gamma (VMP)	168.6	177.3	11	576
P12	run3	resolve/barrier NMP->μ q[out]::PM q[τ]::Gamma (VMP)	23.5	24.4	2	160
P12	run3	exec/execute_rule NMP->μ q[out]::PM q[τ]::Gamma (VMP)	43.1	44.8	4	240
P12	run3	deferred/barrier NMP->μ q[out]::PM q[τ]::Gamma (VMP)	201.4	211.4	12	608
P12	run3	map/direct  NMP->τ q[out]::PM q[μ]::NMV (VMP)	185.7	197.0	11	576
P12	run3	map/barrier NMP->τ q[out]::PM q[μ]::NMV (VMP)	206.3	221.2	12	608
P12	run3	map/callbacks=(;) NMP->τ q[out]::PM q[μ]::NMV (VMP)	170.2	182.2	11	576
P12	run3	resolve/barrier NMP->τ q[out]::PM q[μ]::NMV (VMP)	23.7	24.7	2	160
P12	run3	exec/execute_rule NMP->τ q[out]::PM q[μ]::NMV (VMP)	42.5	45.1	4	240
P12	run3	deferred/barrier NMP->τ q[out]::PM q[μ]::NMV (VMP)	213.8	223.5	12	608
P12	run3	map/direct  MvNMC->out m[μ]::MvNMC(3) m[Σ]::PM (BP)	203.7	217.5	13	720
P12	run3	map/barrier MvNMC->out m[μ]::MvNMC(3) m[Σ]::PM (BP)	225.2	243.0	14	752
P12	run3	map/callbacks=(;) MvNMC->out m[μ]::MvNMC(3) m[Σ]::PM (BP)	194.8	207.0	13	720
P12	run3	resolve/barrier MvNMC->out m[μ]::MvNMC(3) m[Σ]::PM (BP)	23.4	24.2	2	160
P12	run3	exec/execute_rule MvNMC->out m[μ]::MvNMC(3) m[Σ]::PM (BP)	62.0	65.4	6	384
P12	run3	deferred/barrier MvNMC->out m[μ]::MvNMC(3) m[Σ]::PM (BP)	223.7	238.1	14	752
P12	run3	map/direct  Bernoulli->out m[p]::Beta	161.8	176.5	11	512
P12	run3	map/barrier Bernoulli->out m[p]::Beta	190.6	203.4	12	544
P12	run3	map/callbacks=(;) Bernoulli->out m[p]::Beta	165.6	174.6	11	512
P12	run3	resolve/barrier Bernoulli->out m[p]::Beta	23.9	24.9	2	160
P12	run3	exec/execute_rule Bernoulli->out m[p]::Beta	41.8	44.9	4	224
P12	run3	deferred/barrier Bernoulli->out m[p]::Beta	194.5	207.7	12	544
P12	run3	map/direct  Categorical->p q[out]::Categorical	268.3	282.2	13	656
P12	run3	map/barrier Categorical->p q[out]::Categorical	289.7	301.0	14	688
P12	run3	map/callbacks=(;) Categorical->p q[out]::Categorical	270.0	286.8	13	656
P12	run3	resolve/barrier Categorical->p q[out]::Categorical	23.9	24.9	2	160
P12	run3	exec/execute_rule Categorical->p q[out]::Categorical	131.0	137.9	6	320
P12	run3	deferred/barrier Categorical->p q[out]::Categorical	289.7	308.2	14	688
P12	run3	joint-marginal/barrier NMV (out,μ)	221.5	238.7	15	784
P12	run3	product/NMV x2	503.2	520.8	6	192
P12	run3	product/NMV x5	575.0	591.3	15	432
P12	run3	product/NMV x10	663.3	691.1	30	832
P12	run3	product/NMV x100	2240.7	2333.3	300	8032
P12	run3	product/deferred NMV x10	814.7	832.0	30	832
P12	run3	product/MvNMC(3) x3	1304.1	1362.5	31	1536
P12	run3	product/Gamma x10	673.0	698.5	30	832
P12	run3	marginal-at-variable/NMV x3	593.5	617.4	10	320
P12	run3	rocket/subject fan-out k=1	12.6	12.8	0	0
P12	run3	rocket/subject fan-out k=10	99.9	103.6	0	0
P12	run3	rocket/subject fan-out k=100	929.6	959.8	0	0
P12	run3	rocket/combineLatest PushNew k=2 round	67.9	70.4	0	0
P12	run3	rocket/combineLatest PushNew k=5 round	160.0	165.2	0	0
P12	run3	rocket/combineLatest PushNew k=10 round	363.5	375.5	0	0
P12	run3	rocket/combineLatest PushNew k=20 round	730.3	733.4	0	0
P12	run3	rocket/collectLatest N=100 round	2125.0	2167.0	100	1600
P12	run3	rocket/collectLatest N=1000 round	23167.0	23312.5	1000	16000
P12	run3	rocket/collectLatest N=10000 round	485834.0	497083.5	10000	160000
P12	run3	event/AfterMessageRuleCallEvent, result::Any	296.1	300.5	3	144
P12	run3	event/generate_span_id((;))	3.6	3.7	0	0
P12	run3	ctor/Message from Any	380.1	394.7	2	80
P12	run3	ctor/AnnotationDict()	4.0	4.2	1	16
P12	run3	graph/iid n=100 per-iteration	61029.2	62445.9	-1	110780
P12	run3	graph/iid n=100 build+activate	2.518333e6	2.542458e6	-1	1937616
P12	run3	graph/iid n=1000 per-iteration	598970.8	604537.5	-1	1104380
P12	run3	graph/iid n=1000 build+activate	2.4425208e7	2.4637542e7	-1	19144912
P12	run3	graph/iid n=10000 per-iteration	1.29359917e7	1.38644417e7	-1	11040380
P12	run3	graph/iid n=10000 build+activate	2.54572958e8	2.58047167e8	-1	191624592
P12	run3	graph/iid n=1000 no-FE per-iteration	471754.1	483241.7	-1	944220
P12	run3	graph/iid n=1000 no-FE build+activate	2.0919125e7	2.1160917e7	-1	16093936
P12	run3	graph/chain n=300 per-iteration	1.2862709e6	1.2903958e6	-1	1513100
P12	run3	graph/chain n=300 build+activate	2.2065208e7	2.2203e7	-1	16184288
P12	run3	graph/chain n=1000 per-iteration	5.0884541e6	5.1234833e6	-1	5052300
P12	run3	graph/chain n=1000 build+activate	7.4881875e7	7.601025e7	-1	53951696
P12	run3	graph/chain n=1000 no-FE per-iteration	3.745175e6	3.8032792e6	-1	3485548
P12	run3	graph/chain n=1000 no-FE build+activate	6.2381416e7	6.3315916e7	-1	44031312
