A	run1	ssm1	load	9.38601303100586	9.38601303100586	0	0.0
A	run1	ssm1	ttfx	11.517768667	11.517768667	0	0.0
A	run1	ssm1	infer(I=1)	0.119430667	0.125736083	85546112	0.0
P12	run1	ssm1	load	23.251147985458374	23.251147985458374	0	0.0
P12	run1	ssm1	ttfx	11.463731583	11.463731583	0	0.0
P12	run1	ssm1	infer(I=1)	0.114776917	0.118489541	84105408	0.0
E4	run1	ssm1	load	2.0006120204925537	2.0006120204925537	0	0.0
E4	run1	ssm1	ttfx	13.8105335	13.8105335	0	0.0
E4	run1	ssm1	infer(I=1)	0.0783795	0.082360042	73014064	0.0
FULL	run1	ssm1	load	2.609380006790161	2.609380006790161	0	0.0
FULL	run1	ssm1	ttfx	13.79176725	13.79176725	0	0.0
FULL	run1	ssm1	infer(I=1)	0.078282708	0.081857834	64569440	0.0
FULLPC	run1	ssm1	load	3.164228916168213	3.164228916168213	0	0.0
FULLPC	run1	ssm1	ttfx	6.641143208	6.641143208	0	0.0
FULLPC	run1	ssm1	infer(I=1)	0.073203667	0.077545292	64697568	0.0
v6	run1	ssm1	load	17.73341989517212	17.73341989517212	0	0.0
v6	run1	ssm1	ttfx	12.302414292	12.302414292	0	0.0
v6	run1	ssm1	infer(I=1)	0.064501458	0.072652917	58015632	0.0
A	run1	ssm2	load	2.049891948699951	2.049891948699951	0	0.0
A	run1	ssm2	ttfx	16.825773458	16.825773458	0	0.0
A	run1	ssm2	infer(I=1)	0.19460125	0.201868333	135710832	0.0
P12	run1	ssm2	load	1.8758370876312256	1.8758370876312256	0	0.0
P12	run1	ssm2	ttfx	16.468930083	16.468930083	0	0.0
P12	run1	ssm2	infer(I=1)	0.181227708	0.19136675	133261840	0.0
E4	run1	ssm2	load	1.8805298805236816	1.8805298805236816	0	0.0
E4	run1	ssm2	ttfx	16.727031667	16.727031667	0	0.0
E4	run1	ssm2	infer(I=1)	0.1341705	0.140608	119610592	0.0
FULL	run1	ssm2	load	1.8394858837127686	1.8394858837127686	0	0.0
FULL	run1	ssm2	ttfx	16.787432	16.787432	0	0.0
FULL	run1	ssm2	infer(I=1)	0.130602208	0.140992917	106418672	0.0
FULLPC	run1	ssm2	load	2.132519006729126	2.132519006729126	0	0.0
FULLPC	run1	ssm2	ttfx	11.14074375	11.14074375	0	0.0
FULLPC	run1	ssm2	infer(I=1)	0.125654041	0.135056708	106418672	0.0
v6	run1	ssm2	load	1.97412109375	1.97412109375	0	0.0
v6	run1	ssm2	ttfx	13.163695375	13.163695375	0	0.0
v6	run1	ssm2	infer(I=1)	0.105919667	0.114348625	93951744	0.0
A	run1	iid	load	1.8384990692138672	1.8384990692138672	0	0.0
A	run1	iid	ttfx	8.655199084	8.655199084	0	0.0
A	run1	iid	infer(I=10)	0.070810416	0.073013417	60565760	0.0
A	run1	iid	infer(I=20)	0.100278375	0.104236583	88907072	0.0
A	run1	iid	per-iteration	0.0029467959	0.0031223165999999998	2.8341312e6	0.0
A	run1	iid	setup (T(I) - I*per-iteration)	0.041342457	NaN	32224448	0.0
P12	run1	iid	load	1.850036859512329	1.850036859512329	0	0.0
P12	run1	iid	ttfx	8.608818833	8.608818833	0	0.0
P12	run1	iid	infer(I=10)	0.051780333	0.052425209	51917024	0.0
P12	run1	iid	infer(I=20)	0.06307275	0.0647905	71610336	0.0
P12	run1	iid	per-iteration	0.0011292416999999998	0.0012365291000000001	1.9693312e6	0.0
P12	run1	iid	setup (T(I) - I*per-iteration)	0.040487916	NaN	32223712	0.0
E4	run1	iid	load	1.8782920837402344	1.8782920837402344	0	0.0
E4	run1	iid	ttfx	9.096061459	9.096061459	0	0.0
E4	run1	iid	infer(I=10)	0.035179583	0.035756667	41125504	0.0
E4	run1	iid	infer(I=20)	0.043627625	0.044886708	54418816	0.0
E4	run1	iid	per-iteration	0.0008448042000000003	0.0009130040999999998	1.3293312e6	0.0
E4	run1	iid	setup (T(I) - I*per-iteration)	0.026731540999999998	NaN	27832192	0.0
FULL	run1	iid	load	1.8575100898742676	1.8575100898742676	0	0.0
FULL	run1	iid	ttfx	8.832487125	8.832487125	0	0.0
FULL	run1	iid	infer(I=10)	0.034356708	0.03472025	38455776	0.0
FULL	run1	iid	infer(I=20)	0.042000208	0.043386083	51748128	0.0
FULL	run1	iid	per-iteration	0.0007643499999999998	0.0008665832999999998	1.3292352e6	0.0
FULL	run1	iid	setup (T(I) - I*per-iteration)	0.026713208000000002	NaN	25163424	0.0
FULLPC	run1	iid	load	2.16770601272583	2.16770601272583	0	0.0
FULLPC	run1	iid	ttfx	0.744829583	0.744829583	0	0.0
FULLPC	run1	iid	infer(I=10)	0.031110375	0.031984916	38458336	0.0
FULLPC	run1	iid	infer(I=20)	0.037607084	0.040165917	51753248	0.0
FULLPC	run1	iid	per-iteration	0.0006496709	0.0008181001	1.3294912e6	0.0
FULLPC	run1	iid	setup (T(I) - I*per-iteration)	0.024613666	NaN	25163424	0.0
v6	run1	iid	load	2.0671370029449463	2.0671370029449463	0	0.0
v6	run1	iid	ttfx	7.54623525	7.54623525	0	0.0
v6	run1	iid	infer(I=10)	0.025322584	0.025882292	27513424	0.0
v6	run1	iid	infer(I=20)	0.032090375	0.033299375	34734736	0.0
v6	run1	iid	per-iteration	0.0006767790999999999	0.0007417082999999998	722131.2	0.0
v6	run1	iid	setup (T(I) - I*per-iteration)	0.018554793	NaN	20292112	0.0
A	run1	betabern	load	1.867685079574585	1.867685079574585	0	0.0
A	run1	betabern	ttfx	8.017917542	8.017917542	0	0.0
A	run1	betabern	infer(I=1)	0.16248325	0.165377958	110949872	0.0
P12	run1	betabern	load	1.871196985244751	1.871196985244751	0	0.0
P12	run1	betabern	ttfx	7.917698208	7.917698208	0	0.0
P12	run1	betabern	infer(I=1)	0.1561855	0.161237917	109749168	0.0
E4	run1	betabern	load	1.9142909049987793	1.9142909049987793	0	0.0
E4	run1	betabern	ttfx	8.197141625	8.197141625	0	0.0
E4	run1	betabern	infer(I=1)	0.102974708	0.108035875	94545408	0.0
FULL	run1	betabern	load	1.8742649555206299	1.8742649555206299	0	0.0
FULL	run1	betabern	ttfx	7.927703709	7.927703709	0	0.0
FULL	run1	betabern	infer(I=1)	0.103558083	0.107544208	88311680	0.0
FULLPC	run1	betabern	load	2.162997007369995	2.162997007369995	0	0.0
FULLPC	run1	betabern	ttfx	0.4983685	0.4983685	0	0.0
FULLPC	run1	betabern	infer(I=1)	0.099172167	0.102487375	88311808	0.0
v6	run1	betabern	load	2.009258985519409	2.009258985519409	0	0.0
v6	run1	betabern	ttfx	6.7809905	6.7809905	0	0.0
v6	run1	betabern	infer(I=1)	0.071111084	0.074955167	71656128	0.0
A	run1	nl	load	1.8781239986419678	1.8781239986419678	0	0.0
A	run1	nl	ttfx	16.3366975	16.3366975	0	0.0
A	run1	nl	infer(I=5)	0.081022625	0.082914167	54799328	0.0
A	run1	nl	infer(I=10)	0.110230167	0.111153542	72206352	0.0
A	run1	nl	per-iteration	0.005841508400000001	0.005647874999999999	3.4814048e6	0.0
A	run1	nl	setup (T(I) - I*per-iteration)	0.051815083	NaN	37392304	0.0
P12	run1	nl	load	1.8621981143951416	1.8621981143951416	0	0.0
P12	run1	nl	ttfx	16.310090208	16.310090208	0	0.0
P12	run1	nl	infer(I=5)	0.067375541	0.068543083	50870800	0.0
P12	run1	nl	infer(I=10)	0.081266291	0.085631625	64485264	0.0
P12	run1	nl	per-iteration	0.0027781500000000014	0.0034177083999999995	2.7228928e6	0.0
P12	run1	nl	setup (T(I) - I*per-iteration)	0.05348479099999999	NaN	37256336	0.0
E4	run1	nl	load	1.9135398864746094	1.9135398864746094	0	0.0
E4	run1	nl	ttfx	16.733005125	16.733005125	0	0.0
E4	run1	nl	infer(I=5)	0.049162459	0.051167459	44119024	0.0
E4	run1	nl	infer(I=10)	0.0615925	0.064027583	54950768	0.0
E4	run1	nl	per-iteration	0.0024860082000000006	0.0025720248000000003	2.1663488e6	0.0
E4	run1	nl	setup (T(I) - I*per-iteration)	0.036732417999999996	NaN	33287280	0.0
FULL	run1	nl	load	1.858431100845337	1.858431100845337	0	0.0
FULL	run1	nl	ttfx	17.284175792	17.284175792	0	0.0
FULL	run1	nl	infer(I=5)	0.04963675	0.050371042	39711760	0.0
FULL	run1	nl	infer(I=10)	0.060719208	0.0633085	50543024	0.0
FULL	run1	nl	per-iteration	0.0022164915999999995	0.002587491600000001	2.1662528e6	0.0
FULL	run1	nl	setup (T(I) - I*per-iteration)	0.038554292000000004	NaN	28880496	0.0
FULLPC	run1	nl	load	2.1596529483795166	2.1596529483795166	0	0.0
FULLPC	run1	nl	ttfx	10.138751292	10.138751292	0	0.0
FULLPC	run1	nl	infer(I=5)	0.045731208	0.046635334	39711760	0.0
FULLPC	run1	nl	infer(I=10)	0.055017792	0.057611875	50543024	0.0
FULLPC	run1	nl	per-iteration	0.0018573168000000002	0.0021953082	2.1662528e6	0.0
FULLPC	run1	nl	setup (T(I) - I*per-iteration)	0.036444624	NaN	28880496	0.0
v6	run1	nl	load	2.0280730724334717	2.0280730724334717	0	0.0
v6	run1	nl	ttfx	12.783797084	12.783797084	0	0.0
v6	run1	nl	infer(I=5)	0.043502	0.045123125	37953872	0.0
v6	run1	nl	infer(I=10)	0.061699166	0.064464209	50584816	0.0
v6	run1	nl	per-iteration	0.0036394332	0.003868216799999999	2.5261888e6	0.0
v6	run1	nl	setup (T(I) - I*per-iteration)	0.025304834	NaN	25322928	0.0
A	run1	hmm	load	1.859109878540039	1.859109878540039	0	0.0
A	run1	hmm	ttfx	17.207082208	17.207082208	0	0.0
A	run1	hmm	infer(I=10)	0.086716833	0.087257375	75717728	0.0
A	run1	hmm	infer(I=20)	0.137719875	0.139096584	124058048	0.0
A	run1	hmm	per-iteration	0.0051003042	0.0051839209	4.834032e6	0.0
A	run1	hmm	setup (T(I) - I*per-iteration)	0.035713790999999995	NaN	27377408	0.0
P12	run1	hmm	load	1.8589940071105957	1.8589940071105957	0	0.0
P12	run1	hmm	ttfx	17.04509475	17.04509475	0	0.0
P12	run1	hmm	infer(I=10)	0.068647583	0.0699905	69744384	0.0
P12	run1	hmm	infer(I=20)	0.102239541	0.10467325	112024384	0.0
P12	run1	hmm	per-iteration	0.0033591958000000004	0.003468275	4.228e6	0.0
P12	run1	hmm	setup (T(I) - I*per-iteration)	0.03505562499999999	NaN	27464384	0.0
E4	run1	hmm	load	1.909304141998291	1.909304141998291	0	0.0
E4	run1	hmm	ttfx	17.391826542	17.391826542	0	0.0
E4	run1	hmm	infer(I=10)	0.055364708	0.056090542	61974480	0.0
E4	run1	hmm	infer(I=20)	0.090142459	0.091393083	99741520	0.0
E4	run1	hmm	per-iteration	0.0034777750999999994	0.0035302541	3.776704e6	0.0
E4	run1	hmm	setup (T(I) - I*per-iteration)	0.020586957000000003	NaN	24207440	0.0
FULL	run1	hmm	load	1.8680179119110107	1.8680179119110107	0	0.0
FULL	run1	hmm	ttfx	17.539556958	17.539556958	0	0.0
FULL	run1	hmm	infer(I=10)	0.054334708	0.055431125	58765600	0.0
FULL	run1	hmm	infer(I=20)	0.087096375	0.088194459	96531680	0.0
FULL	run1	hmm	per-iteration	0.0032761667000000003	0.0032763334000000003	3.776608e6	0.0
FULL	run1	hmm	setup (T(I) - I*per-iteration)	0.021573041	NaN	20999520	0.0
FULLPC	run1	hmm	load	2.1731388568878174	2.1731388568878174	0	0.0
FULLPC	run1	hmm	ttfx	12.371845	12.371845	0	0.0
FULLPC	run1	hmm	infer(I=10)	0.053521375	0.054675542	58677904	0.0
FULLPC	run1	hmm	infer(I=20)	0.087895167	0.088699042	96443984	0.0
FULLPC	run1	hmm	per-iteration	0.003437379199999999	0.0034023500000000006	3.776608e6	0.0
FULLPC	run1	hmm	setup (T(I) - I*per-iteration)	0.01914758300000001	NaN	20911824	0.0
v6	run1	hmm	load	2.0274829864501953	2.0274829864501953	0	0.0
v6	run1	hmm	ttfx	14.198267834	14.198267834	0	0.0
v6	run1	hmm	infer(I=10)	0.046591958	0.047670708	44648368	0.0
v6	run1	hmm	infer(I=20)	0.076522583	0.078962958	71724688	0.0
v6	run1	hmm	per-iteration	0.0029930625	0.0031292250000000002	2.707632e6	0.0
v6	run1	hmm	setup (T(I) - I*per-iteration)	0.016661333000000004	NaN	17572048	0.0
A	run1	gmm	load	1.856421947479248	1.856421947479248	0	0.0
A	run1	gmm	ttfx	13.661077583	13.661077583	0	0.0
A	run1	gmm	infer(I=10)	0.150487	0.155546042	117338352	0.0
A	run1	gmm	infer(I=20)	0.224372542	0.22813375	172788912	0.0
A	run1	gmm	per-iteration	0.0073885541999999995	0.0072587708	5.545056e6	0.0
A	run1	gmm	setup (T(I) - I*per-iteration)	0.07660145800000001	NaN	61887792	0.0
P12	run1	gmm	load	1.8557820320129395	1.8557820320129395	0	0.0
P12	run1	gmm	ttfx	13.492182666	13.492182666	0	0.0
P12	run1	gmm	infer(I=10)	0.113709084	0.114957417	100198096	0.0
P12	run1	gmm	infer(I=20)	0.146703208	0.148858417	138508656	0.0
P12	run1	gmm	per-iteration	0.0032994124	0.0033900999999999988	3.831056e6	0.0
P12	run1	gmm	setup (T(I) - I*per-iteration)	0.08071496	NaN	61887536	0.0
E4	run1	gmm	load	1.9071810245513916	1.9071810245513916	0	0.0
E4	run1	gmm	ttfx	13.827321958	13.827321958	0	0.0
E4	run1	gmm	infer(I=10)	0.076741041	0.07842675	80522080	0.0
E4	run1	gmm	infer(I=20)	0.105105959	0.109288792	109632640	0.0
E4	run1	gmm	per-iteration	0.0028364918000000003	0.003086204199999999	2.911056e6	0.0
E4	run1	gmm	setup (T(I) - I*per-iteration)	0.04837612299999999	NaN	51411520	0.0
FULL	run1	gmm	load	1.8546819686889648	1.8546819686889648	0	0.0
FULL	run1	gmm	ttfx	13.713487833	13.713487833	0	0.0
FULL	run1	gmm	infer(I=10)	0.074413625	0.075851167	73895376	0.0
FULL	run1	gmm	infer(I=20)	0.101984	0.103296	103004976	0.0
FULL	run1	gmm	per-iteration	0.002757037500000001	0.0027444833000000004	2.91096e6	0.0
FULL	run1	gmm	setup (T(I) - I*per-iteration)	0.04684324999999999	NaN	44785776	0.0
FULLPC	run1	gmm	load	2.146399974822998	2.146399974822998	0	0.0
FULLPC	run1	gmm	ttfx	5.433377083	5.433377083	0	0.0
FULLPC	run1	gmm	infer(I=10)	0.070399125	0.072812708	73902896	0.0
FULLPC	run1	gmm	infer(I=20)	0.097780958	0.099184375	103016336	0.0
FULLPC	run1	gmm	per-iteration	0.0027381832999999996	0.0026371667	2.911344e6	0.0
FULLPC	run1	gmm	setup (T(I) - I*per-iteration)	0.04301729200000001	NaN	44789456	0.0
v6	run1	gmm	load	2.0128419399261475	2.0128419399261475	0	0.0
v6	run1	gmm	ttfx	10.440389458	10.440389458	0	0.0
v6	run1	gmm	infer(I=10)	0.05420225	0.054991209	51981568	0.0
v6	run1	gmm	infer(I=20)	0.080742875	0.084468125	71032128	0.0
v6	run1	gmm	per-iteration	0.0026540625000000006	0.0029476916000000008	1.905056e6	0.0
v6	run1	gmm	setup (T(I) - I*per-iteration)	0.027661624999999995	NaN	32931008	0.0
A	run1	linreg	load	1.8548688888549805	1.8548688888549805	0	0.0
A	run1	linreg	ttfx	12.170293333	12.170293333	0	0.0
A	run1	linreg	infer(I=10)	0.360431083	0.36948625	230275312	0.0
A	run1	linreg	infer(I=20)	0.567755417	0.603174417	352530864	0.0
A	run1	linreg	per-iteration	0.0207324334	0.023368816699999996	1.22255552e7	0.0
A	run1	linreg	setup (T(I) - I*per-iteration)	0.153106749	NaN	108019760	0.0
P12	run1	linreg	load	1.8545629978179932	1.8545629978179932	0	0.0
P12	run1	linreg	ttfx	12.119247917	12.119247917	0	0.0
P12	run1	linreg	infer(I=10)	0.265025458	0.280660916	202106400	0.0
P12	run1	linreg	infer(I=20)	0.386265708	0.412082083	296193952	0.0
P12	run1	linreg	per-iteration	0.012124025	0.013142116700000001	9.4087552e6	0.0
P12	run1	linreg	setup (T(I) - I*per-iteration)	0.143785208	NaN	108018848	0.0
E4	run1	linreg	load	1.8913750648498535	1.8913750648498535	0	0.0
E4	run1	linreg	ttfx	12.396887083	12.396887083	0	0.0
E4	run1	linreg	infer(I=10)	0.2042645	0.221766084	171496480	0.0
E4	run1	linreg	infer(I=20)	0.310188417	0.338539833	243350432	0.0
E4	run1	linreg	per-iteration	0.0105923917	0.0116773749	7.1853952e6	0.0
E4	run1	linreg	setup (T(I) - I*per-iteration)	0.09834058299999998	NaN	99642528	0.0
FULL	run1	linreg	load	1.8499870300292969	1.8499870300292969	0	0.0
FULL	run1	linreg	ttfx	14.797358333	14.797358333	0	0.0
FULL	run1	linreg	infer(I=10)	0.192045917	0.209630791	158590800	0.0
FULL	run1	linreg	infer(I=20)	0.282730625	0.310834667	230442832	0.0
FULL	run1	linreg	per-iteration	0.0090684708	0.010120387599999999	7.1852032e6	0.0
FULL	run1	linreg	setup (T(I) - I*per-iteration)	0.10136120900000001	NaN	86738768	0.0
FULLPC	run1	linreg	load	2.149030923843384	2.149030923843384	0	0.0
FULLPC	run1	linreg	ttfx	7.892844958	7.892844958	0	0.0
FULLPC	run1	linreg	infer(I=10)	0.188255541	0.202820709	158590800	0.0
FULLPC	run1	linreg	infer(I=20)	0.274278583	0.300949125	230442832	0.0
FULLPC	run1	linreg	per-iteration	0.008602304200000003	0.0098128416	7.1852032e6	0.0
FULLPC	run1	linreg	setup (T(I) - I*per-iteration)	0.10223249899999998	NaN	86738768	0.0
A	run1	filter	load	1.9345178604125977	1.9345178604125977	0	0.0
A	run1	filter	ttfx	9.225705541	9.225705541	0	0.0
A	run1	filter	infer(I=1)	0.013589208	0.013728542	8547760	0.0
P12	run1	filter	load	1.8689031600952148	1.8689031600952148	0	0.0
P12	run1	filter	ttfx	9.127026333	9.127026333	0	0.0
P12	run1	filter	infer(I=1)	0.007413375	0.007557208	6403760	0.0
E4	run1	filter	load	1.879835844039917	1.879835844039917	0	0.0
E4	run1	filter	ttfx	9.386407	9.386407	0	0.0
E4	run1	filter	infer(I=1)	0.0061485	0.006255791	4901104	0.0
FULL	run1	filter	load	1.8735101222991943	1.8735101222991943	0	0.0
FULL	run1	filter	ttfx	9.481926209	9.481926209	0	0.0
FULL	run1	filter	infer(I=1)	0.005563875	0.005665375	4881200	0.0
FULLPC	run1	filter	load	2.1696951389312744	2.1696951389312744	0	0.0
FULLPC	run1	filter	ttfx	2.5973215	2.5973215	0	0.0
FULLPC	run1	filter	infer(I=1)	0.004594625	0.004716041	5137200	0.0
v6	run1	filter	load	2.014662027359009	2.014662027359009	0	0.0
v6	run1	filter	ttfx	7.373825834	7.373825834	0	0.0
v6	run1	filter	infer(I=1)	0.008484958	0.008674375	4927296	0.0
A	run1	ssm1+defaults	load	1.8558919429779053	1.8558919429779053	0	0.0
A	run1	ssm1+defaults	ttfx	13.528496042	13.528496042	0	0.0
A	run1	ssm1+defaults	infer(I=1)	0.121297042	0.124339834	86197616	0.0
P12	run1	ssm1+defaults	load	1.8609139919281006	1.8609139919281006	0	0.0
P12	run1	ssm1+defaults	ttfx	13.387566375	13.387566375	0	0.0
P12	run1	ssm1+defaults	infer(I=1)	0.11580325	0.121258375	84756912	0.0
E4	run1	ssm1+defaults	load	1.8909380435943604	1.8909380435943604	0	0.0
E4	run1	ssm1+defaults	ttfx	13.613202958	13.613202958	0	0.0
E4	run1	ssm1+defaults	infer(I=1)	0.078115917	0.082715042	73665568	0.0
FULL	run1	ssm1+defaults	load	1.8531811237335205	1.8531811237335205	0	0.0
FULL	run1	ssm1+defaults	ttfx	13.412914125	13.412914125	0	0.0
FULL	run1	ssm1+defaults	infer(I=1)	0.078257625	0.08199325	65221008	0.0
FULLPC	run1	ssm1+defaults	load	2.163288116455078	2.163288116455078	0	0.0
FULLPC	run1	ssm1+defaults	ttfx	6.97850675	6.97850675	0	0.0
FULLPC	run1	ssm1+defaults	infer(I=1)	0.075092125	0.079345666	65349136	0.0
v6	run1	ssm1+defaults	load	2.0231778621673584	2.0231778621673584	0	0.0
v6	run1	ssm1+defaults	ttfx	11.41172	11.41172	0	0.0
v6	run1	ssm1+defaults	infer(I=1)	0.060750042	0.064578583	58667136	0.0
A	run1	iid+defaults	load	1.8630540370941162	1.8630540370941162	0	0.0
A	run1	iid+defaults	ttfx	8.752248166	8.752248166	0	0.0
A	run1	iid+defaults	infer(I=10)	0.070014833	0.071285291	61376352	0.0
A	run1	iid+defaults	infer(I=20)	0.09977	0.101347041	90367264	0.0
A	run1	iid+defaults	per-iteration	0.0029755167	0.003006175	2.8990912e6	0.0
A	run1	iid+defaults	setup (T(I) - I*per-iteration)	0.040259666	NaN	32385440	0.0
P12	run1	iid+defaults	load	1.862839937210083	1.862839937210083	0	0.0
P12	run1	iid+defaults	ttfx	8.690956917	8.690956917	0	0.0
P12	run1	iid+defaults	infer(I=10)	0.051902709	0.052815125	52727616	0.0
P12	run1	iid+defaults	infer(I=20)	0.063503708	0.064808917	73070528	0.0
P12	run1	iid+defaults	per-iteration	0.0011600999000000007	0.0011993791999999996	2.0342912e6	0.0
P12	run1	iid+defaults	setup (T(I) - I*per-iteration)	0.04030170999999999	NaN	32384704	0.0
E4	run1	iid+defaults	load	1.9143989086151123	1.9143989086151123	0	0.0
E4	run1	iid+defaults	ttfx	8.896828416	8.896828416	0	0.0
E4	run1	iid+defaults	infer(I=10)	0.034899375	0.0356685	41936096	0.0
E4	run1	iid+defaults	infer(I=20)	0.04371425	0.044722709	55879008	0.0
E4	run1	iid+defaults	per-iteration	0.0008814875	0.0009054209000000001	1.3942912e6	0.0
E4	run1	iid+defaults	setup (T(I) - I*per-iteration)	0.026084500000000004	NaN	27993184	0.0
FULL	run1	iid+defaults	load	1.8656229972839355	1.8656229972839355	0	0.0
FULL	run1	iid+defaults	ttfx	8.491525625	8.491525625	0	0.0
FULL	run1	iid+defaults	infer(I=10)	0.034835333	0.0352355	39265552	0.0
FULL	run1	iid+defaults	infer(I=20)	0.042441042	0.043755125	53206544	0.0
FULL	run1	iid+defaults	per-iteration	0.0007605708999999996	0.0008519624999999996	1.3940992e6	0.0
FULL	run1	iid+defaults	setup (T(I) - I*per-iteration)	0.027229624000000008	NaN	25324560	0.0
FULLPC	run1	iid+defaults	load	2.177309036254883	2.177309036254883	0	0.0
FULLPC	run1	iid+defaults	ttfx	2.268036125	2.268036125	0	0.0
FULLPC	run1	iid+defaults	infer(I=10)	0.031392833	0.032127458	39268112	0.0
FULLPC	run1	iid+defaults	infer(I=20)	0.038257	0.039416916	53211664	0.0
FULLPC	run1	iid+defaults	per-iteration	0.0006864166999999997	0.0007289458000000005	1.3943552e6	0.0
FULLPC	run1	iid+defaults	setup (T(I) - I*per-iteration)	0.024528666000000005	NaN	25324560	0.0
v6	run1	iid+defaults	load	2.0224449634552	2.0224449634552	0	0.0
v6	run1	iid+defaults	ttfx	7.592427458	7.592427458	0	0.0
v6	run1	iid+defaults	infer(I=10)	0.025112083	0.025931667	28324016	0.0
v6	run1	iid+defaults	infer(I=20)	0.031787584	0.032887667	36194928	0.0
v6	run1	iid+defaults	per-iteration	0.0006675501000000001	0.0006956000000000004	787091.2	0.0
v6	run1	iid+defaults	setup (T(I) - I*per-iteration)	0.018436582	NaN	20453104	0.0
A	run1	ssm1@100	load	1.8585269451141357	1.8585269451141357	0	0.0
A	run1	ssm1@100	ttfx	10.985559458	10.985559458	0	0.0
A	run1	ssm1@100	infer(I=1)	0.011828041	0.0119875	8602992	0.0
P12	run1	ssm1@100	load	1.847654104232788	1.847654104232788	0	0.0
P12	run1	ssm1@100	ttfx	10.971012417	10.971012417	0	0.0
P12	run1	ssm1@100	infer(I=1)	0.011428625	0.01157225	8458288	0.0
E4	run1	ssm1@100	load	1.8945519924163818	1.8945519924163818	0	0.0
E4	run1	ssm1@100	ttfx	11.287033875	11.287033875	0	0.0
E4	run1	ssm1@100	infer(I=1)	0.007634792	0.007731625	7346144	0.0
FULL	run1	ssm1@100	load	1.8558189868927002	1.8558189868927002	0	0.0
FULL	run1	ssm1@100	ttfx	13.032765833	13.032765833	0	0.0
FULL	run1	ssm1@100	infer(I=1)	0.007878208	0.008217416	6496624	0.0
FULLPC	run1	ssm1@100	load	2.160115957260132	2.160115957260132	0	0.0
FULLPC	run1	ssm1@100	ttfx	5.899297583	5.899297583	0	0.0
FULLPC	run1	ssm1@100	infer(I=1)	0.00721875	0.0073055	6509552	0.0
v6	run1	ssm1@100	load	1.987565040588379	1.987565040588379	0	0.0
v6	run1	ssm1@100	ttfx	9.13482325	9.13482325	0	0.0
v6	run1	ssm1@100	infer(I=1)	0.006039458	0.006111333	5841264	0.0
A	run1	ssm1@10000	load	1.866109848022461	1.866109848022461	0	0.0
A	run1	ssm1@10000	ttfx	15.609057166	15.609057166	0	0.0
A	run1	ssm1@10000	infer(I=1)	1.388986667	1.475140209	865631024	0.10142564149981759
P12	run1	ssm1@10000	load	2.230224132537842	2.230224132537842	0	0.0
P12	run1	ssm1@10000	ttfx	15.538771875	15.538771875	0	0.0
P12	run1	ssm1@10000	infer(I=1)	1.303637791	1.414715125	851230320	0.10177107847065676
E4	run1	ssm1@10000	load	2.236717939376831	2.236717939376831	0	0.0
E4	run1	ssm1@10000	ttfx	15.2971515	15.2971515	0	0.0
E4	run1	ssm1@10000	infer(I=1)	0.938735458	1.069380542	740346976	0.17290083813774873
FULL	run1	ssm1@10000	load	1.9926722049713135	1.9926722049713135	0	0.0
FULL	run1	ssm1@10000	ttfx	15.240574375	15.240574375	0	0.0
FULL	run1	ssm1@10000	infer(I=1)	0.922343333	1.07490575	656786560	0.1826982974291495
FULLPC	run1	ssm1@10000	load	2.2336161136627197	2.2336161136627197	0	0.0
FULLPC	run1	ssm1@10000	ttfx	7.975332334	7.975332334	0	0.0
FULLPC	run1	ssm1@10000	infer(I=1)	0.89910225	0.983948583	658066688	0.1366874868501132
v6	run1	ssm1@10000	load	2.0745761394500732	2.0745761394500732	0	0.0
v6	run1	ssm1@10000	ttfx	12.678751709	12.678751709	0	0.0
v6	run1	ssm1@10000	infer(I=1)	0.758165875	0.97177475	590470944	0.23572875850405386
A	run1	iid@100	load	1.9131801128387451	1.9131801128387451	0	0.0
A	run1	iid@100	ttfx	8.689142	8.689142	0	0.0
A	run1	iid@100	infer(I=10)	0.007629917	0.007731875	6171264	0.0
A	run1	iid@100	infer(I=20)	0.010926875	0.011064125	9024576	0.0
A	run1	iid@100	per-iteration	0.0003296958000000001	0.00033322499999999993	285331.2	0.0
A	run1	iid@100	setup (T(I) - I*per-iteration)	0.004332958999999999	NaN	3317952	0.0
P12	run1	iid@100	load	1.8679068088531494	1.8679068088531494	0	0.0
P12	run1	iid@100	ttfx	8.609489958	8.609489958	0	0.0
P12	run1	iid@100	infer(I=10)	0.005685583	0.00572325	5298528	0.0
P12	run1	iid@100	infer(I=20)	0.006977958	0.007034292	7279840	0.0
P12	run1	iid@100	per-iteration	0.00012923750000000002	0.0001311042	198131.2	0.0
P12	run1	iid@100	setup (T(I) - I*per-iteration)	0.004393208	NaN	3317216	0.0
E4	run1	iid@100	load	1.921494960784912	1.921494960784912	0	0.0
E4	run1	iid@100	ttfx	8.795665333	8.795665333	0	0.0
E4	run1	iid@100	infer(I=10)	0.00402275	0.004065292	4212608	0.0
E4	run1	iid@100	infer(I=20)	0.005039875	0.005103375	5553920	0.0
E4	run1	iid@100	per-iteration	0.00010171249999999999	0.00010380830000000004	134131.2	0.0
E4	run1	iid@100	setup (T(I) - I*per-iteration)	0.0030056250000000005	NaN	2871296	0.0
FULL	run1	iid@100	load	1.855423927307129	1.855423927307129	0	0.0
FULL	run1	iid@100	ttfx	8.793760083	8.793760083	0	0.0
FULL	run1	iid@100	infer(I=10)	0.003895208	0.003981708	3928608	0.0
FULL	run1	iid@100	infer(I=20)	0.004895666	0.004971792	5268960	0.0
FULL	run1	iid@100	per-iteration	0.00010004580000000001	9.900840000000004e-5	134035.2	0.0
FULL	run1	iid@100	setup (T(I) - I*per-iteration)	0.0028947499999999998	NaN	2588256	0.0
FULLPC	run1	iid@100	load	2.162393093109131	2.162393093109131	0	0.0
FULLPC	run1	iid@100	ttfx	0.599754417	0.599754417	0	0.0
FULLPC	run1	iid@100	infer(I=10)	0.003443042	0.003492959	3931168	0.0
FULLPC	run1	iid@100	infer(I=20)	0.004218792	0.004251916	5274080	0.0
FULLPC	run1	iid@100	per-iteration	7.7575e-5	7.589569999999997e-5	134291.2	0.0
FULLPC	run1	iid@100	setup (T(I) - I*per-iteration)	0.002667292	NaN	2588256	0.0
v6	run1	iid@100	load	2.036167860031128	2.036167860031128	0	0.0
v6	run1	iid@100	ttfx	7.495378916	7.495378916	0	0.0
v6	run1	iid@100	infer(I=10)	0.00295975	0.003017583	2849824	0.0
v6	run1	iid@100	infer(I=20)	0.003841708	0.003869917	3591136	0.0
v6	run1	iid@100	per-iteration	8.81958e-5	8.523340000000002e-5	74131.2	0.0
v6	run1	iid@100	setup (T(I) - I*per-iteration)	0.002077792	NaN	2108512	0.0
A	run1	iid@10000	load	1.8528549671173096	1.8528549671173096	0	0.0
A	run1	iid@10000	ttfx	9.813755875	9.813755875	0	0.0
A	run1	iid@10000	infer(I=10)	0.876021708	0.9669335	602392528	0.11580977492124324
A	run1	iid@10000	infer(I=20)	1.358586333	1.458533958	885613840	0.1519315009162997
A	run1	iid@10000	per-iteration	0.04825646250000001	0.04916004580000001	2.83221312e7	0.0
A	run1	iid@10000	setup (T(I) - I*per-iteration)	0.39345708299999993	NaN	319171216	0.0
P12	run1	iid@10000	load	1.8441050052642822	1.8441050052642822	0	0.0
P12	run1	iid@10000	ttfx	9.6213125	9.6213125	0	0.0
P12	run1	iid@10000	infer(I=10)	0.709910625	0.753542791	515983792	0.1492586943602936
P12	run1	iid@10000	infer(I=20)	0.960059625	1.084430375	712797104	0.20675084912573344
P12	run1	iid@10000	per-iteration	0.025014899999999996	0.033088758399999994	1.96813312e7	0.0
P12	run1	iid@10000	setup (T(I) - I*per-iteration)	0.45976162500000006	NaN	319170480	0.0
E4	run1	iid@10000	load	1.9090721607208252	1.9090721607208252	0	0.0
E4	run1	iid@10000	ttfx	9.50457675	9.50457675	0	0.0
E4	run1	iid@10000	infer(I=10)	0.413678458	0.466390042	408136272	0.0
E4	run1	iid@10000	infer(I=20)	0.647524083	0.757972625	540949584	0.13771932906145287
E4	run1	iid@10000	per-iteration	0.023384562499999994	0.029158258299999996	1.32813312e7	0.0
E4	run1	iid@10000	setup (T(I) - I*per-iteration)	0.1798328330000001	NaN	275322960	0.0
FULL	run1	iid@10000	load	1.871730089187622	1.871730089187622	0	0.0
FULL	run1	iid@10000	ttfx	9.445643542	9.445643542	0	0.0
FULL	run1	iid@10000	infer(I=10)	0.392237958	0.432697125	381504656	0.0
FULL	run1	iid@10000	infer(I=20)	0.642981291	0.696175834	514317008	0.16236741222195136
FULL	run1	iid@10000	per-iteration	0.0250743333	0.026347870900000004	1.32812352e7	0.0
FULL	run1	iid@10000	setup (T(I) - I*per-iteration)	0.14149462499999998	NaN	248692304	0.0
FULLPC	run1	iid@10000	load	2.1620571613311768	2.1620571613311768	0	0.0
FULLPC	run1	iid@10000	ttfx	1.1250635	1.1250635	0	0.0
FULLPC	run1	iid@10000	infer(I=10)	0.400752417	0.479434375	381507216	0.13584184488231574
FULLPC	run1	iid@10000	infer(I=20)	0.63882125	0.756523791	514322128	0.21883208362704834
FULLPC	run1	iid@10000	per-iteration	0.023806883299999998	0.0277089416	1.32814912e7	0.0
FULLPC	run1	iid@10000	setup (T(I) - I*per-iteration)	0.16268358400000005	NaN	248692304	0.0
v6	run1	iid@10000	load	2.0099270343780518	2.0099270343780518	0	0.0
v6	run1	iid@10000	ttfx	8.032446333	8.032446333	0	0.0
v6	run1	iid@10000	infer(I=10)	0.297028958	0.329183625	271946736	0.0
v6	run1	iid@10000	infer(I=20)	0.408697458	0.470173584	343968048	0.0
v6	run1	iid@10000	per-iteration	0.01116685	0.0140989959	7.2021312e6	0.0
v6	run1	iid@10000	setup (T(I) - I*per-iteration)	0.185360458	NaN	199925424	0.0
A	run1	iid@100000	load	1.848336935043335	1.848336935043335	0	0.0
A	run1	iid@100000	ttfx	23.036413292	23.036413292	0	0.0
A	run1	iid@100000	infer(I=10)	11.786563166	13.618650209	6021458032	0.2254360511543727
A	run1	iid@100000	infer(I=20)	19.635011375	21.050832833	8853479344	0.28933471655581977
A	run1	iid@100000	per-iteration	0.7848448209000001	0.7432182624000001	2.832021312e8	0.0
A	run1	iid@100000	setup (T(I) - I*per-iteration)	3.9381149570000007	NaN	3189436720	0.0
P12	run1	iid@100000	load	2.366250991821289	2.366250991821289	0	0.0
P12	run1	iid@100000	ttfx	20.657453875	20.657453875	0	0.0
P12	run1	iid@100000	infer(I=10)	9.092206	10.093144	5157449296	0.1908401604501737
P12	run1	iid@100000	infer(I=20)	14.718888584	16.948708042	7125462608	0.2874846779147132
P12	run1	iid@100000	per-iteration	0.5626682584000001	0.6855564042	1.968013312e8	0.0
P12	run1	iid@100000	setup (T(I) - I*per-iteration)	3.465523415999998	NaN	3189435984	0.0
E4	run1	iid@100000	load	2.3204751014709473	2.3204751014709473	0	0.0
E4	run1	iid@100000	ttfx	18.728028792	18.728028792	0	0.0
E4	run1	iid@100000	infer(I=10)	7.391621792	7.924197333	4079041776	0.2324747868197507
E4	run1	iid@100000	infer(I=20)	10.332584292	13.006037	5407055088	0.28822481812290857
E4	run1	iid@100000	per-iteration	0.29409625000000006	0.5081839666999999	1.328013312e8	0.0
E4	run1	iid@100000	setup (T(I) - I*per-iteration)	4.450659291999999	NaN	2751028464	0.0
FULL	run1	iid@100000	load	2.2687110900878906	2.2687110900878906	0	0.0
FULL	run1	iid@100000	ttfx	17.95987775	17.95987775	0	0.0
FULL	run1	iid@100000	infer(I=10)	5.997750333	6.624641584	3814358544	0.24832591611953805
FULL	run1	iid@100000	infer(I=20)	8.944729583	10.649871083	5142370896	0.32094148983763665
FULL	run1	iid@100000	per-iteration	0.2946979250000001	0.4025229499000001	1.328012352e8	0.0
FULL	run1	iid@100000	setup (T(I) - I*per-iteration)	3.050771082999999	NaN	2486346192	0.0
FULLPC	run1	iid@100000	load	2.588960886001587	2.588960886001587	0	0.0
FULLPC	run1	iid@100000	ttfx	9.5314935	9.5314935	0	0.0
FULLPC	run1	iid@100000	infer(I=10)	6.232588459	6.600349334	3814361104	0.2551775619102625
FULLPC	run1	iid@100000	infer(I=20)	9.136487667	10.885785042	5142376016	0.3540218765863089
FULLPC	run1	iid@100000	per-iteration	0.29038992080000015	0.42854357080000005	1.328014912e8	0.0
FULLPC	run1	iid@100000	setup (T(I) - I*per-iteration)	3.3286892509999984	NaN	2486346192	0.0
v6	run1	iid@100000	load	2.421255111694336	2.421255111694336	0	0.0
v6	run1	iid@100000	ttfx	14.6526235	14.6526235	0	0.0
v6	run1	iid@100000	infer(I=10)	5.357446417	6.242673833	2719195264	0.19689138026645256
v6	run1	iid@100000	infer(I=20)	7.72181825	9.066273583	3437643712	0.19461611532814407
v6	run1	iid@100000	per-iteration	0.2364371833	0.282359975	7.18448448e7	0.0
v6	run1	iid@100000	setup (T(I) - I*per-iteration)	2.9930745840000004	NaN	2000746816	0.0
A	run1	betabern@50000	load	2.264746904373169	2.264746904373169	0	0.0
A	run1	betabern@50000	ttfx	10.529782792	10.529782792	0	0.0
A	run1	betabern@50000	infer(I=1)	1.795951875	2.062980041	1111443984	0.1135293945386261
P12	run1	betabern@50000	load	1.900527000427246	1.900527000427246	0	0.0
P12	run1	betabern@50000	ttfx	10.102542875	10.102542875	0	0.0
P12	run1	betabern@50000	infer(I=1)	1.7496415	1.923534167	1099443280	0.12242194396123768
E4	run1	betabern@50000	load	1.935920000076294	1.935920000076294	0	0.0
E4	run1	betabern@50000	ttfx	9.740695458	9.740695458	0	0.0
E4	run1	betabern@50000	infer(I=1)	1.215414041	1.377548125	947439520	0.16787917418853113
FULL	run1	betabern@50000	load	1.8992669582366943	1.8992669582366943	0	0.0
FULL	run1	betabern@50000	ttfx	9.642487416	9.642487416	0	0.0
FULL	run1	betabern@50000	infer(I=1)	1.177861125	1.244119042	886235264	0.0
FULLPC	run1	betabern@50000	load	2.2065210342407227	2.2065210342407227	0	0.0
FULLPC	run1	betabern@50000	ttfx	2.07620125	2.07620125	0	0.0
FULLPC	run1	betabern@50000	infer(I=1)	1.11784975	1.373446459	886235392	0.1687940089448109
v6	run1	betabern@50000	load	2.0199320316314697	2.0199320316314697	0	0.0
v6	run1	betabern@50000	ttfx	8.270338375	8.270338375	0	0.0
v6	run1	betabern@50000	infer(I=1)	0.881219083	0.942951208	718824448	0.0
P12	run2	ssm1	load	1.8490750789642334	1.8490750789642334	0	0.0
P12	run2	ssm1	ttfx	13.512516875	13.512516875	0	0.0
P12	run2	ssm1	infer(I=1)	0.114729083	0.118606209	84105408	0.0
E4	run2	ssm1	load	1.8560259342193604	1.8560259342193604	0	0.0
E4	run2	ssm1	ttfx	13.779338625	13.779338625	0	0.0
E4	run2	ssm1	infer(I=1)	0.076645417	0.081493584	73014064	0.0
FULL	run2	ssm1	load	1.836116075515747	1.836116075515747	0	0.0
FULL	run2	ssm1	ttfx	13.636629833	13.636629833	0	0.0
FULL	run2	ssm1	infer(I=1)	0.078419042	0.080443333	64569440	0.0
FULLPC	run2	ssm1	load	2.1344029903411865	2.1344029903411865	0	0.0
FULLPC	run2	ssm1	ttfx	6.55752325	6.55752325	0	0.0
FULLPC	run2	ssm1	infer(I=1)	0.07411525	0.077885542	64697568	0.0
v6	run2	ssm1	load	1.9813778400421143	1.9813778400421143	0	0.0
v6	run2	ssm1	ttfx	11.416347083	11.416347083	0	0.0
v6	run2	ssm1	infer(I=1)	0.059566541	0.06269225	58015632	0.0
A	run2	ssm1	load	1.8278579711914062	1.8278579711914062	0	0.0
A	run2	ssm1	ttfx	13.585087917	13.585087917	0	0.0
A	run2	ssm1	infer(I=1)	0.119900459	0.123444083	85546112	0.0
P12	run2	ssm2	load	1.8407301902770996	1.8407301902770996	0	0.0
P12	run2	ssm2	ttfx	16.4614585	16.4614585	0	0.0
P12	run2	ssm2	infer(I=1)	0.184202875	0.192348042	133261840	0.0
E4	run2	ssm2	load	1.841059923171997	1.841059923171997	0	0.0
E4	run2	ssm2	ttfx	16.704050666	16.704050666	0	0.0
E4	run2	ssm2	infer(I=1)	0.136272125	0.141964375	119610592	0.0
FULL	run2	ssm2	load	1.845945119857788	1.845945119857788	0	0.0
FULL	run2	ssm2	ttfx	16.765136292	16.765136292	0	0.0
FULL	run2	ssm2	infer(I=1)	0.134063375	0.142854333	106418672	0.0
FULLPC	run2	ssm2	load	2.131528854370117	2.131528854370117	0	0.0
FULLPC	run2	ssm2	ttfx	11.211719208	11.211719208	0	0.0
FULLPC	run2	ssm2	infer(I=1)	0.1281355	0.140222917	106418672	0.0
v6	run2	ssm2	load	2.0240800380706787	2.0240800380706787	0	0.0
v6	run2	ssm2	ttfx	13.353287166	13.353287166	0	0.0
v6	run2	ssm2	infer(I=1)	0.107720167	0.1151725	93951744	0.0
A	run2	ssm2	load	1.8372900485992432	1.8372900485992432	0	0.0
A	run2	ssm2	ttfx	16.430362958	16.430362958	0	0.0
A	run2	ssm2	infer(I=1)	0.190800375	0.202265	135710832	0.0
P12	run2	iid	load	1.8287169933319092	1.8287169933319092	0	0.0
P12	run2	iid	ttfx	8.67939075	8.67939075	0	0.0
P12	run2	iid	infer(I=10)	0.051302542	0.052428583	51917024	0.0
P12	run2	iid	infer(I=20)	0.062990375	0.064796375	71610336	0.0
P12	run2	iid	per-iteration	0.0011687833000000002	0.0012367792000000002	1.9693312e6	0.0
P12	run2	iid	setup (T(I) - I*per-iteration)	0.039614709	NaN	32223712	0.0
E4	run2	iid	load	1.845855951309204	1.845855951309204	0	0.0
E4	run2	iid	ttfx	8.852531916	8.852531916	0	0.0
E4	run2	iid	infer(I=10)	0.03454425	0.035374917	41125504	0.0
E4	run2	iid	infer(I=20)	0.042245042	0.044448834	54418816	0.0
E4	run2	iid	per-iteration	0.0007700791999999998	0.0009073917	1.3293312e6	0.0
E4	run2	iid	setup (T(I) - I*per-iteration)	0.026843458	NaN	27832192	0.0
FULL	run2	iid	load	1.839392900466919	1.839392900466919	0	0.0
FULL	run2	iid	ttfx	8.763453916	8.763453916	0	0.0
FULL	run2	iid	infer(I=10)	0.03435825	0.034957333	38455776	0.0
FULL	run2	iid	infer(I=20)	0.043030875	0.043936791	51748128	0.0
FULL	run2	iid	per-iteration	0.0008672625000000003	0.0008979458000000003	1.3292352e6	0.0
FULL	run2	iid	setup (T(I) - I*per-iteration)	0.025685624999999997	NaN	25163424	0.0
FULLPC	run2	iid	load	2.142486095428467	2.142486095428467	0	0.0
FULLPC	run2	iid	ttfx	0.68443075	0.68443075	0	0.0
FULLPC	run2	iid	infer(I=10)	0.030787666	0.031647625	38458336	0.0
FULLPC	run2	iid	infer(I=20)	0.037339125	0.038531833	51753248	0.0
FULLPC	run2	iid	per-iteration	0.0006551458999999999	0.0006884208000000003	1.3294912e6	0.0
FULLPC	run2	iid	setup (T(I) - I*per-iteration)	0.024236207000000003	NaN	25163424	0.0
v6	run2	iid	load	1.9953131675720215	1.9953131675720215	0	0.0
v6	run2	iid	ttfx	7.5242955	7.5242955	0	0.0
v6	run2	iid	infer(I=10)	0.024691833	0.025259791	27513424	0.0
v6	run2	iid	infer(I=20)	0.03111375	0.03227475	34734736	0.0
v6	run2	iid	per-iteration	0.0006421916999999999	0.0007014958999999998	722131.2	0.0
v6	run2	iid	setup (T(I) - I*per-iteration)	0.018269916	NaN	20292112	0.0
A	run2	iid	load	1.8343279361724854	1.8343279361724854	0	0.0
A	run2	iid	ttfx	8.804341875	8.804341875	0	0.0
A	run2	iid	infer(I=10)	0.068986208	0.071242375	60565760	0.0
A	run2	iid	infer(I=20)	0.100746958	0.102228	88907072	0.0
A	run2	iid	per-iteration	0.0031760750000000004	0.0030985625	2.8341312e6	0.0
A	run2	iid	setup (T(I) - I*per-iteration)	0.03722545799999999	NaN	32224448	0.0
P12	run2	betabern	load	1.8496451377868652	1.8496451377868652	0	0.0
P12	run2	betabern	ttfx	7.939920583	7.939920583	0	0.0
P12	run2	betabern	infer(I=1)	0.153330042	0.158656042	109749168	0.0
E4	run2	betabern	load	1.837019920349121	1.837019920349121	0	0.0
E4	run2	betabern	ttfx	7.992133334	7.992133334	0	0.0
E4	run2	betabern	infer(I=1)	0.103530834	0.108851708	94545408	0.0
FULL	run2	betabern	load	1.85127592086792	1.85127592086792	0	0.0
FULL	run2	betabern	ttfx	7.862224791	7.862224791	0	0.0
FULL	run2	betabern	infer(I=1)	0.102492166	0.105544208	88311680	0.0
FULLPC	run2	betabern	load	2.118422031402588	2.118422031402588	0	0.0
FULLPC	run2	betabern	ttfx	0.531858792	0.531858792	0	0.0
FULLPC	run2	betabern	infer(I=1)	0.09625025	0.101797	88311808	0.0
v6	run2	betabern	load	1.9947359561920166	1.9947359561920166	0	0.0
v6	run2	betabern	ttfx	6.710521333	6.710521333	0	0.0
v6	run2	betabern	infer(I=1)	0.069953625	0.074380416	71656128	0.0
A	run2	betabern	load	1.8416979312896729	1.8416979312896729	0	0.0
A	run2	betabern	ttfx	7.955575042	7.955575042	0	0.0
A	run2	betabern	infer(I=1)	0.158489666	0.164412292	110949872	0.0
P12	run2	nl	load	1.824704885482788	1.824704885482788	0	0.0
P12	run2	nl	ttfx	16.092575542	16.092575542	0	0.0
P12	run2	nl	infer(I=5)	0.068749542	0.070041875	50870800	0.0
P12	run2	nl	infer(I=10)	0.083211292	0.086374292	64485264	0.0
P12	run2	nl	per-iteration	0.002892350000000002	0.0032664834000000003	2.7228928e6	0.0
P12	run2	nl	setup (T(I) - I*per-iteration)	0.05428779199999999	NaN	37256336	0.0
E4	run2	nl	load	1.834381103515625	1.834381103515625	0	0.0
E4	run2	nl	ttfx	16.527423875	16.527423875	0	0.0
E4	run2	nl	infer(I=5)	0.049709458	0.051717834	44119024	0.0
E4	run2	nl	infer(I=10)	0.063265	0.067755958	54950768	0.0
E4	run2	nl	per-iteration	0.002711108400000001	0.0032076248000000016	2.1663488e6	0.0
E4	run2	nl	setup (T(I) - I*per-iteration)	0.036153915999999994	NaN	33287280	0.0
FULL	run2	nl	load	1.8410849571228027	1.8410849571228027	0	0.0
FULL	run2	nl	ttfx	17.115264333	17.115264333	0	0.0
FULL	run2	nl	infer(I=5)	0.04833375	0.049968042	39711760	0.0
FULL	run2	nl	infer(I=10)	0.0631075	0.0642245	50543024	0.0
FULL	run2	nl	per-iteration	0.002954749999999999	0.0028512916000000012	2.1662528e6	0.0
FULL	run2	nl	setup (T(I) - I*per-iteration)	0.033560000000000006	NaN	28880496	0.0
FULLPC	run2	nl	load	2.119174003601074	2.119174003601074	0	0.0
FULLPC	run2	nl	ttfx	10.085546875	10.085546875	0	0.0
FULLPC	run2	nl	infer(I=5)	0.045685	0.046608417	39711760	0.0
FULLPC	run2	nl	infer(I=10)	0.054695	0.057065792	50543024	0.0
FULLPC	run2	nl	per-iteration	0.0018019999999999993	0.0020914749999999998	2.1662528e6	0.0
FULLPC	run2	nl	setup (T(I) - I*per-iteration)	0.036675000000000006	NaN	28880496	0.0
v6	run2	nl	load	1.9883959293365479	1.9883959293365479	0	0.0
v6	run2	nl	ttfx	12.602237667	12.602237667	0	0.0
v6	run2	nl	infer(I=5)	0.043829875	0.045646292	37953872	0.0
v6	run2	nl	infer(I=10)	0.0612885	0.063639084	50584816	0.0
v6	run2	nl	per-iteration	0.003491725000000001	0.0035985584	2.5261888e6	0.0
v6	run2	nl	setup (T(I) - I*per-iteration)	0.026371249999999992	NaN	25322928	0.0
A	run2	nl	load	1.861234188079834	1.861234188079834	0	0.0
A	run2	nl	ttfx	16.231709875	16.231709875	0	0.0
A	run2	nl	infer(I=5)	0.0826095	0.083952958	54799328	0.0
A	run2	nl	infer(I=10)	0.110279792	0.111892541	72206352	0.0
A	run2	nl	per-iteration	0.0055340584	0.005587916600000001	3.4814048e6	0.0
A	run2	nl	setup (T(I) - I*per-iteration)	0.054939208	NaN	37392304	0.0
P12	run2	hmm	load	1.8279469013214111	1.8279469013214111	0	0.0
P12	run2	hmm	ttfx	16.946893458	16.946893458	0	0.0
P12	run2	hmm	infer(I=10)	0.069511792	0.070012708	69744384	0.0
P12	run2	hmm	infer(I=20)	0.102340625	0.103808083	112024384	0.0
P12	run2	hmm	per-iteration	0.0032828833	0.003379537499999999	4.228e6	0.0
P12	run2	hmm	setup (T(I) - I*per-iteration)	0.036682959	NaN	27464384	0.0
E4	run2	hmm	load	1.832097053527832	1.832097053527832	0	0.0
E4	run2	hmm	ttfx	17.405187208	17.405187208	0	0.0
E4	run2	hmm	infer(I=10)	0.054591333	0.055983375	61974480	0.0
E4	run2	hmm	infer(I=20)	0.087085	0.088889584	99741520	0.0
E4	run2	hmm	per-iteration	0.0032493667	0.003290620899999999	3.776704e6	0.0
E4	run2	hmm	setup (T(I) - I*per-iteration)	0.022097666000000002	NaN	24207440	0.0
FULL	run2	hmm	load	1.840198040008545	1.840198040008545	0	0.0
FULL	run2	hmm	ttfx	17.555954875	17.555954875	0	0.0
FULL	run2	hmm	infer(I=10)	0.054087959	0.054936833	58765600	0.0
FULL	run2	hmm	infer(I=20)	0.087113334	0.091677916	96531680	0.0
FULL	run2	hmm	per-iteration	0.0033025375	0.0036741083000000003	3.776608e6	0.0
FULL	run2	hmm	setup (T(I) - I*per-iteration)	0.021062583999999995	NaN	20999520	0.0
FULLPC	run2	hmm	load	2.10894513130188	2.10894513130188	0	0.0
FULLPC	run2	hmm	ttfx	12.342202083	12.342202083	0	0.0
FULLPC	run2	hmm	infer(I=10)	0.053257958	0.054189416	58677904	0.0
FULLPC	run2	hmm	infer(I=20)	0.084288708	0.086778542	96443984	0.0
FULLPC	run2	hmm	per-iteration	0.0031030750000000003	0.0032589126000000003	3.776608e6	0.0
FULLPC	run2	hmm	setup (T(I) - I*per-iteration)	0.022227208	NaN	20911824	0.0
v6	run2	hmm	load	1.995055913925171	1.995055913925171	0	0.0
v6	run2	hmm	ttfx	14.144175833	14.144175833	0	0.0
v6	run2	hmm	infer(I=10)	0.045799542	0.046817042	44648368	0.0
v6	run2	hmm	infer(I=20)	0.0769495	0.0775635	71724688	0.0
v6	run2	hmm	per-iteration	0.0031149958000000004	0.003074645799999999	2.707632e6	0.0
v6	run2	hmm	setup (T(I) - I*per-iteration)	0.014649583999999993	NaN	17572048	0.0
A	run2	hmm	load	1.8448090553283691	1.8448090553283691	0	0.0
A	run2	hmm	ttfx	17.134534583	17.134534583	0	0.0
A	run2	hmm	infer(I=10)	0.087749625	0.088909125	75717728	0.0
A	run2	hmm	infer(I=20)	0.137984291	0.1405285	124058048	0.0
A	run2	hmm	per-iteration	0.005023466600000001	0.0051619375	4.834032e6	0.0
A	run2	hmm	setup (T(I) - I*per-iteration)	0.03751495899999998	NaN	27377408	0.0
P12	run2	gmm	load	1.8440241813659668	1.8440241813659668	0	0.0
P12	run2	gmm	ttfx	13.464331084	13.464331084	0	0.0
P12	run2	gmm	infer(I=10)	0.113448958	0.11420725	100198096	0.0
P12	run2	gmm	infer(I=20)	0.14526775	0.148619125	138508656	0.0
P12	run2	gmm	per-iteration	0.0031818792	0.0034411874999999994	3.831056e6	0.0
P12	run2	gmm	setup (T(I) - I*per-iteration)	0.081630166	NaN	61887536	0.0
E4	run2	gmm	load	1.850567102432251	1.850567102432251	0	0.0
E4	run2	gmm	ttfx	13.841745666	13.841745666	0	0.0
E4	run2	gmm	infer(I=10)	0.077238167	0.078950333	80522080	0.0
E4	run2	gmm	infer(I=20)	0.108465583	0.112517625	109632640	0.0
E4	run2	gmm	per-iteration	0.0031227416000000007	0.0033567291999999998	2.911056e6	0.0
E4	run2	gmm	setup (T(I) - I*per-iteration)	0.04601075099999999	NaN	51411520	0.0
FULL	run2	gmm	load	1.8484361171722412	1.8484361171722412	0	0.0
FULL	run2	gmm	ttfx	13.75852875	13.75852875	0	0.0
FULL	run2	gmm	infer(I=10)	0.0720245	0.075981292	73895376	0.0
FULL	run2	gmm	infer(I=20)	0.100687667	0.103686625	103004976	0.0
FULL	run2	gmm	per-iteration	0.0028663166999999988	0.0027705333	2.91096e6	0.0
FULL	run2	gmm	setup (T(I) - I*per-iteration)	0.043361333000000016	NaN	44785776	0.0
FULLPC	run2	gmm	load	2.1310789585113525	2.1310789585113525	0	0.0
FULLPC	run2	gmm	ttfx	5.537396625	5.537396625	0	0.0
FULLPC	run2	gmm	infer(I=10)	0.070617125	0.0730775	73902896	0.0
FULLPC	run2	gmm	infer(I=20)	0.09756	0.101330875	103016336	0.0
FULLPC	run2	gmm	per-iteration	0.002694287499999999	0.0028253374999999996	2.911344e6	0.0
FULLPC	run2	gmm	setup (T(I) - I*per-iteration)	0.04367425000000001	NaN	44789456	0.0
v6	run2	gmm	load	2.007645845413208	2.007645845413208	0	0.0
v6	run2	gmm	ttfx	10.571277	10.571277	0	0.0
v6	run2	gmm	infer(I=10)	0.052597042	0.054610584	51981568	0.0
v6	run2	gmm	infer(I=20)	0.0818175	0.084957583	71032128	0.0
v6	run2	gmm	per-iteration	0.0029220458000000006	0.003034699900000001	1.905056e6	0.0
v6	run2	gmm	setup (T(I) - I*per-iteration)	0.023376583999999992	NaN	32931008	0.0
A	run2	gmm	load	1.8366670608520508	1.8366670608520508	0	0.0
A	run2	gmm	ttfx	13.598711708	13.598711708	0	0.0
A	run2	gmm	infer(I=10)	0.148067	0.153522209	117338352	0.0
A	run2	gmm	infer(I=20)	0.222544125	0.225662041	172788912	0.0
A	run2	gmm	per-iteration	0.0074477125	0.007213983200000001	5.545056e6	0.0
A	run2	gmm	setup (T(I) - I*per-iteration)	0.073589875	NaN	61887792	0.0
P12	run2	linreg	load	1.8306469917297363	1.8306469917297363	0	0.0
P12	run2	linreg	ttfx	11.957099208	11.957099208	0	0.0
P12	run2	linreg	infer(I=10)	0.263671333	0.282489542	202106400	0.0
P12	run2	linreg	infer(I=20)	0.388905959	0.416330166	296193952	0.0
P12	run2	linreg	per-iteration	0.012523462600000002	0.013384062400000002	9.4087552e6	0.0
P12	run2	linreg	setup (T(I) - I*per-iteration)	0.138436707	NaN	108018848	0.0
E4	run2	linreg	load	1.8516929149627686	1.8516929149627686	0	0.0
E4	run2	linreg	ttfx	12.404895583	12.404895583	0	0.0
E4	run2	linreg	infer(I=10)	0.210500917	0.226141125	171496480	0.0
E4	run2	linreg	infer(I=20)	0.317798209	0.352015541	243350432	0.0
E4	run2	linreg	per-iteration	0.0107297292	0.012587441599999999	7.1853952e6	0.0
E4	run2	linreg	setup (T(I) - I*per-iteration)	0.10320362500000003	NaN	99642528	0.0
FULL	run2	linreg	load	1.8363029956817627	1.8363029956817627	0	0.0
FULL	run2	linreg	ttfx	14.779884583	14.779884583	0	0.0
FULL	run2	linreg	infer(I=10)	0.19359625	0.210047666	158590800	0.0
FULL	run2	linreg	infer(I=20)	0.286704083	0.31639875	230442832	0.0
FULL	run2	linreg	per-iteration	0.0093107833	0.010635108400000001	7.1852032e6	0.0
FULL	run2	linreg	setup (T(I) - I*per-iteration)	0.100488417	NaN	86738768	0.0
FULLPC	run2	linreg	load	2.1286399364471436	2.1286399364471436	0	0.0
FULLPC	run2	linreg	ttfx	7.967168291	7.967168291	0	0.0
FULLPC	run2	linreg	infer(I=10)	0.188706375	0.20282575	158590800	0.0
FULLPC	run2	linreg	infer(I=20)	0.282509042	0.304451041	230442832	0.0
FULLPC	run2	linreg	per-iteration	0.009380266699999997	0.010162529099999998	7.1852032e6	0.0
FULLPC	run2	linreg	setup (T(I) - I*per-iteration)	0.09490370800000003	NaN	86738768	0.0
A	run2	linreg	load	1.8503820896148682	1.8503820896148682	0	0.0
A	run2	linreg	ttfx	12.2286165	12.2286165	0	0.0
A	run2	linreg	infer(I=10)	0.350478625	0.370100375	230275312	0.0
A	run2	linreg	infer(I=20)	0.565783833	0.598032583	352530864	0.0
A	run2	linreg	per-iteration	0.0215305208	0.022793220799999996	1.22255552e7	0.0
A	run2	linreg	setup (T(I) - I*per-iteration)	0.13517341699999996	NaN	108019760	0.0
P12	run2	filter	load	1.8446669578552246	1.8446669578552246	0	0.0
P12	run2	filter	ttfx	9.06614375	9.06614375	0	0.0
P12	run2	filter	infer(I=1)	0.007189167	0.007370333	6403760	0.0
E4	run2	filter	load	1.818019151687622	1.818019151687622	0	0.0
E4	run2	filter	ttfx	9.414248333	9.414248333	0	0.0
E4	run2	filter	infer(I=1)	0.006161583	0.006269917	4901104	0.0
FULL	run2	filter	load	1.8539659976959229	1.8539659976959229	0	0.0
FULL	run2	filter	ttfx	9.443705875	9.443705875	0	0.0
FULL	run2	filter	infer(I=1)	0.005575459	0.005647542	4881200	0.0
FULLPC	run2	filter	load	2.118988037109375	2.118988037109375	0	0.0
FULLPC	run2	filter	ttfx	2.598411792	2.598411792	0	0.0
FULLPC	run2	filter	infer(I=1)	0.00466525	0.004708875	5137200	0.0
v6	run2	filter	load	2.002025842666626	2.002025842666626	0	0.0
v6	run2	filter	ttfx	7.364536792	7.364536792	0	0.0
v6	run2	filter	infer(I=1)	0.009200209	0.009316917	4927296	0.0
A	run2	filter	load	1.836548089981079	1.836548089981079	0	0.0
A	run2	filter	ttfx	9.120841458	9.120841458	0	0.0
A	run2	filter	infer(I=1)	0.013925958	0.014065791	8547760	0.0
P12	run2	ssm1+defaults	load	1.8372960090637207	1.8372960090637207	0	0.0
P12	run2	ssm1+defaults	ttfx	13.499275666	13.499275666	0	0.0
P12	run2	ssm1+defaults	infer(I=1)	0.112885166	0.11987875	84756912	0.0
E4	run2	ssm1+defaults	load	1.8269751071929932	1.8269751071929932	0	0.0
E4	run2	ssm1+defaults	ttfx	13.7535565	13.7535565	0	0.0
E4	run2	ssm1+defaults	infer(I=1)	0.079498458	0.082077958	73665568	0.0
FULL	run2	ssm1+defaults	load	1.8288819789886475	1.8288819789886475	0	0.0
FULL	run2	ssm1+defaults	ttfx	13.38705975	13.38705975	0	0.0
FULL	run2	ssm1+defaults	infer(I=1)	0.078602666	0.083235292	65221008	0.0
FULLPC	run2	ssm1+defaults	load	2.1382229328155518	2.1382229328155518	0	0.0
FULLPC	run2	ssm1+defaults	ttfx	6.9261005	6.9261005	0	0.0
FULLPC	run2	ssm1+defaults	infer(I=1)	0.074405791	0.07944675	65349136	0.0
v6	run2	ssm1+defaults	load	1.9919490814208984	1.9919490814208984	0	0.0
v6	run2	ssm1+defaults	ttfx	11.337334459	11.337334459	0	0.0
v6	run2	ssm1+defaults	infer(I=1)	0.061838459	0.064410292	58667136	0.0
A	run2	ssm1+defaults	load	1.8278770446777344	1.8278770446777344	0	0.0
A	run2	ssm1+defaults	ttfx	13.409607916	13.409607916	0	0.0
A	run2	ssm1+defaults	infer(I=1)	0.120876708	0.1242335	86197616	0.0
P12	run2	iid+defaults	load	1.851850986480713	1.851850986480713	0	0.0
P12	run2	iid+defaults	ttfx	8.645784	8.645784	0	0.0
P12	run2	iid+defaults	infer(I=10)	0.051893875	0.053366459	52727616	0.0
P12	run2	iid+defaults	infer(I=20)	0.06347075	0.06482175	73070528	0.0
P12	run2	iid+defaults	per-iteration	0.0011576875000000007	0.0011455291	2.0342912e6	0.0
P12	run2	iid+defaults	setup (T(I) - I*per-iteration)	0.04031699999999999	NaN	32384704	0.0
E4	run2	iid+defaults	load	1.8354599475860596	1.8354599475860596	0	0.0
E4	run2	iid+defaults	ttfx	8.799625875	8.799625875	0	0.0
E4	run2	iid+defaults	infer(I=10)	0.03561725	0.036326459	41936096	0.0
E4	run2	iid+defaults	infer(I=20)	0.044342833	0.045600042	55879008	0.0
E4	run2	iid+defaults	per-iteration	0.0008725582999999995	0.0009273583000000002	1.3942912e6	0.0
E4	run2	iid+defaults	setup (T(I) - I*per-iteration)	0.026891667000000008	NaN	27993184	0.0
FULL	run2	iid+defaults	load	1.840315818786621	1.840315818786621	0	0.0
FULL	run2	iid+defaults	ttfx	8.517782375	8.517782375	0	0.0
FULL	run2	iid+defaults	infer(I=10)	0.034343292	0.035184125	39265552	0.0
FULL	run2	iid+defaults	infer(I=20)	0.043113167	0.043821834	53206544	0.0
FULL	run2	iid+defaults	per-iteration	0.0008769875000000004	0.0008637709	1.3940992e6	0.0
FULL	run2	iid+defaults	setup (T(I) - I*per-iteration)	0.025573416999999994	NaN	25324560	0.0
FULLPC	run2	iid+defaults	load	2.117901086807251	2.117901086807251	0	0.0
FULLPC	run2	iid+defaults	ttfx	2.241480041	2.241480041	0	0.0
FULLPC	run2	iid+defaults	infer(I=10)	0.032	0.032466208	39268112	0.0
FULLPC	run2	iid+defaults	infer(I=20)	0.038075667	0.039839542	53211664	0.0
FULLPC	run2	iid+defaults	per-iteration	0.0006075666999999999	0.0007373333999999995	1.3943552e6	0.0
FULLPC	run2	iid+defaults	setup (T(I) - I*per-iteration)	0.025924333	NaN	25324560	0.0
v6	run2	iid+defaults	load	2.0092170238494873	2.0092170238494873	0	0.0
v6	run2	iid+defaults	ttfx	7.420819333	7.420819333	0	0.0
v6	run2	iid+defaults	infer(I=10)	0.024522167	0.02536575	28324016	0.0
v6	run2	iid+defaults	infer(I=20)	0.031285875	0.032582958	36194928	0.0
v6	run2	iid+defaults	per-iteration	0.0006763707999999997	0.0007217208000000003	787091.2	0.0
v6	run2	iid+defaults	setup (T(I) - I*per-iteration)	0.017758459000000004	NaN	20453104	0.0
A	run2	iid+defaults	load	1.849797010421753	1.849797010421753	0	0.0
A	run2	iid+defaults	ttfx	8.748985792	8.748985792	0	0.0
A	run2	iid+defaults	infer(I=10)	0.069813	0.070971792	61376352	0.0
A	run2	iid+defaults	infer(I=20)	0.100292541	0.100909542	90367264	0.0
A	run2	iid+defaults	per-iteration	0.0030479541	0.0029937749999999997	2.8990912e6	0.0
A	run2	iid+defaults	setup (T(I) - I*per-iteration)	0.039333459	NaN	32385440	0.0
P12	run2	ssm1@100	load	1.8576998710632324	1.8576998710632324	0	0.0
P12	run2	ssm1@100	ttfx	10.9720735	10.9720735	0	0.0
P12	run2	ssm1@100	infer(I=1)	0.011298458	0.011364459	8458288	0.0
E4	run2	ssm1@100	load	1.8230149745941162	1.8230149745941162	0	0.0
E4	run2	ssm1@100	ttfx	11.253145834	11.253145834	0	0.0
E4	run2	ssm1@100	infer(I=1)	0.007662041	0.007738125	7346144	0.0
FULL	run2	ssm1@100	load	1.8277099132537842	1.8277099132537842	0	0.0
FULL	run2	ssm1@100	ttfx	13.007332583	13.007332583	0	0.0
FULL	run2	ssm1@100	infer(I=1)	0.007716792	0.007891458	6496624	0.0
FULLPC	run2	ssm1@100	load	2.127466917037964	2.127466917037964	0	0.0
FULLPC	run2	ssm1@100	ttfx	5.923151375	5.923151375	0	0.0
FULLPC	run2	ssm1@100	infer(I=1)	0.007150958	0.007189709	6509552	0.0
v6	run2	ssm1@100	load	2.006402015686035	2.006402015686035	0	0.0
v6	run2	ssm1@100	ttfx	9.02154875	9.02154875	0	0.0
v6	run2	ssm1@100	infer(I=1)	0.006011292	0.006080833	5841264	0.0
A	run2	ssm1@100	load	1.844329833984375	1.844329833984375	0	0.0
A	run2	ssm1@100	ttfx	10.962666209	10.962666209	0	0.0
A	run2	ssm1@100	infer(I=1)	0.011911916	0.01197925	8602992	0.0
P12	run2	ssm1@10000	load	1.8409690856933594	1.8409690856933594	0	0.0
P12	run2	ssm1@10000	ttfx	15.409494083	15.409494083	0	0.0
P12	run2	ssm1@10000	infer(I=1)	1.29725475	1.392588375	851230320	0.10382713269454083
E4	run2	ssm1@10000	load	1.8323910236358643	1.8323910236358643	0	0.0
E4	run2	ssm1@10000	ttfx	15.305317208	15.305317208	0	0.0
E4	run2	ssm1@10000	infer(I=1)	0.938734542	1.070808417	740346976	0.17523594721434343
FULL	run2	ssm1@10000	load	1.8323819637298584	1.8323819637298584	0	0.0
FULL	run2	ssm1@10000	ttfx	15.201709083	15.201709083	0	0.0
FULL	run2	ssm1@10000	infer(I=1)	0.936040583	1.080054083	656786560	0.17811789337960401
FULLPC	run2	ssm1@10000	load	2.1111178398132324	2.1111178398132324	0	0.0
FULLPC	run2	ssm1@10000	ttfx	8.015537959	8.015537959	0	0.0
FULLPC	run2	ssm1@10000	infer(I=1)	0.8919275	0.986842375	658066688	0.13459152987831516
v6	run2	ssm1@10000	load	2.000483989715576	2.000483989715576	0	0.0
v6	run2	ssm1@10000	ttfx	12.927089666	12.927089666	0	0.0
v6	run2	ssm1@10000	infer(I=1)	0.771635709	0.97303625	590470944	0.22531010110440808
A	run2	ssm1@10000	load	1.8692739009857178	1.8692739009857178	0	0.0
A	run2	ssm1@10000	ttfx	15.765482917	15.765482917	0	0.0
A	run2	ssm1@10000	infer(I=1)	1.351042458	1.471849584	865631024	0.10175575522668355
P12	run2	iid@100	load	1.8753290176391602	1.8753290176391602	0	0.0
P12	run2	iid@100	ttfx	8.581752125	8.581752125	0	0.0
P12	run2	iid@100	infer(I=10)	0.005643708	0.005711583	5298528	0.0
P12	run2	iid@100	infer(I=20)	0.006850166	0.006947416	7279840	0.0
P12	run2	iid@100	per-iteration	0.00012064580000000005	0.00012358329999999997	198131.2	0.0
P12	run2	iid@100	setup (T(I) - I*per-iteration)	0.004437249999999999	NaN	3317216	0.0
E4	run2	iid@100	load	1.8545539379119873	1.8545539379119873	0	0.0
E4	run2	iid@100	ttfx	8.843476625	8.843476625	0	0.0
E4	run2	iid@100	infer(I=10)	0.004081667	0.004149667	4212608	0.0
E4	run2	iid@100	infer(I=20)	0.005106333	0.005139417	5553920	0.0
E4	run2	iid@100	per-iteration	0.00010246660000000005	9.897500000000002e-5	134131.2	0.0
E4	run2	iid@100	setup (T(I) - I*per-iteration)	0.0030570009999999993	NaN	2871296	0.0
FULL	run2	iid@100	load	1.8518540859222412	1.8518540859222412	0	0.0
FULL	run2	iid@100	ttfx	10.148251084	10.148251084	0	0.0
FULL	run2	iid@100	infer(I=10)	0.003985917	0.004210083	3928608	0.0
FULL	run2	iid@100	infer(I=20)	0.004906708	0.004977834	5268960	0.0
FULL	run2	iid@100	per-iteration	9.207909999999998e-5	7.677510000000006e-5	134035.2	0.0
FULL	run2	iid@100	setup (T(I) - I*per-iteration)	0.0030651260000000005	NaN	2588256	0.0
FULLPC	run2	iid@100	load	2.184054136276245	2.184054136276245	0	0.0
FULLPC	run2	iid@100	ttfx	0.639992709	0.639992709	0	0.0
FULLPC	run2	iid@100	infer(I=10)	0.003449917	0.003583708	3931168	0.0
FULLPC	run2	iid@100	infer(I=20)	0.004242875	0.00432375	5274080	0.0
FULLPC	run2	iid@100	per-iteration	7.929580000000003e-5	7.400420000000002e-5	134291.2	0.0
FULLPC	run2	iid@100	setup (T(I) - I*per-iteration)	0.0026569589999999995	NaN	2588256	0.0
v6	run2	iid@100	load	2.048555850982666	2.048555850982666	0	0.0
v6	run2	iid@100	ttfx	7.7191785	7.7191785	0	0.0
v6	run2	iid@100	infer(I=10)	0.002975	0.003041542	2849824	0.0
v6	run2	iid@100	infer(I=20)	0.003816417	0.003873458	3591136	0.0
v6	run2	iid@100	per-iteration	8.414169999999997e-5	8.319160000000003e-5	74131.2	0.0
v6	run2	iid@100	setup (T(I) - I*per-iteration)	0.0021335830000000005	NaN	2108512	0.0
A	run2	iid@100	load	1.8557610511779785	1.8557610511779785	0	0.0
A	run2	iid@100	ttfx	8.873113042	8.873113042	0	0.0
A	run2	iid@100	infer(I=10)	0.007554125	0.007633208	6171264	0.0
A	run2	iid@100	infer(I=20)	0.010653541	0.010775084	9024576	0.0
A	run2	iid@100	per-iteration	0.0003099416000000001	0.0003141876000000001	285331.2	0.0
A	run2	iid@100	setup (T(I) - I*per-iteration)	0.004454708999999999	NaN	3317952	0.0
P12	run2	iid@10000	load	1.8407950401306152	1.8407950401306152	0	0.0
P12	run2	iid@10000	ttfx	9.548615625	9.548615625	0	0.0
P12	run2	iid@10000	infer(I=10)	0.663517333	0.744790709	515983792	0.1482874070063084
P12	run2	iid@10000	infer(I=20)	0.878677	0.977338666	712797104	0.11709954650884265
P12	run2	iid@10000	per-iteration	0.0215159667	0.023254795699999997	1.96813312e7	0.0
P12	run2	iid@10000	setup (T(I) - I*per-iteration)	0.44835766600000004	NaN	319170480	0.0
E4	run2	iid@10000	load	1.8653411865234375	1.8653411865234375	0	0.0
E4	run2	iid@10000	ttfx	9.46895025	9.46895025	0	0.0
E4	run2	iid@10000	infer(I=10)	0.450012417	0.465417791	408136272	0.0
E4	run2	iid@10000	infer(I=20)	0.625202458	0.740201667	540949584	0.1440999297207456
E4	run2	iid@10000	per-iteration	0.017519004099999996	0.027478387599999998	1.32813312e7	0.0
E4	run2	iid@10000	setup (T(I) - I*per-iteration)	0.27482237600000003	NaN	275322960	0.0
FULL	run2	iid@10000	load	1.8436169624328613	1.8436169624328613	0	0.0
FULL	run2	iid@10000	ttfx	9.345711708	9.345711708	0	0.0
FULL	run2	iid@10000	infer(I=10)	0.39820975	0.423153792	381504656	0.0
FULL	run2	iid@10000	infer(I=20)	0.6061825	0.682892833	514317008	0.1658912538715651
FULL	run2	iid@10000	per-iteration	0.020797274999999997	0.025973904100000007	1.32812352e7	0.0
FULL	run2	iid@10000	setup (T(I) - I*per-iteration)	0.190237	NaN	248692304	0.0
FULLPC	run2	iid@10000	load	2.125694990158081	2.125694990158081	0	0.0
FULLPC	run2	iid@10000	ttfx	1.250012125	1.250012125	0	0.0
FULLPC	run2	iid@10000	infer(I=10)	0.403109917	0.435578125	381507216	0.11888885754408021
FULLPC	run2	iid@10000	infer(I=20)	0.622438333	0.731656	514322128	0.23616496235567536
FULLPC	run2	iid@10000	per-iteration	0.021932841599999996	0.0296077875	1.32814912e7	0.0
FULLPC	run2	iid@10000	setup (T(I) - I*per-iteration)	0.183781501	NaN	248692304	0.0
v6	run2	iid@10000	load	1.988645076751709	1.988645076751709	0	0.0
v6	run2	iid@10000	ttfx	7.997499792	7.997499792	0	0.0
v6	run2	iid@10000	infer(I=10)	0.286576708	0.323830958	271946736	0.0
v6	run2	iid@10000	infer(I=20)	0.392862291	0.45767825	343968048	0.0
v6	run2	iid@10000	per-iteration	0.010628558299999997	0.0133847292	7.2021312e6	0.0
v6	run2	iid@10000	setup (T(I) - I*per-iteration)	0.18029112500000005	NaN	199925424	0.0
A	run2	iid@10000	load	1.8302440643310547	1.8302440643310547	0	0.0
A	run2	iid@10000	ttfx	10.537151708	10.537151708	0	0.0
A	run2	iid@10000	infer(I=10)	0.933830334	1.007817667	602392528	0.11717879024762134
A	run2	iid@10000	infer(I=20)	1.461402125	1.558070042	885613840	0.15610493564949873
A	run2	iid@10000	per-iteration	0.052757179099999996	0.05502523749999999	2.83221312e7	0.0
A	run2	iid@10000	setup (T(I) - I*per-iteration)	0.4062585430000001	NaN	319171216	0.0
P12	run2	iid@100000	load	2.2250049114227295	2.2250049114227295	0	0.0
P12	run2	iid@100000	ttfx	22.162919875	22.162919875	0	0.0
P12	run2	iid@100000	infer(I=10)	10.149779208	11.262912417	5157449296	0.21315661181705872
P12	run2	iid@100000	infer(I=20)	14.121017792	15.668993083	7125462608	0.2944328102362466
P12	run2	iid@100000	per-iteration	0.3971238584	0.44060806659999996	1.968013312e8	0.0
P12	run2	iid@100000	setup (T(I) - I*per-iteration)	6.178540624	NaN	3189435984	0.0
E4	run2	iid@100000	load	2.4619109630584717	2.4619109630584717	0	0.0
E4	run2	iid@100000	ttfx	17.952669209	17.952669209	0	0.0
E4	run2	iid@100000	infer(I=10)	7.291508833	7.805386125	4079041776	0.22273804667158603
E4	run2	iid@100000	infer(I=20)	10.247606375	12.71660825	5407055088	0.2690240293669626
E4	run2	iid@100000	per-iteration	0.2956097542	0.4911222125	1.328013312e8	0.0
E4	run2	iid@100000	setup (T(I) - I*per-iteration)	4.335411291	NaN	2751028464	0.0
FULL	run2	iid@100000	load	2.2554919719696045	2.2554919719696045	0	0.0
FULL	run2	iid@100000	ttfx	17.287979833	17.287979833	0	0.0
FULL	run2	iid@100000	infer(I=10)	5.95895875	6.635323292	3814358544	0.24526430535225233
FULL	run2	iid@100000	infer(I=20)	9.110767167	10.210823	5142370896	0.27242386172005917
FULL	run2	iid@100000	per-iteration	0.31518084170000005	0.35754997079999995	1.328012352e8	0.0
FULL	run2	iid@100000	setup (T(I) - I*per-iteration)	2.807150332999999	NaN	2486346192	0.0
FULLPC	run2	iid@100000	load	2.582550048828125	2.582550048828125	0	0.0
FULLPC	run2	iid@100000	ttfx	9.737799959	9.737799959	0	0.0
FULLPC	run2	iid@100000	infer(I=10)	5.82060875	6.585999916	3814361104	0.2532637075718016
FULLPC	run2	iid@100000	infer(I=20)	9.22038725	9.88917925	5142376016	0.27972898853528266
FULLPC	run2	iid@100000	per-iteration	0.33997785	0.33031793340000004	1.328014912e8	0.0
FULLPC	run2	iid@100000	setup (T(I) - I*per-iteration)	2.42083025	NaN	2486346192	0.0
v6	run2	iid@100000	load	2.4369988441467285	2.4369988441467285	0	0.0
v6	run2	iid@100000	ttfx	14.713496208	14.713496208	0	0.0
v6	run2	iid@100000	infer(I=10)	5.313072625	5.810739083	2719195264	0.17006575134153207
v6	run2	iid@100000	infer(I=20)	7.481851209	9.299497666	3437643712	0.19204081651951888
v6	run2	iid@100000	per-iteration	0.2168778584	0.3488758583000001	7.18448448e7	0.0
v6	run2	iid@100000	setup (T(I) - I*per-iteration)	3.144294041	NaN	2000746816	0.0
A	run2	iid@100000	load	2.268267869949341	2.268267869949341	0	0.0
A	run2	iid@100000	ttfx	22.905080375	22.905080375	0	0.0
A	run2	iid@100000	infer(I=10)	11.250336208	12.39002675	6021458032	0.16971152156713462
A	run2	iid@100000	infer(I=20)	20.328707209	21.170651625	8853479344	0.29150464448706764
A	run2	iid@100000	per-iteration	0.9078371001000001	0.8780624875	2.832021312e8	0.0
A	run2	iid@100000	setup (T(I) - I*per-iteration)	2.1719652069999995	NaN	3189436720	0.0
P12	run2	betabern@50000	load	2.2743821144104004	2.2743821144104004	0	0.0
P12	run2	betabern@50000	ttfx	10.36704475	10.36704475	0	0.0
P12	run2	betabern@50000	infer(I=1)	1.742461	2.023074625	1099443280	0.12001445967421986
E4	run2	betabern@50000	load	1.9052128791809082	1.9052128791809082	0	0.0
E4	run2	betabern@50000	ttfx	9.957596209	9.957596209	0	0.0
E4	run2	betabern@50000	infer(I=1)	1.210133167	1.476661791	947439520	0.16503666207477566
FULL	run2	betabern@50000	load	1.895331859588623	1.895331859588623	0	0.0
FULL	run2	betabern@50000	ttfx	9.624264	9.624264	0	0.0
FULL	run2	betabern@50000	infer(I=1)	1.159401416	1.246339167	886235264	0.0
FULLPC	run2	betabern@50000	load	2.203731060028076	2.203731060028076	0	0.0
FULLPC	run2	betabern@50000	ttfx	2.03569775	2.03569775	0	0.0
FULLPC	run2	betabern@50000	infer(I=1)	1.110788	1.361037917	886235392	0.17937309530517656
v6	run2	betabern@50000	load	2.0719430446624756	2.0719430446624756	0	0.0
v6	run2	betabern@50000	ttfx	8.163899167	8.163899167	0	0.0
v6	run2	betabern@50000	infer(I=1)	0.90453275	0.945210625	718824448	0.0
A	run2	betabern@50000	load	1.864621877670288	1.864621877670288	0	0.0
A	run2	betabern@50000	ttfx	10.411648542	10.411648542	0	0.0
A	run2	betabern@50000	infer(I=1)	1.774911208	2.06048325	1111443984	0.1256696699669847
E4	run3	ssm1	load	1.8541181087493896	1.8541181087493896	0	0.0
E4	run3	ssm1	ttfx	13.724746458	13.724746458	0	0.0
E4	run3	ssm1	infer(I=1)	0.078059166	0.081623167	73014064	0.0
FULL	run3	ssm1	load	1.8397932052612305	1.8397932052612305	0	0.0
FULL	run3	ssm1	ttfx	13.651071333	13.651071333	0	0.0
FULL	run3	ssm1	infer(I=1)	0.076737333	0.081368583	64569440	0.0
FULLPC	run3	ssm1	load	2.102145195007324	2.102145195007324	0	0.0
FULLPC	run3	ssm1	ttfx	6.548132791	6.548132791	0	0.0
FULLPC	run3	ssm1	infer(I=1)	0.073833375	0.077808	64697568	0.0
v6	run3	ssm1	load	2.0035908222198486	2.0035908222198486	0	0.0
v6	run3	ssm1	ttfx	11.463352458	11.463352458	0	0.0
v6	run3	ssm1	infer(I=1)	0.061812791	0.06336925	58015632	0.0
A	run3	ssm1	load	1.8379011154174805	1.8379011154174805	0	0.0
A	run3	ssm1	ttfx	13.576246208	13.576246208	0	0.0
A	run3	ssm1	infer(I=1)	0.11978875	0.125153041	85546112	0.0
P12	run3	ssm1	load	1.835758924484253	1.835758924484253	0	0.0
P12	run3	ssm1	ttfx	13.578605459	13.578605459	0	0.0
P12	run3	ssm1	infer(I=1)	0.1160875	0.1183825	84105408	0.0
E4	run3	ssm2	load	1.8428881168365479	1.8428881168365479	0	0.0
E4	run3	ssm2	ttfx	16.566998375	16.566998375	0	0.0
E4	run3	ssm2	infer(I=1)	0.130642417	0.141619667	119610592	0.0
FULL	run3	ssm2	load	1.8215010166168213	1.8215010166168213	0	0.0
FULL	run3	ssm2	ttfx	16.64587775	16.64587775	0	0.0
FULL	run3	ssm2	infer(I=1)	0.130738292	0.141097208	106418672	0.0
FULLPC	run3	ssm2	load	2.12888503074646	2.12888503074646	0	0.0
FULLPC	run3	ssm2	ttfx	11.158808291	11.158808291	0	0.0
FULLPC	run3	ssm2	infer(I=1)	0.128869708	0.138870917	106418672	0.0
v6	run3	ssm2	load	1.996086835861206	1.996086835861206	0	0.0
v6	run3	ssm2	ttfx	13.320766667	13.320766667	0	0.0
v6	run3	ssm2	infer(I=1)	0.107619208	0.116567375	93951744	0.0
A	run3	ssm2	load	1.826024055480957	1.826024055480957	0	0.0
A	run3	ssm2	ttfx	16.559771375	16.559771375	0	0.0
A	run3	ssm2	infer(I=1)	0.188941417	0.198414125	135710832	0.0
P12	run3	ssm2	load	1.8402600288391113	1.8402600288391113	0	0.0
P12	run3	ssm2	ttfx	16.43746125	16.43746125	0	0.0
P12	run3	ssm2	infer(I=1)	0.184581541	0.192083125	133261840	0.0
E4	run3	iid	load	1.8634850978851318	1.8634850978851318	0	0.0
E4	run3	iid	ttfx	8.898403875	8.898403875	0	0.0
E4	run3	iid	infer(I=10)	0.034836708	0.0356265	41125504	0.0
E4	run3	iid	infer(I=20)	0.043098583	0.0447045	54418816	0.0
E4	run3	iid	per-iteration	0.0008261875000000002	0.0009078000000000003	1.3293312e6	0.0
E4	run3	iid	setup (T(I) - I*per-iteration)	0.026574833	NaN	27832192	0.0
FULL	run3	iid	load	1.8341941833496094	1.8341941833496094	0	0.0
FULL	run3	iid	ttfx	8.858195083	8.858195083	0	0.0
FULL	run3	iid	infer(I=10)	0.034187041	0.034733	38455776	0.0
FULL	run3	iid	infer(I=20)	0.041790792	0.043029208	51748128	0.0
FULL	run3	iid	per-iteration	0.0007603750999999999	0.0008296207999999999	1.3292352e6	0.0
FULL	run3	iid	setup (T(I) - I*per-iteration)	0.026583290000000002	NaN	25163424	0.0
FULLPC	run3	iid	load	2.1265978813171387	2.1265978813171387	0	0.0
FULLPC	run3	iid	ttfx	0.673779542	0.673779542	0	0.0
FULLPC	run3	iid	infer(I=10)	0.030790666	0.031679375	38458336	0.0
FULLPC	run3	iid	infer(I=20)	0.03748725	0.039024166	51753248	0.0
FULLPC	run3	iid	per-iteration	0.0006696583999999999	0.0007344790999999996	1.3294912e6	0.0
FULLPC	run3	iid	setup (T(I) - I*per-iteration)	0.024094082000000003	NaN	25163424	0.0
v6	run3	iid	load	2.018139123916626	2.018139123916626	0	0.0
v6	run3	iid	ttfx	7.426477291	7.426477291	0	0.0
v6	run3	iid	infer(I=10)	0.025182083	0.025368333	27513424	0.0
v6	run3	iid	infer(I=20)	0.03184075	0.032943708	34734736	0.0
v6	run3	iid	per-iteration	0.0006658667	0.0007575375000000002	722131.2	0.0
v6	run3	iid	setup (T(I) - I*per-iteration)	0.018523416	NaN	20292112	0.0
A	run3	iid	load	1.843289852142334	1.843289852142334	0	0.0
A	run3	iid	ttfx	8.711585167	8.711585167	0	0.0
A	run3	iid	infer(I=10)	0.07189375	0.072714417	60565760	0.0
A	run3	iid	infer(I=20)	0.102720542	0.1037705	88907072	0.0
A	run3	iid	per-iteration	0.0030826791999999993	0.0031056083	2.8341312e6	0.0
A	run3	iid	setup (T(I) - I*per-iteration)	0.041066958000000015	NaN	32224448	0.0
P12	run3	iid	load	1.8399779796600342	1.8399779796600342	0	0.0
P12	run3	iid	ttfx	8.723042791	8.723042791	0	0.0
P12	run3	iid	infer(I=10)	0.051363208	0.052318833	51917024	0.0
P12	run3	iid	infer(I=20)	0.061976375	0.063691333	71610336	0.0
P12	run3	iid	per-iteration	0.0010613166999999999	0.00113725	1.9693312e6	0.0
P12	run3	iid	setup (T(I) - I*per-iteration)	0.040750041	NaN	32223712	0.0
E4	run3	betabern	load	1.8423750400543213	1.8423750400543213	0	0.0
E4	run3	betabern	ttfx	7.995916	7.995916	0	0.0
E4	run3	betabern	infer(I=1)	0.104417375	0.109116125	94545408	0.0
FULL	run3	betabern	load	1.8354549407958984	1.8354549407958984	0	0.0
FULL	run3	betabern	ttfx	7.858999584	7.858999584	0	0.0
FULL	run3	betabern	infer(I=1)	0.10134925	0.106532583	88311680	0.0
FULLPC	run3	betabern	load	2.116447925567627	2.116447925567627	0	0.0
FULLPC	run3	betabern	ttfx	0.530220666	0.530220666	0	0.0
FULLPC	run3	betabern	infer(I=1)	0.096608041	0.101609667	88311808	0.0
v6	run3	betabern	load	1.9950549602508545	1.9950549602508545	0	0.0
v6	run3	betabern	ttfx	6.673493	6.673493	0	0.0
v6	run3	betabern	infer(I=1)	0.070432875	0.075325	71656128	0.0
A	run3	betabern	load	1.8263568878173828	1.8263568878173828	0	0.0
A	run3	betabern	ttfx	7.906140375	7.906140375	0	0.0
A	run3	betabern	infer(I=1)	0.156715417	0.160726583	110949872	0.0
P12	run3	betabern	load	1.8208417892456055	1.8208417892456055	0	0.0
P12	run3	betabern	ttfx	7.881366541	7.881366541	0	0.0
P12	run3	betabern	infer(I=1)	0.15507225	0.159377541	109749168	0.0
E4	run3	nl	load	1.8288400173187256	1.8288400173187256	0	0.0
E4	run3	nl	ttfx	16.477788584	16.477788584	0	0.0
E4	run3	nl	infer(I=5)	0.049438667	0.051114917	44119024	0.0
E4	run3	nl	infer(I=10)	0.061817042	0.064314042	54950768	0.0
E4	run3	nl	per-iteration	0.002475675000000001	0.0026398249999999997	2.1663488e6	0.0
E4	run3	nl	setup (T(I) - I*per-iteration)	0.037060291999999995	NaN	33287280	0.0
FULL	run3	nl	load	1.8259022235870361	1.8259022235870361	0	0.0
FULL	run3	nl	ttfx	17.043587959	17.043587959	0	0.0
FULL	run3	nl	infer(I=5)	0.048570334	0.050542833	39711760	0.0
FULL	run3	nl	infer(I=10)	0.060019625	0.062347	50543024	0.0
FULL	run3	nl	per-iteration	0.0022898582	0.0023608333999999994	2.1662528e6	0.0
FULL	run3	nl	setup (T(I) - I*per-iteration)	0.037121043	NaN	28880496	0.0
FULLPC	run3	nl	load	2.115817070007324	2.115817070007324	0	0.0
FULLPC	run3	nl	ttfx	10.076855375	10.076855375	0	0.0
FULLPC	run3	nl	infer(I=5)	0.045200375	0.046753291	39711760	0.0
FULLPC	run3	nl	infer(I=10)	0.054562292	0.057056792	50543024	0.0
FULLPC	run3	nl	per-iteration	0.0018723833999999995	0.0020607002	2.1662528e6	0.0
FULLPC	run3	nl	setup (T(I) - I*per-iteration)	0.035838458000000004	NaN	28880496	0.0
v6	run3	nl	load	2.00740909576416	2.00740909576416	0	0.0
v6	run3	nl	ttfx	12.65827775	12.65827775	0	0.0
v6	run3	nl	infer(I=5)	0.043244542	0.044471167	37953872	0.0
v6	run3	nl	infer(I=10)	0.061446041	0.066724125	50584816	0.0
v6	run3	nl	per-iteration	0.0036402998000000008	0.0044505916	2.5261888e6	0.0
v6	run3	nl	setup (T(I) - I*per-iteration)	0.025043042999999994	NaN	25322928	0.0
A	run3	nl	load	1.8359558582305908	1.8359558582305908	0	0.0
A	run3	nl	ttfx	16.209996167	16.209996167	0	0.0
A	run3	nl	infer(I=5)	0.0816345	0.082342166	54799328	0.0
A	run3	nl	infer(I=10)	0.108568833	0.110247042	72206352	0.0
A	run3	nl	per-iteration	0.005386866600000001	0.005580975200000002	3.4814048e6	0.0
A	run3	nl	setup (T(I) - I*per-iteration)	0.054700166999999994	NaN	37392304	0.0
P12	run3	nl	load	1.8344390392303467	1.8344390392303467	0	0.0
P12	run3	nl	ttfx	16.193121125	16.193121125	0	0.0
P12	run3	nl	infer(I=5)	0.06766	0.070166583	50870800	0.0
P12	run3	nl	infer(I=10)	0.081703	0.084835584	64485264	0.0
P12	run3	nl	per-iteration	0.0028086	0.0029338002000000004	2.7228928e6	0.0
P12	run3	nl	setup (T(I) - I*per-iteration)	0.053617	NaN	37256336	0.0
E4	run3	hmm	load	1.8499879837036133	1.8499879837036133	0	0.0
E4	run3	hmm	ttfx	17.378785333	17.378785333	0	0.0
E4	run3	hmm	infer(I=10)	0.055073292	0.058315208	61974480	0.0
E4	run3	hmm	infer(I=20)	0.087098791	0.089780084	99741520	0.0
E4	run3	hmm	per-iteration	0.0032025498999999993	0.0031464875999999997	3.776704e6	0.0
E4	run3	hmm	setup (T(I) - I*per-iteration)	0.02304779300000001	NaN	24207440	0.0
FULL	run3	hmm	load	1.8304591178894043	1.8304591178894043	0	0.0
FULL	run3	hmm	ttfx	17.419377042	17.419377042	0	0.0
FULL	run3	hmm	infer(I=10)	0.05353175	0.056297666	58765600	0.0
FULL	run3	hmm	infer(I=20)	0.087029125	0.088725583	96531680	0.0
FULL	run3	hmm	per-iteration	0.0033497374999999995	0.0032427916999999994	3.776608e6	0.0
FULL	run3	hmm	setup (T(I) - I*per-iteration)	0.020034375000000007	NaN	20999520	0.0
FULLPC	run3	hmm	load	2.1384241580963135	2.1384241580963135	0	0.0
FULLPC	run3	hmm	ttfx	12.3433035	12.3433035	0	0.0
FULLPC	run3	hmm	infer(I=10)	0.053056541	0.054323875	58677904	0.0
FULLPC	run3	hmm	infer(I=20)	0.085164583	0.088058334	96443984	0.0
FULLPC	run3	hmm	per-iteration	0.0032108042000000003	0.0033734459	3.776608e6	0.0
FULLPC	run3	hmm	setup (T(I) - I*per-iteration)	0.020948498999999995	NaN	20911824	0.0
v6	run3	hmm	load	2.000577926635742	2.000577926635742	0	0.0
v6	run3	hmm	ttfx	14.244564583	14.244564583	0	0.0
v6	run3	hmm	infer(I=10)	0.046525208	0.047116541	44648368	0.0
v6	run3	hmm	infer(I=20)	0.0767865	0.078457125	71724688	0.0
v6	run3	hmm	per-iteration	0.0030261291999999994	0.0031340584000000005	2.707632e6	0.0
v6	run3	hmm	setup (T(I) - I*per-iteration)	0.016263916000000003	NaN	17572048	0.0
A	run3	hmm	load	1.8416838645935059	1.8416838645935059	0	0.0
A	run3	hmm	ttfx	17.034541208	17.034541208	0	0.0
A	run3	hmm	infer(I=10)	0.086665125	0.087161459	75717728	0.0
A	run3	hmm	infer(I=20)	0.1392	0.139554041	124058048	0.0
A	run3	hmm	per-iteration	0.005253487499999999	0.005239258199999999	4.834032e6	0.0
A	run3	hmm	setup (T(I) - I*per-iteration)	0.03413025	NaN	27377408	0.0
P12	run3	hmm	load	1.8558528423309326	1.8558528423309326	0	0.0
P12	run3	hmm	ttfx	16.942954583	16.942954583	0	0.0
P12	run3	hmm	infer(I=10)	0.069457	0.071029667	69744384	0.0
P12	run3	hmm	infer(I=20)	0.102120458	0.105244708	112024384	0.0
P12	run3	hmm	per-iteration	0.0032663457999999993	0.0034215041	4.228e6	0.0
P12	run3	hmm	setup (T(I) - I*per-iteration)	0.03679354200000001	NaN	27464384	0.0
E4	run3	gmm	load	1.8342690467834473	1.8342690467834473	0	0.0
E4	run3	gmm	ttfx	13.717611292	13.717611292	0	0.0
E4	run3	gmm	infer(I=10)	0.077017375	0.079375916	80522080	0.0
E4	run3	gmm	infer(I=20)	0.106661	0.110896084	109632640	0.0
E4	run3	gmm	per-iteration	0.0029643625000000005	0.0031520168	2.911056e6	0.0
E4	run3	gmm	setup (T(I) - I*per-iteration)	0.04737374999999999	NaN	51411520	0.0
FULL	run3	gmm	load	1.8327200412750244	1.8327200412750244	0	0.0
FULL	run3	gmm	ttfx	13.763398333	13.763398333	0	0.0
FULL	run3	gmm	infer(I=10)	0.0746495	0.075937958	73895376	0.0
FULL	run3	gmm	infer(I=20)	0.101673333	0.104179375	103004976	0.0
FULL	run3	gmm	per-iteration	0.002702383300000001	0.0028241417000000003	2.91096e6	0.0
FULL	run3	gmm	setup (T(I) - I*per-iteration)	0.04762566699999998	NaN	44785776	0.0
FULLPC	run3	gmm	load	2.1318681240081787	2.1318681240081787	0	0.0
FULLPC	run3	gmm	ttfx	5.52191	5.52191	0	0.0
FULLPC	run3	gmm	infer(I=10)	0.071195958	0.073620708	73902896	0.0
FULLPC	run3	gmm	infer(I=20)	0.098025167	0.099411708	103016336	0.0
FULLPC	run3	gmm	per-iteration	0.002682920899999999	0.0025790999999999995	2.911344e6	0.0
FULLPC	run3	gmm	setup (T(I) - I*per-iteration)	0.04436674900000001	NaN	44789456	0.0
v6	run3	gmm	load	1.9932129383087158	1.9932129383087158	0	0.0
v6	run3	gmm	ttfx	10.48604675	10.48604675	0	0.0
v6	run3	gmm	infer(I=10)	0.052207417	0.053826084	51981568	0.0
v6	run3	gmm	infer(I=20)	0.080795917	0.084193791	71032128	0.0
v6	run3	gmm	per-iteration	0.0028588499999999996	0.0030367707	1.905056e6	0.0
v6	run3	gmm	setup (T(I) - I*per-iteration)	0.023618917000000003	NaN	32931008	0.0
A	run3	gmm	load	1.8325879573822021	1.8325879573822021	0	0.0
A	run3	gmm	ttfx	13.738523125	13.738523125	0	0.0
A	run3	gmm	infer(I=10)	0.147343375	0.150057334	117338352	0.0
A	run3	gmm	infer(I=20)	0.219172209	0.221953583	172788912	0.0
A	run3	gmm	per-iteration	0.007182883400000001	0.007189624900000002	5.545056e6	0.0
A	run3	gmm	setup (T(I) - I*per-iteration)	0.07551454099999999	NaN	61887792	0.0
P12	run3	gmm	load	1.8388378620147705	1.8388378620147705	0	0.0
P12	run3	gmm	ttfx	13.447046458	13.447046458	0	0.0
P12	run3	gmm	infer(I=10)	0.112314125	0.113720416	100198096	0.0
P12	run3	gmm	infer(I=20)	0.146203708	0.148954083	138508656	0.0
P12	run3	gmm	per-iteration	0.003388958299999999	0.003523366699999998	3.831056e6	0.0
P12	run3	gmm	setup (T(I) - I*per-iteration)	0.07842454200000001	NaN	61887536	0.0
E4	run3	linreg	load	1.8327200412750244	1.8327200412750244	0	0.0
E4	run3	linreg	ttfx	12.363434875	12.363434875	0	0.0
E4	run3	linreg	infer(I=10)	0.204244208	0.220455417	171496480	0.0
E4	run3	linreg	infer(I=20)	0.310676375	0.338612625	243350432	0.0
E4	run3	linreg	per-iteration	0.0106432167	0.011815720800000002	7.1853952e6	0.0
E4	run3	linreg	setup (T(I) - I*per-iteration)	0.09781204100000002	NaN	99642528	0.0
FULL	run3	linreg	load	1.8105030059814453	1.8105030059814453	0	0.0
FULL	run3	linreg	ttfx	14.766741792	14.766741792	0	0.0
FULL	run3	linreg	infer(I=10)	0.194466833	0.2062305	158590800	0.0
FULL	run3	linreg	infer(I=20)	0.289389708	0.3089	230442832	0.0
FULL	run3	linreg	per-iteration	0.009492287500000002	0.01026695	7.1852032e6	0.0
FULL	run3	linreg	setup (T(I) - I*per-iteration)	0.09954395799999999	NaN	86738768	0.0
FULLPC	run3	linreg	load	2.1151278018951416	2.1151278018951416	0	0.0
FULLPC	run3	linreg	ttfx	7.820939292	7.820939292	0	0.0
FULLPC	run3	linreg	infer(I=10)	0.189958958	0.202273875	158590800	0.0
FULLPC	run3	linreg	infer(I=20)	0.279114375	0.297686167	230442832	0.0
FULLPC	run3	linreg	per-iteration	0.008915541700000001	0.009541229200000001	7.1852032e6	0.0
FULLPC	run3	linreg	setup (T(I) - I*per-iteration)	0.100803541	NaN	86738768	0.0
A	run3	linreg	load	1.8212511539459229	1.8212511539459229	0	0.0
A	run3	linreg	ttfx	12.084797125	12.084797125	0	0.0
A	run3	linreg	infer(I=10)	0.346487458	0.362974667	230275312	0.0
A	run3	linreg	infer(I=20)	0.553196708	0.585648334	352530864	0.0
A	run3	linreg	per-iteration	0.020670924999999996	0.022267366700000006	1.22255552e7	0.0
A	run3	linreg	setup (T(I) - I*per-iteration)	0.1397782080000001	NaN	108019760	0.0
P12	run3	linreg	load	1.8321280479431152	1.8321280479431152	0	0.0
P12	run3	linreg	ttfx	12.067219	12.067219	0	0.0
P12	run3	linreg	infer(I=10)	0.257632959	0.275718791	202106400	0.0
P12	run3	linreg	infer(I=20)	0.3786075	0.4047105	296193952	0.0
P12	run3	linreg	per-iteration	0.012097454099999998	0.012899170899999996	9.4087552e6	0.0
P12	run3	linreg	setup (T(I) - I*per-iteration)	0.136658418	NaN	108018848	0.0
E4	run3	filter	load	1.831139087677002	1.831139087677002	0	0.0
E4	run3	filter	ttfx	9.362799959	9.362799959	0	0.0
E4	run3	filter	infer(I=1)	0.005682417	0.005728	4901104	0.0
FULL	run3	filter	load	1.8454999923706055	1.8454999923706055	0	0.0
FULL	run3	filter	ttfx	9.525116625	9.525116625	0	0.0
FULL	run3	filter	infer(I=1)	0.0056735	0.005721208	4881200	0.0
FULLPC	run3	filter	load	2.1173670291900635	2.1173670291900635	0	0.0
FULLPC	run3	filter	ttfx	2.60987475	2.60987475	0	0.0
FULLPC	run3	filter	infer(I=1)	0.004628208	0.004694416	5137200	0.0
v6	run3	filter	load	1.9958088397979736	1.9958088397979736	0	0.0
v6	run3	filter	ttfx	7.286353417	7.286353417	0	0.0
v6	run3	filter	infer(I=1)	0.00914075	0.00930675	4927296	0.0
A	run3	filter	load	1.836057186126709	1.836057186126709	0	0.0
A	run3	filter	ttfx	9.087738375	9.087738375	0	0.0
A	run3	filter	infer(I=1)	0.01358425	0.013721833	8547760	0.0
P12	run3	filter	load	1.833894968032837	1.833894968032837	0	0.0
P12	run3	filter	ttfx	9.036641209	9.036641209	0	0.0
P12	run3	filter	infer(I=1)	0.006761208	0.006845042	6403760	0.0
E4	run3	ssm1+defaults	load	1.8253769874572754	1.8253769874572754	0	0.0
E4	run3	ssm1+defaults	ttfx	13.619349166	13.619349166	0	0.0
E4	run3	ssm1+defaults	infer(I=1)	0.078408708	0.082634291	73665568	0.0
FULL	run3	ssm1+defaults	load	1.8329899311065674	1.8329899311065674	0	0.0
FULL	run3	ssm1+defaults	ttfx	13.340898167	13.340898167	0	0.0
FULL	run3	ssm1+defaults	infer(I=1)	0.078343292	0.0818865	65221008	0.0
FULLPC	run3	ssm1+defaults	load	2.1111860275268555	2.1111860275268555	0	0.0
FULLPC	run3	ssm1+defaults	ttfx	6.966183625	6.966183625	0	0.0
FULLPC	run3	ssm1+defaults	infer(I=1)	0.076926042	0.078660083	65349136	0.0
v6	run3	ssm1+defaults	load	1.992743968963623	1.992743968963623	0	0.0
v6	run3	ssm1+defaults	ttfx	11.304331916	11.304331916	0	0.0
v6	run3	ssm1+defaults	infer(I=1)	0.060934625	0.065587334	58667136	0.0
A	run3	ssm1+defaults	load	1.8434028625488281	1.8434028625488281	0	0.0
A	run3	ssm1+defaults	ttfx	13.501823709	13.501823709	0	0.0
A	run3	ssm1+defaults	infer(I=1)	0.118538667	0.122435041	86197616	0.0
P12	run3	ssm1+defaults	load	1.835172176361084	1.835172176361084	0	0.0
P12	run3	ssm1+defaults	ttfx	13.453437833	13.453437833	0	0.0
P12	run3	ssm1+defaults	infer(I=1)	0.115659791	0.118204375	84756912	0.0
E4	run3	iid+defaults	load	1.8242580890655518	1.8242580890655518	0	0.0
E4	run3	iid+defaults	ttfx	8.865952917	8.865952917	0	0.0
E4	run3	iid+defaults	infer(I=10)	0.034246458	0.034877083	41936096	0.0
E4	run3	iid+defaults	infer(I=20)	0.043029583	0.044249125	55879008	0.0
E4	run3	iid+defaults	per-iteration	0.0008783125000000003	0.0009372041999999997	1.3942912e6	0.0
E4	run3	iid+defaults	setup (T(I) - I*per-iteration)	0.025463332999999998	NaN	27993184	0.0
FULL	run3	iid+defaults	load	1.8142070770263672	1.8142070770263672	0	0.0
FULL	run3	iid+defaults	ttfx	8.451218042	8.451218042	0	0.0
FULL	run3	iid+defaults	infer(I=10)	0.03508475	0.035521875	39265552	0.0
FULL	run3	iid+defaults	infer(I=20)	0.04362075	0.044642792	53206544	0.0
FULL	run3	iid+defaults	per-iteration	0.0008536000000000001	0.0009120916999999999	1.3940992e6	0.0
FULL	run3	iid+defaults	setup (T(I) - I*per-iteration)	0.026548749999999996	NaN	25324560	0.0
FULLPC	run3	iid+defaults	load	2.0970370769500732	2.0970370769500732	0	0.0
FULLPC	run3	iid+defaults	ttfx	2.218409417	2.218409417	0	0.0
FULLPC	run3	iid+defaults	infer(I=10)	0.031062875	0.032049042	39268112	0.0
FULLPC	run3	iid+defaults	infer(I=20)	0.037930833	0.039689833	53211664	0.0
FULLPC	run3	iid+defaults	per-iteration	0.0006867957999999996	0.0007640791000000001	1.3943552e6	0.0
FULLPC	run3	iid+defaults	setup (T(I) - I*per-iteration)	0.024194917000000003	NaN	25324560	0.0
v6	run3	iid+defaults	load	1.9783530235290527	1.9783530235290527	0	0.0
v6	run3	iid+defaults	ttfx	7.471856167	7.471856167	0	0.0
v6	run3	iid+defaults	infer(I=10)	0.025302625	0.025703083	28324016	0.0
v6	run3	iid+defaults	infer(I=20)	0.0315145	0.032526583	36194928	0.0
v6	run3	iid+defaults	per-iteration	0.0006211875000000002	0.0006823499999999996	787091.2	0.0
v6	run3	iid+defaults	setup (T(I) - I*per-iteration)	0.019090749999999997	NaN	20453104	0.0
A	run3	iid+defaults	load	1.850820779800415	1.850820779800415	0	0.0
A	run3	iid+defaults	ttfx	8.738199542	8.738199542	0	0.0
A	run3	iid+defaults	infer(I=10)	0.069821208	0.07032125	61376352	0.0
A	run3	iid+defaults	infer(I=20)	0.099535042	0.101687875	90367264	0.0
A	run3	iid+defaults	per-iteration	0.0029713834000000008	0.0031366624999999994	2.8990912e6	0.0
A	run3	iid+defaults	setup (T(I) - I*per-iteration)	0.04010737399999999	NaN	32385440	0.0
P12	run3	iid+defaults	load	1.8434631824493408	1.8434631824493408	0	0.0
P12	run3	iid+defaults	ttfx	8.618786625	8.618786625	0	0.0
P12	run3	iid+defaults	infer(I=10)	0.0524265	0.053401583	52727616	0.0
P12	run3	iid+defaults	infer(I=20)	0.064068333	0.06582125	73070528	0.0
P12	run3	iid+defaults	per-iteration	0.0011641833000000004	0.0012419666999999995	2.0342912e6	0.0
P12	run3	iid+defaults	setup (T(I) - I*per-iteration)	0.040784667	NaN	32384704	0.0
E4	run3	ssm1@100	load	1.867826223373413	1.867826223373413	0	0.0
E4	run3	ssm1@100	ttfx	11.225824375	11.225824375	0	0.0
E4	run3	ssm1@100	infer(I=1)	0.007611084	0.00771525	7346144	0.0
FULL	run3	ssm1@100	load	1.809931993484497	1.809931993484497	0	0.0
FULL	run3	ssm1@100	ttfx	12.9746245	12.9746245	0	0.0
FULL	run3	ssm1@100	infer(I=1)	0.007614416	0.007680292	6496624	0.0
FULLPC	run3	ssm1@100	load	2.100013017654419	2.100013017654419	0	0.0
FULLPC	run3	ssm1@100	ttfx	5.923866833	5.923866833	0	0.0
FULLPC	run3	ssm1@100	infer(I=1)	0.007154084	0.007254958	6509552	0.0
v6	run3	ssm1@100	load	1.9942750930786133	1.9942750930786133	0	0.0
v6	run3	ssm1@100	ttfx	9.097052833	9.097052833	0	0.0
v6	run3	ssm1@100	infer(I=1)	0.006050167	0.006124625	5841264	0.0
A	run3	ssm1@100	load	1.829287052154541	1.829287052154541	0	0.0
A	run3	ssm1@100	ttfx	10.995505916	10.995505916	0	0.0
A	run3	ssm1@100	infer(I=1)	0.011745042	0.011883917	8602992	0.0
P12	run3	ssm1@100	load	1.834211826324463	1.834211826324463	0	0.0
P12	run3	ssm1@100	ttfx	10.954542708	10.954542708	0	0.0
P12	run3	ssm1@100	infer(I=1)	0.011335584	0.011540208	8458288	0.0
E4	run3	ssm1@10000	load	1.8257122039794922	1.8257122039794922	0	0.0
E4	run3	ssm1@10000	ttfx	15.247633833	15.247633833	0	0.0
E4	run3	ssm1@10000	infer(I=1)	0.946200167	1.072336583	740346976	0.1756163074033631
FULL	run3	ssm1@10000	load	1.8198108673095703	1.8198108673095703	0	0.0
FULL	run3	ssm1@10000	ttfx	15.109787458	15.109787458	0	0.0
FULL	run3	ssm1@10000	infer(I=1)	0.91327675	1.063519	656786560	0.18608157635171538
FULLPC	run3	ssm1@10000	load	2.1234869956970215	2.1234869956970215	0	0.0
FULLPC	run3	ssm1@10000	ttfx	7.923534875	7.923534875	0	0.0
FULLPC	run3	ssm1@10000	infer(I=1)	0.884280291	0.976080334	658066688	0.13595644987147132
v6	run3	ssm1@10000	load	1.999748945236206	1.999748945236206	0	0.0
v6	run3	ssm1@10000	ttfx	12.564178084	12.564178084	0	0.0
v6	run3	ssm1@10000	infer(I=1)	0.734215917	0.897198959	590470944	0.2265034571891428
A	run3	ssm1@10000	load	1.840169906616211	1.840169906616211	0	0.0
A	run3	ssm1@10000	ttfx	15.456331417	15.456331417	0	0.0
A	run3	ssm1@10000	infer(I=1)	1.333348667	1.449861458	865631024	0.10195571872357476
P12	run3	ssm1@10000	load	1.8287320137023926	1.8287320137023926	0	0.0
P12	run3	ssm1@10000	ttfx	15.524785709	15.524785709	0	0.0
P12	run3	ssm1@10000	infer(I=1)	1.307611958	1.41914175	851230320	0.10345193353658998
E4	run3	iid@100	load	1.8459479808807373	1.8459479808807373	0	0.0
E4	run3	iid@100	ttfx	8.843744	8.843744	0	0.0
E4	run3	iid@100	infer(I=10)	0.003964708	0.004025042	4212608	0.0
E4	run3	iid@100	infer(I=20)	0.004978917	0.005045375	5553920	0.0
E4	run3	iid@100	per-iteration	0.00010142090000000002	0.0001020333	134131.2	0.0
E4	run3	iid@100	setup (T(I) - I*per-iteration)	0.0029504989999999997	NaN	2871296	0.0
FULL	run3	iid@100	load	1.8352820873260498	1.8352820873260498	0	0.0
FULL	run3	iid@100	ttfx	8.702901959	8.702901959	0	0.0
FULL	run3	iid@100	infer(I=10)	0.003893417	0.003948458	3928608	0.0
FULL	run3	iid@100	infer(I=20)	0.00483025	0.004857833	5268960	0.0
FULL	run3	iid@100	per-iteration	9.368330000000003e-5	9.093749999999995e-5	134035.2	0.0
FULL	run3	iid@100	setup (T(I) - I*per-iteration)	0.002956584	NaN	2588256	0.0
FULLPC	run3	iid@100	load	2.108931064605713	2.108931064605713	0	0.0
FULLPC	run3	iid@100	ttfx	0.645288333	0.645288333	0	0.0
FULLPC	run3	iid@100	infer(I=10)	0.003445208	0.003495042	3931168	0.0
FULLPC	run3	iid@100	infer(I=20)	0.004227458	0.004280833	5274080	0.0
FULLPC	run3	iid@100	per-iteration	7.822499999999999e-5	7.857910000000006e-5	134291.2	0.0
FULLPC	run3	iid@100	setup (T(I) - I*per-iteration)	0.002662958	NaN	2588256	0.0
v6	run3	iid@100	load	1.9790549278259277	1.9790549278259277	0	0.0
v6	run3	iid@100	ttfx	7.410258041	7.410258041	0	0.0
v6	run3	iid@100	infer(I=10)	0.002989167	0.00302975	2849824	0.0
v6	run3	iid@100	infer(I=20)	0.003764167	0.003867875	3591136	0.0
v6	run3	iid@100	per-iteration	7.750000000000001e-5	8.381249999999998e-5	74131.2	0.0
v6	run3	iid@100	setup (T(I) - I*per-iteration)	0.002214167	NaN	2108512	0.0
A	run3	iid@100	load	1.8379991054534912	1.8379991054534912	0	0.0
A	run3	iid@100	ttfx	8.667812584	8.667812584	0	0.0
A	run3	iid@100	infer(I=10)	0.007663583	0.00771825	6171264	0.0
A	run3	iid@100	infer(I=20)	0.010828292	0.010969042	9024576	0.0
A	run3	iid@100	per-iteration	0.0003164709	0.0003250792	285331.2	0.0
A	run3	iid@100	setup (T(I) - I*per-iteration)	0.004498874	NaN	3317952	0.0
P12	run3	iid@100	load	1.8376388549804688	1.8376388549804688	0	0.0
P12	run3	iid@100	ttfx	8.628022333	8.628022333	0	0.0
P12	run3	iid@100	infer(I=10)	0.005777333	0.005854708	5298528	0.0
P12	run3	iid@100	infer(I=20)	0.007167167	0.007270416	7279840	0.0
P12	run3	iid@100	per-iteration	0.00013898340000000005	0.0001415708	198131.2	0.0
P12	run3	iid@100	setup (T(I) - I*per-iteration)	0.0043874989999999996	NaN	3317216	0.0
E4	run3	iid@10000	load	1.8374569416046143	1.8374569416046143	0	0.0
E4	run3	iid@10000	ttfx	9.525348583	9.525348583	0	0.0
E4	run3	iid@10000	infer(I=10)	0.460460208	0.481072333	408136272	0.0
E4	run3	iid@10000	infer(I=20)	0.652177917	0.771277917	540949584	0.1406131170225116
E4	run3	iid@10000	per-iteration	0.019171770900000006	0.0290205584	1.32813312e7	0.0
E4	run3	iid@10000	setup (T(I) - I*per-iteration)	0.2687424989999999	NaN	275322960	0.0
FULL	run3	iid@10000	load	1.8408281803131104	1.8408281803131104	0	0.0
FULL	run3	iid@10000	ttfx	9.437970709	9.437970709	0	0.0
FULL	run3	iid@10000	infer(I=10)	0.394563916	0.434546625	381504656	0.0
FULL	run3	iid@10000	infer(I=20)	0.632268375	0.70281725	514317008	0.16680902328123265
FULL	run3	iid@10000	per-iteration	0.0237704459	0.02682706249999999	1.32812352e7	0.0
FULL	run3	iid@10000	setup (T(I) - I*per-iteration)	0.15685945700000004	NaN	248692304	0.0
FULLPC	run3	iid@10000	load	2.122796058654785	2.122796058654785	0	0.0
FULLPC	run3	iid@10000	ttfx	1.255701667	1.255701667	0	0.0
FULLPC	run3	iid@10000	infer(I=10)	0.401925625	0.487121958	381507216	0.1400820490214896
FULLPC	run3	iid@10000	infer(I=20)	0.628633083	0.682119584	514322128	0.22761215429346185
FULLPC	run3	iid@10000	per-iteration	0.022670745799999996	0.01949976259999999	1.32814912e7	0.0
FULLPC	run3	iid@10000	setup (T(I) - I*per-iteration)	0.17521816700000004	NaN	248692304	0.0
v6	run3	iid@10000	load	1.989699125289917	1.989699125289917	0	0.0
v6	run3	iid@10000	ttfx	8.030579792	8.030579792	0	0.0
v6	run3	iid@10000	infer(I=10)	0.295336708	0.329131791	271946736	0.0
v6	run3	iid@10000	infer(I=20)	0.468511	0.495734417	343968048	0.15891274386927484
v6	run3	iid@10000	per-iteration	0.0173174292	0.016660262599999996	7.2021312e6	0.0
v6	run3	iid@10000	setup (T(I) - I*per-iteration)	0.122162416	NaN	199925424	0.0
A	run3	iid@10000	load	1.8556501865386963	1.8556501865386963	0	0.0
A	run3	iid@10000	ttfx	9.832766041	9.832766041	0	0.0
A	run3	iid@10000	infer(I=10)	0.880581084	0.951979459	602392528	0.11624412757937276
A	run3	iid@10000	infer(I=20)	1.328341459	1.490814584	885613840	0.15716440416832766
A	run3	iid@10000	per-iteration	0.0447760375	0.053883512499999994	2.83221312e7	0.0
A	run3	iid@10000	setup (T(I) - I*per-iteration)	0.432820709	NaN	319171216	0.0
P12	run3	iid@10000	load	1.8217341899871826	1.8217341899871826	0	0.0
P12	run3	iid@10000	ttfx	9.579463667	9.579463667	0	0.0
P12	run3	iid@10000	infer(I=10)	0.686480792	0.769092709	515983792	0.13937521152602683
P12	run3	iid@10000	infer(I=20)	0.971599	1.074598458	712797104	0.2022656713314855
P12	run3	iid@10000	per-iteration	0.028511820799999997	0.030550574900000006	1.96813312e7	0.0
P12	run3	iid@10000	setup (T(I) - I*per-iteration)	0.401362584	NaN	319170480	0.0
E4	run3	iid@100000	load	1.8299548625946045	1.8299548625946045	0	0.0
E4	run3	iid@100000	ttfx	18.954439583	18.954439583	0	0.0
E4	run3	iid@100000	infer(I=10)	7.426332125	8.103065834	4079041776	0.2311309683239
E4	run3	iid@100000	infer(I=20)	10.397344042	13.16502875	5407055088	0.29544155782006476
E4	run3	iid@100000	per-iteration	0.29710119170000004	0.5061962915999999	1.328013312e8	0.0
E4	run3	iid@100000	setup (T(I) - I*per-iteration)	4.455320208	NaN	2751028464	0.0
FULL	run3	iid@100000	load	2.2156851291656494	2.2156851291656494	0	0.0
FULL	run3	iid@100000	ttfx	18.00989775	18.00989775	0	0.0
FULL	run3	iid@100000	infer(I=10)	5.961245875	6.586201541	3814358544	0.24986211630627175
FULL	run3	iid@100000	infer(I=20)	8.926581209	10.638148167	5142370896	0.32001614551345064
FULL	run3	iid@100000	per-iteration	0.2965335334	0.40519466260000003	1.328012352e8	0.0
FULL	run3	iid@100000	setup (T(I) - I*per-iteration)	2.9959105410000006	NaN	2486346192	0.0
FULLPC	run3	iid@100000	load	2.5002729892730713	2.5002729892730713	0	0.0
FULLPC	run3	iid@100000	ttfx	9.529480291	9.529480291	0	0.0
FULLPC	run3	iid@100000	infer(I=10)	6.111094208	6.591043	3814361104	0.25830743577121756
FULLPC	run3	iid@100000	infer(I=20)	9.213821875	10.307055166	5142376016	0.3232618864887923
FULLPC	run3	iid@100000	per-iteration	0.3102727667000001	0.37160121659999995	1.328014912e8	0.0
FULLPC	run3	iid@100000	setup (T(I) - I*per-iteration)	3.008366540999999	NaN	2486346192	0.0
v6	run3	iid@100000	load	2.415776014328003	2.415776014328003	0	0.0
v6	run3	iid@100000	ttfx	14.675878334	14.675878334	0	0.0
v6	run3	iid@100000	infer(I=10)	5.358838334	5.9722165	2719195264	0.1842933858811046
v6	run3	iid@100000	infer(I=20)	7.80487825	9.0124195	3437643712	0.1961604114189314
v6	run3	iid@100000	per-iteration	0.24460399160000001	0.3040203	7.18448448e7	0.0
v6	run3	iid@100000	setup (T(I) - I*per-iteration)	2.9127984179999995	NaN	2000746816	0.0
A	run3	iid@100000	load	2.2352960109710693	2.2352960109710693	0	0.0
A	run3	iid@100000	ttfx	22.818775541	22.818775541	0	0.0
A	run3	iid@100000	infer(I=10)	11.908536875	13.494881333	6021458032	0.19702103593147616
A	run3	iid@100000	infer(I=20)	19.389829292	21.583859458	8853479344	0.28746816803748715
A	run3	iid@100000	per-iteration	0.7481292417000003	0.8088978124999999	2.832021312e8	0.0
A	run3	iid@100000	setup (T(I) - I*per-iteration)	4.427244457999996	NaN	3189436720	0.0
P12	run3	iid@100000	load	2.2599849700927734	2.2599849700927734	0	0.0
P12	run3	iid@100000	ttfx	21.299995	21.299995	0	0.0
P12	run3	iid@100000	infer(I=10)	8.970892042	9.861526292	5157449296	0.18130467364019695
P12	run3	iid@100000	infer(I=20)	14.037366	15.85228875	7125462608	0.2916361787121527
P12	run3	iid@100000	per-iteration	0.5066473958000002	0.5990762457999999	1.968013312e8	0.0
P12	run3	iid@100000	setup (T(I) - I*per-iteration)	3.904418083999998	NaN	3189435984	0.0
E4	run3	betabern@50000	load	2.262086868286133	2.262086868286133	0	0.0
E4	run3	betabern@50000	ttfx	9.968561833	9.968561833	0	0.0
E4	run3	betabern@50000	infer(I=1)	1.21099725	1.491013166	947439520	0.1656032080045606
FULL	run3	betabern@50000	load	1.890308141708374	1.890308141708374	0	0.0
FULL	run3	betabern@50000	ttfx	9.635264417	9.635264417	0	0.0
FULL	run3	betabern@50000	infer(I=1)	1.175131375	1.248188	886235264	0.0
FULLPC	run3	betabern@50000	load	2.2003839015960693	2.2003839015960693	0	0.0
FULLPC	run3	betabern@50000	ttfx	2.026494375	2.026494375	0	0.0
FULLPC	run3	betabern@50000	infer(I=1)	1.112045958	1.401274125	886235392	0.19904001652781533
v6	run3	betabern@50000	load	2.067544937133789	2.067544937133789	0	0.0
v6	run3	betabern@50000	ttfx	8.367516792	8.367516792	0	0.0
v6	run3	betabern@50000	infer(I=1)	0.898279541	0.947377958	718824448	0.0
A	run3	betabern@50000	load	1.8898630142211914	1.8898630142211914	0	0.0
A	run3	betabern@50000	ttfx	10.157930208	10.157930208	0	0.0
A	run3	betabern@50000	infer(I=1)	1.777050792	1.927860292	1111443984	0.11133898078128993
P12	run3	betabern@50000	load	1.8923988342285156	1.8923988342285156	0	0.0
P12	run3	betabern@50000	ttfx	10.307386	10.307386	0	0.0
P12	run3	betabern@50000	infer(I=1)	1.744107125	1.998708291	1099443280	0.12260756164542272
